Fecha_Publicacion,total_count,economía_count,empleo_count,salud_count,tecnología_count,empleo_sum,economía_sum,tecnología_sum,salud_sum,publica
1995-01-02,2,0.0,2.0,0.0,0.0,1.997897982597351,5.418213186203502e-05,0.05614590039658647,3.0696814974362496e-05,2
1995-01-03,1,0.0,1.0,0.0,0.0,0.9715206623077391,2.481236697349232e-05,2.348033740418032e-05,0.0080558527261018,1
1995-01-04,4,0.0,4.0,0.0,0.0,2.857652558479458,0.0016166445639099424,0.00017037984252965543,8.257665922428714e-05,4
1995-01-05,0,,,,,0.0,0.0,0.0,0.0,0
1995-01-06,0,,,,,0.0,0.0,0.0,0.0,0
1995-01-07,3,0.0,3.0,0.0,0.0,1.1301295772282174,0.000976717281446296,0.00010094885510625318,5.4975744205876254e-05,3
1995-01-08,0,,,,,0.0,0.0,0.0,0.0,0
1995-01-09,0,,,,,0.0,0.0,0.0,0.0,0
1995-01-10,1,0.0,0.0,0.0,1.0,1.5942305253702216e-05,1.572488690726459e-05,0.0002882810367736,4.360629100119695e-05,1
1995-01-11,0,,,,,0.0,0.0,0.0,0.0,0
1995-01-12,2,0.0,0.0,0.0,2.0,0.00015339166202465486,4.0601295040687546e-05,0.0010608576703815,9.75458933680784e-05,2
1995-01-13,1,0.0,1.0,0.0,0.0,0.0011841886444017,3.120464680250734e-05,2.439346098981332e-05,2.002572546189185e-05,1
1995-01-14,1,0.0,1.0,0.0,0.0,0.8661566972732544,2.971220419567544e-05,3.173126970068552e-05,1.804991006792989e-05,1
1995-01-15,0,,,,,0.0,0.0,0.0,0.0,0
1995-01-16,4,0.0,4.0,0.0,0.0,3.9751564860343933,0.0019001354521605807,0.00015613367031619418,7.503590859414544e-05,4
1995-01-17,2,0.0,2.0,0.0,0.0,1.990497648715973,5.0513890528236516e-05,4.814981184608769e-05,3.042548541998258e-05,2
1995-01-18,45,1.0,21.0,2.0,21.0,14.372186050481103,1.0108473816680996,14.932829859950289,0.15548253793713215,45
1995-01-19,4,0.0,4.0,0.0,0.0,2.938736453652382,0.00019886859081452712,0.0001253127738891635,8.417042045039125e-05,4
1995-01-20,13,0.0,10.0,0.0,3.0,8.849112254829379,0.9906565545261399,0.9508401196017076,0.00034128139486702284,13
1995-01-21,3,0.0,2.0,0.0,1.0,1.111273081973195,0.0011027211639884297,0.9777660301915603,5.425524796009995e-05,3
1995-01-22,0,,,,,0.0,0.0,0.0,0.0,0
1995-01-23,6,0.0,1.0,0.0,5.0,0.04428941779042346,0.0003670664518722216,2.0341794190462674,8.18878997961292e-05,6
1995-01-24,4,0.0,3.0,0.0,1.0,1.747852496569976,0.0001865033245848857,0.9920961011666803,0.00013754003521171398,4
1995-01-25,0,,,,,0.0,0.0,0.0,0.0,0
1995-01-26,0,,,,,0.0,0.0,0.0,0.0,0
1995-01-27,5,0.0,5.0,0.0,0.0,4.859251916408539,0.00653311997848503,0.11824050029463243,0.00022869857730252905,5
1995-01-28,0,,,,,0.0,0.0,0.0,0.0,0
1995-01-29,0,,,,,0.0,0.0,0.0,0.0,0
1995-01-30,3,0.0,2.0,0.0,1.0,1.984496966819279,6.985722757235635e-05,0.0017745562909112626,0.00042033354293376945,3
1995-01-31,4,0.0,3.0,0.0,1.0,2.106221104342694,0.00013149063852324616,9.799568033486139e-05,6.779950126656331e-05,3
1995-02-01,3,0.0,2.0,0.0,1.0,1.9945152273139684,5.690581019734964e-05,0.4084008644276763,4.3216790800215676e-05,3
1995-02-02,8,0.0,8.0,0.0,0.0,5.904958760831505,0.00017437855422031134,0.6440441830436611,0.00012778313157468801,8
1995-02-03,11,1.0,10.0,0.0,0.0,9.589096922427416,1.0151251762181344,1.1183045626403325,0.0027309514589432204,11
1995-02-04,0,,,,,0.0,0.0,0.0,0.0,0
1995-02-05,0,,,,,0.0,0.0,0.0,0.0,0
1995-02-06,1,0.0,0.0,0.0,1.0,0.0002750078565441,1.6944344679359347e-05,0.0013244935544207,1.4150523384159897e-05,1
1995-02-07,5,0.0,3.0,0.0,2.0,1.98882573161427,9.727485485200305e-05,0.07733044161977884,0.00013504336038749898,5
1995-02-08,5,0.0,3.0,0.0,2.0,2.043100237577164,0.0034805957911883947,0.9852554271674305,8.734127186471596e-05,5
1995-02-09,3,0.0,3.0,0.0,0.0,2.9747022390365605,0.00010476716488483362,0.010744085464466459,5.476627666212153e-05,3
1995-02-10,2,0.0,2.0,0.0,0.0,0.2796433464973233,0.0013358516807784255,0.00025187677601928274,3.8507432691403665e-05,2
1995-02-11,0,,,,,0.0,0.0,0.0,0.0,0
1995-02-12,0,,,,,0.0,0.0,0.0,0.0,0
1995-02-13,0,,,,,0.0,0.0,0.0,0.0,0
1995-02-14,11,2.0,1.0,0.0,8.0,0.010760568697150951,0.9646381332049713,0.0064418255133199594,0.00026017802338167866,11
1995-02-15,1,0.0,1.0,0.0,0.0,0.9765734672546388,2.369416324654594e-05,5.853184848092496e-05,1.545754639664665e-05,1
1995-02-16,4,0.0,4.0,0.0,0.0,3.976715922355652,7.977218865562463e-05,0.0002787811881716871,0.019999931803795244,4
1995-02-17,5,0.0,5.0,0.0,0.0,4.90822297334671,0.0011270129652983236,0.6503514046416967,7.930498213681858e-05,5
1995-02-18,0,,,,,0.0,0.0,0.0,0.0,0
1995-02-19,0,,,,,0.0,0.0,0.0,0.0,0
1995-02-20,2,0.0,2.0,0.0,0.0,1.8902496695518491,6.287188080023044e-05,7.882865975261666e-05,3.320517498650588e-05,2
1995-02-21,16,0.0,14.0,0.0,2.0,12.957502055774967,0.0005683206809407606,0.9239702819086232,0.9553073044144185,16
1995-02-22,1,0.0,1.0,0.0,0.0,0.9851935505867004,0.0030598549637943,9.285943087888882e-05,2.3640906874788925e-05,1
1995-02-23,9,0.0,9.0,0.0,0.0,6.831576452590525,0.018699145992286274,0.12503432507583026,0.00015871652431087568,9
1995-02-24,3,0.0,3.0,0.0,0.0,2.997057795524597,0.00024537105582561717,8.07392616479774e-05,9.0008734332514e-05,3
1995-02-25,1,0.0,1.0,0.0,0.0,0.9969791173934937,2.8619306249311197e-05,6.144271173980087e-05,1.371933649352286e-05,1
1995-02-26,0,,,,,0.0,0.0,0.0,0.0,0
1995-02-27,0,,,,,0.0,0.0,0.0,0.0,0
1995-02-28,2,0.0,2.0,0.0,0.0,1.9734666943550108,0.053751316576381124,0.0006190636959217036,0.0001105821038436261,2
1995-03-01,4,0.0,4.0,0.0,0.0,2.035843975841999,0.0005142934696777088,0.00031374768150263185,0.008337970160937382,4
1995-03-02,7,0.0,5.0,0.0,2.0,3.6474769037886285,0.0014565751962435666,2.1447505899341195,0.00010913166534010088,7
1995-03-03,3,0.0,2.0,0.0,1.0,1.9897973137849474,0.00019968789092666847,0.023593543053721036,4.623269342118874e-05,3
1995-03-04,1,0.0,1.0,0.0,0.0,0.999557614326477,1.67944253917085e-05,2.1200468836468644e-05,1.2925516784889624e-05,1
1995-03-05,0,,,,,0.0,0.0,0.0,0.0,0
1995-03-06,1,0.0,1.0,0.0,0.0,0.0404877364635467,1.7044203559635207e-05,0.0010635713115334,1.2684078683378177e-05,1
1995-03-07,0,,,,,0.0,0.0,0.0,0.0,0
1995-03-08,2,0.0,2.0,0.0,0.0,1.9920141696929932,9.904642229230376e-05,0.00010238055074296426,0.8996620629422978,2
1995-03-09,1,0.0,1.0,0.0,0.0,0.9894475936889648,2.4862023565219715e-05,3.369311161804944e-05,1.6809246517368592e-05,1
1995-03-10,4,0.0,4.0,0.0,0.0,2.984382995404303,0.00014171579459798522,0.9694650959054344,7.132199880288681e-05,4
1995-03-11,3,0.0,3.0,0.0,0.0,1.0565833560249303,9.132037666859105e-05,0.00010354626647313125,5.095421875012107e-05,3
1995-03-12,0,,,,,0.0,0.0,0.0,0.0,0
1995-03-13,2,0.0,2.0,0.0,0.0,1.926705181598663,6.339466744975653e-05,0.01760510757594595,3.723638837982435e-05,2
1995-03-14,0,,,,,0.0,0.0,0.0,0.0,0
1995-03-15,10,1.0,8.0,0.0,1.0,6.66856809167075,1.007532767522207,1.0199341414554508,0.00015025533230073052,10
1995-03-16,5,0.0,5.0,0.0,0.0,4.034820608794689,0.00014687642396893352,0.0005100562666484064,0.00027538581434780263,5
1995-03-17,3,0.0,3.0,0.0,0.0,2.8912277817726135,0.00010903977818088606,9.718582259665709e-05,5.149586831976194e-05,3
1995-03-18,1,0.0,1.0,0.0,0.0,0.9901172518730164,2.1916193873039447e-05,2.7237812901148573e-05,1.6378298823838122e-05,1
1995-03-19,0,,,,,0.0,0.0,0.0,0.0,0
1995-03-20,2,0.0,1.0,0.0,1.0,0.9961928323373286,3.483907312329393e-05,0.10771140508586532,2.8067852326785214e-05,2
1995-03-21,3,0.0,2.0,0.0,1.0,1.0303246561998092,5.646709178108722e-05,0.0886230100459215,4.29945239375229e-05,3
1995-03-22,0,,,,,0.0,0.0,0.0,0.0,0
1995-03-23,4,0.0,4.0,0.0,0.0,3.0121956169605255,0.003826229887636089,0.000258183130426894,7.800790172041161e-05,4
1995-03-24,6,1.0,5.0,0.0,0.0,4.032330744114006,0.9842264057506327,0.931339895536439,0.9242602343510952,6
1995-03-25,2,0.0,2.0,0.0,0.0,1.9956675171852112,5.9176283684792e-05,8.548068217351101e-05,2.7825562028738204e-05,2
1995-03-26,0,,,,,0.0,0.0,0.0,0.0,0
1995-03-27,0,,,,,0.0,0.0,0.0,0.0,0
1995-03-28,4,0.0,3.0,0.0,1.0,2.2863372504798463,0.00013198976375861093,0.9448231232072429,6.105310239945538e-05,4
1995-03-29,11,1.0,9.0,1.0,0.0,7.9032321310914995,0.9874149629104068,0.0003186940448358655,0.0954208990569894,11
1995-03-30,4,0.0,2.0,0.0,2.0,1.032755756210463,0.00013601705541077536,0.2500363011859008,6.376486089720856e-05,4
1995-03-31,1,0.0,1.0,0.0,0.0,0.9162358641624452,2.957795913971495e-05,3.045410994673148e-05,1.7248614312848076e-05,1
1995-04-01,3,0.0,3.0,0.0,0.0,2.946990489959717,0.00011243016706430353,0.00010795685557241086,5.2729479648405686e-05,3
1995-04-02,0,,,,,0.0,0.0,0.0,0.0,0
1995-04-03,4,0.0,3.0,0.0,1.0,1.9175956437193236,8.305488336191047e-05,0.00012215283641126007,5.774611054221168e-05,4
1995-04-04,5,0.0,4.0,1.0,0.0,3.3396742924815044,0.013425615808955568,0.002898306953284132,0.007581277362987658,5
1995-04-05,2,0.0,2.0,0.0,0.0,0.8720483165234327,2.9717157303821295e-05,4.6135386583046056e-05,0.0008561553113395078,2
1995-04-06,6,1.0,5.0,0.0,0.0,5.781281769275665,0.9815607523332799,0.0002404612096142955,0.0031293653510146816,6
1995-04-07,4,1.0,3.0,0.0,0.0,3.6155998706817627,0.9596401185626746,0.0012245362522661383,0.000109994731246843,4
1995-04-08,4,0.0,4.0,0.0,0.0,0.9176737197267357,0.00011093393004557583,0.00012133691598137375,7.012655987637118e-05,4
1995-04-09,0,,,,,0.0,0.0,0.0,0.0,0
1995-04-10,2,0.0,2.0,0.0,0.0,0.9505140658584421,9.306708670919761e-05,8.535851156921126e-05,4.339487168181222e-05,2
1995-04-11,0,,,,,0.0,0.0,0.0,0.0,0
1995-04-12,1,0.0,1.0,0.0,0.0,0.9995931386947632,0.992429792881012,2.285972732352093e-05,1.3805459275317844e-05,1
1995-04-13,2,0.0,2.0,0.0,0.0,1.9865323305130005,3.7279709431459196e-05,4.6374223529710434e-05,0.9594400478090392,2
1995-04-14,1,0.0,1.0,0.0,0.0,0.0181897766888141,2.0397486878209747e-05,2.6551901100901887e-05,1.5073745998961384e-05,1
1995-04-15,1,0.0,1.0,0.0,0.0,0.9993138313293456,1.713584606477525e-05,2.9998440368217416e-05,0.8293611407279968,1
1995-04-16,0,,,,,0.0,0.0,0.0,0.0,0
1995-04-17,5,0.0,4.0,0.0,1.0,3.9821246657520533,0.0001348688074358506,0.01196930489459184,7.64564583732863e-05,5
1995-04-18,9,0.0,6.0,0.0,3.0,2.0170877571017627,0.9735529666850199,0.24626136721235506,0.9798767435613626,9
1995-04-19,1,0.0,0.0,0.0,1.0,0.0068523488007485,0.0001862230856204,0.8866784572601318,1.650107151363045e-05,1
1995-04-20,1,0.0,1.0,0.0,0.0,0.003880696138367,2.684042374312412e-05,0.0036994665861129,0.0001419146719854,1
1995-04-21,0,,,,,0.0,0.0,0.0,0.0,0
1995-04-22,2,0.0,2.0,0.0,0.0,1.014836573973298,5.036016409576405e-05,5.6022527132881805e-05,3.123910937574692e-05,2
1995-04-23,0,,,,,0.0,0.0,0.0,0.0,0
1995-04-24,15,2.0,11.0,1.0,1.0,6.22639209722638,2.8889844221230305,0.0011968046737819548,0.8361849001976225,15
1995-04-25,0,,,,,0.0,0.0,0.0,0.0,0
1995-04-26,2,0.0,0.0,0.0,2.0,0.00046363325418493896,3.338635906402487e-05,0.1233814023435115,2.84284769804799e-05,2
1995-04-27,13,0.0,13.0,0.0,0.0,6.726087671908316,0.00611793758889677,0.012237970813657524,0.0009712390228741052,13
1995-04-28,3,0.0,3.0,0.0,0.0,1.18843348196242,7.687695324420929e-05,7.335561258514646e-05,4.2662693886086345e-05,3
1995-04-29,0,,,,,0.0,0.0,0.0,0.0,0
1995-04-30,0,,,,,0.0,0.0,0.0,0.0,0
1995-05-01,1,0.0,1.0,0.0,0.0,0.9992452263832092,1.541126948723104e-05,1.813733979361132e-05,0.9683012962341307,1
1995-05-02,2,0.0,2.0,0.0,0.0,1.9138351082801819,0.008293103552205139,4.6194933020160533e-05,3.099346849921858e-05,2
1995-05-03,0,,,,,0.0,0.0,0.0,0.0,0
1995-05-04,6,0.0,6.0,0.0,0.0,4.9295088885119185,0.00012652993336814689,0.9431753394164845,0.8409638998346054,6
1995-05-05,6,0.0,2.0,0.0,4.0,1.017112768775405,0.0009246635927409894,0.25249288584382135,0.00011515118239913136,6
1995-05-06,0,,,,,0.0,0.0,0.0,0.0,0
1995-05-07,0,,,,,0.0,0.0,0.0,0.0,0
1995-05-08,1,1.0,0.0,0.0,0.0,0.0042793634347617,0.0229293666779994,5.881442848476581e-05,1.4523388927045744e-05,1
1995-05-09,14,0.0,13.0,0.0,1.0,10.143544281640061,0.0029232821816548523,0.8448815573647153,0.00021955733063805383,14
1995-05-10,1,0.0,1.0,0.0,0.0,0.986046314239502,0.0014274318236857,7.820326572982594e-05,2.624492299219128e-05,1
1995-05-11,0,,,,,0.0,0.0,0.0,0.0,0
1995-05-12,1,0.0,1.0,0.0,0.0,0.9991813898086548,4.002779314760119e-05,4.80529670312535e-05,1.6830563254188746e-05,1
1995-05-13,1,0.0,0.0,0.0,1.0,0.0123496167361736,0.0015946985222399,0.0280525926500558,1.690114186203573e-05,1
1995-05-14,0,,,,,0.0,0.0,0.0,0.0,0
1995-05-15,0,,,,,0.0,0.0,0.0,0.0,0
1995-05-16,0,,,,,0.0,0.0,0.0,0.0,0
1995-05-17,9,2.0,7.0,0.0,0.0,7.659476816654205,1.9416930516454156,0.0018853852234314286,0.0012686061972998841,9
1995-05-18,3,0.0,3.0,0.0,0.0,1.7480339487665333,0.0004840191832044377,0.00019326103574706302,4.8157567107409704e-05,3
1995-05-19,5,0.0,5.0,0.0,0.0,2.884101422227104,0.00014527750317938626,0.008839862653985614,9.45045285334345e-05,5
1995-05-20,4,1.0,2.0,0.0,1.0,1.091560840326565,0.03040811035953078,1.8803729944356746,6.662496525677852e-05,4
1995-05-21,0,,,,,0.0,0.0,0.0,0.0,0
1995-05-22,5,1.0,4.0,0.0,0.0,4.30547958612442,0.9543012269623432,0.00020170256357232574,0.010642018927683043,5
1995-05-23,2,0.0,2.0,0.0,0.0,1.9920981526374817,0.983241872997496,3.320383711979957e-05,2.8075532100046985e-05,2
1995-05-24,25,0.0,15.0,2.0,8.0,3.0590438990866455,0.007350405145189062,5.615615574811272,0.137325451862125,25
1995-05-25,2,0.0,1.0,0.0,1.0,0.9998327426146715,0.0006529490401589097,0.020082542741874924,3.452372948231641e-05,2
1995-05-26,6,1.0,5.0,0.0,0.0,2.1021675548654457,0.9599251318786627,0.00018056306907965336,0.00011794421516242437,6
1995-05-27,7,2.0,5.0,0.0,0.0,5.0864661175291985,1.881789998804379,0.0011138560184916504,0.007848867198845188,7
1995-05-28,0,,,,,0.0,0.0,0.0,0.0,0
1995-05-29,1,0.0,1.0,0.0,0.0,0.9987075328826904,2.909363502112683e-05,2.0393181330291554e-05,1.4124596418696456e-05,1
1995-05-30,3,0.0,3.0,0.0,0.0,2.047734249383211,6.402771032298915e-05,0.0006451920708058852,4.1079771108343266e-05,3
1995-05-31,3,0.0,3.0,0.0,0.0,1.8351860355469398,7.567757893411908e-05,7.97124084783718e-05,4.9686816964822356e-05,3
1995-06-01,0,,,,,0.0,0.0,0.0,0.0,0
1995-06-02,3,0.0,2.0,0.0,1.0,1.0891805332976219,7.368299520749133e-05,0.00026800876003101656,0.0001637731857044855,3
1995-06-03,1,0.0,1.0,0.0,0.0,0.0005700393230654,2.5145451218122616e-05,2.3878343199612573e-05,1.654861625866033e-05,1
1995-06-04,0,,,,,0.0,0.0,0.0,0.0,0
1995-06-05,1,0.0,1.0,0.0,0.0,0.9646506309509276,2.6122444978682324e-05,2.3852264348533936e-05,0.0092527586966753,1
1995-06-06,1,0.0,1.0,0.0,0.0,0.0178746897727251,0.0003367973840795,0.0009680116781964,4.191885454929434e-05,1
1995-06-07,5,2.0,3.0,0.0,0.0,2.801934781484306,1.951449311058241,0.0009338502277386791,0.009218415953000594,5
1995-06-08,4,0.0,4.0,0.0,0.0,3.9227545857429504,0.00016115074868139345,0.00016964110545814037,6.612366632907651e-05,4
1995-06-09,7,1.0,5.0,0.0,1.0,4.995096179212851,0.04370676168400671,0.0019018116017831353,0.00014421463220060105,7
1995-06-10,12,0.0,11.0,0.0,1.0,6.072794281906681,0.9570199785284783,1.1256014324972055,0.9014216227424184,12
1995-06-11,0,,,,,0.0,0.0,0.0,0.0,0
1995-06-12,1,1.0,0.0,0.0,0.0,0.0002536254178266,0.923791527748108,2.3857599444454536e-05,2.3269485609489493e-05,1
1995-06-13,1,0.0,1.0,0.0,0.0,0.993957817554474,3.062280302401632e-05,3.063292751903646e-05,1.784001688065473e-05,1
1995-06-14,4,0.0,4.0,0.0,0.0,3.0186063945293427,7.716950312897097e-05,0.0015257253962771195,0.00014652119989477796,3
1995-06-15,2,0.0,1.0,0.0,1.0,0.9989335197024048,6.188732186274137e-05,0.00206234193865383,3.254529565310804e-05,2
1995-06-16,10,0.0,10.0,0.0,0.0,5.922059810720383,0.9843032560092979,0.013346311146960443,0.00017741044484864688,10
1995-06-17,3,0.0,2.0,0.0,1.0,0.1126894891494884,9.169571967504453e-05,0.08782611584501854,8.46336242830148e-05,3
1995-06-18,0,,,,,0.0,0.0,0.0,0.0,0
1995-06-19,4,0.0,0.0,0.0,4.0,0.0007457546453222,9.366762060381006e-05,0.0118245573248713,5.6160654821724165e-05,4
1995-06-20,0,,,,,0.0,0.0,0.0,0.0,0
1995-06-21,1,0.0,1.0,0.0,0.0,0.9988498091697692,1.5171091035881544e-05,2.3867987692938183e-05,6.434242823161185e-05,1
1995-06-22,7,0.0,4.0,1.0,2.0,0.006674388956525617,0.00026404389882372925,0.0007800851308274303,0.025577446297574996,7
1995-06-23,6,0.0,4.0,0.0,2.0,3.8682123631042487,0.00018249970071337884,0.01644953258983137,0.0043659495640895035,6
1995-06-24,6,0.0,5.0,0.0,1.0,4.868488851107031,0.0004422127840370688,0.006058890614440219,0.8189489467285965,6
1995-06-25,0,,,,,0.0,0.0,0.0,0.0,0
1995-06-26,4,1.0,3.0,0.0,0.0,3.8434864282608032,0.9789280213217352,0.943732700376131,0.00021107622796986316,4
1995-06-27,3,1.0,2.0,0.0,0.0,1.99407673755195,0.032071154220830046,0.0027015345058316164,4.9918098738999106e-05,3
1995-06-28,0,,,,,0.0,0.0,0.0,0.0,0
1995-06-29,3,0.0,1.0,1.0,1.0,9.819977458391804e-05,6.989452413108665e-05,0.00015059685210871976,0.012652455505303762,3
1995-06-30,1,0.0,1.0,0.0,0.0,0.936352550983429,2.461748044879641e-05,4.058315607835539e-05,1.558670737722423e-05,1
1995-07-01,7,0.0,7.0,0.0,0.0,4.870624133072852,0.9808597833298334,0.0009967939331544358,0.0008706716589584506,7
1995-07-02,0,,,,,0.0,0.0,0.0,0.0,0
1995-07-03,0,,,,,0.0,0.0,0.0,0.0,0
1995-07-04,5,0.0,4.0,1.0,0.0,2.9967692348291166,0.00011205366081412649,0.000965180286584647,0.049322023905915405,5
1995-07-05,1,0.0,1.0,0.0,0.0,0.9930927753448486,0.0115775149315595,3.491204552119598e-05,1.648389661568217e-05,1
1995-07-06,4,0.0,4.0,0.0,0.0,3.4162856936454773,0.0006141365374787368,0.0006906964463268139,6.848071188869653e-05,4
1995-07-07,6,0.0,6.0,0.0,0.0,0.009817477315663799,0.00030670108390040696,0.0005399837245931849,0.0001537523276056163,6
1995-07-08,7,0.0,7.0,0.0,0.0,6.7830531001091,0.0001538774977234425,0.00023030314332572743,0.00010831285180756822,7
1995-07-09,0,,,,,0.0,0.0,0.0,0.0,0
1995-07-10,1,0.0,1.0,0.0,0.0,0.9901845455169678,2.1828574972460046e-05,0.00019624295237,1.5683985111536458e-05,1
1995-07-11,10,0.0,9.0,0.0,1.0,6.834406843028773,0.0001795576235963381,3.0955278915989766,0.0001417590337950969,10
1995-07-12,0,,,,,0.0,0.0,0.0,0.0,0
1995-07-13,1,0.0,0.0,0.0,1.0,1.5775383872096427e-05,2.052326271950733e-05,4.310185977374204e-05,1.3484755072568078e-05,1
1995-07-14,7,0.0,7.0,0.0,0.0,5.378853473928757,0.0001699297754385043,0.0011497776158647048,0.0006090250735722796,7
1995-07-15,2,0.0,1.0,0.0,1.0,0.9991329618587769,5.917377711739391e-05,9.070139822142664e-05,3.1773539376445115e-05,2
1995-07-16,0,,,,,0.0,0.0,0.0,0.0,0
1995-07-17,1,0.0,1.0,0.0,0.0,0.0519007481634616,0.0271787866950035,6.90617089276202e-05,1.431583586963825e-05,1
1995-07-18,0,,,,,0.0,0.0,0.0,0.0,0
1995-07-19,3,0.0,2.0,1.0,0.0,1.9617852096562274,5.5192919717228506e-05,0.00026997077839040044,0.008564212036617311,3
1995-07-20,1,0.0,1.0,0.0,0.0,0.9975391626358032,4.312233431846835e-05,0.0014268624363467,1.377605258312542e-05,1
1995-07-21,0,,,,,0.0,0.0,0.0,0.0,0
1995-07-22,2,0.0,2.0,0.0,0.0,1.9234070181846619,0.014887028839439102,0.0565911699086427,3.636821384134237e-05,2
1995-07-23,0,,,,,0.0,0.0,0.0,0.0,0
1995-07-24,1,0.0,1.0,0.0,0.0,0.999306857585907,0.0025410784874111,6.641440268140286e-05,1.9660697944345884e-05,1
1995-07-25,6,0.0,6.0,0.0,0.0,5.617471933364868,0.9764853613014564,0.010530964993449625,0.006044821523573748,6
1995-07-26,0,,,,,0.0,0.0,0.0,0.0,0
1995-07-27,8,0.0,6.0,0.0,2.0,4.935688234210829,0.01864254622432768,1.0048288047337337,0.0005619154098894562,8
1995-07-28,4,0.0,4.0,0.0,0.0,2.058193855918944,0.0006136456449893763,0.0132721999689236,6.342398955894168e-05,4
1995-07-29,13,1.0,11.0,0.0,1.0,6.963555932044983,0.9733834801936608,0.0013508262218236223,0.0014052313381397975,13
1995-07-30,0,,,,,0.0,0.0,0.0,0.0,0
1995-07-31,1,0.0,0.0,0.0,1.0,0.4801561534404754,3.888026549248025e-05,0.7942599654197693,1.7209984434884973e-05,1
1995-08-01,1,0.0,0.0,0.0,1.0,0.0002284253569087,2.504125950508751e-05,0.0071804993785917,1.4718460988660809e-05,1
1995-08-02,2,0.0,2.0,0.0,0.0,1.9159176349639893,3.7902314033999573e-05,0.0002363741659791342,2.845249400706962e-05,2
1995-08-03,1,0.0,1.0,0.0,0.0,0.0208686552941799,0.0006744747515767,0.0002154856483684,2.4586746803834103e-05,1
1995-08-04,4,0.0,4.0,0.0,0.0,2.9844486694782972,7.863529208407272e-05,0.0027802089789473886,5.415393206931185e-05,4
1995-08-05,1,0.0,1.0,0.0,0.0,0.998388171195984,2.6544888896751218e-05,2.642604886204936e-05,1.714000609354116e-05,1
1995-08-06,0,,,,,0.0,0.0,0.0,0.0,0
1995-08-07,5,0.0,5.0,0.0,0.0,4.941603004932404,0.9820168166197618,0.00048543613593200535,0.020814583445826422,5
1995-08-08,1,0.0,1.0,0.0,0.0,0.9837472438812256,2.1040794308646585e-05,0.0002305233501829,2.7232426873524677e-05,1
1995-08-09,2,1.0,0.0,0.0,1.0,0.1973647773265838,0.9568929251472583,0.5679804600931675,2.8081943128199782e-05,2
1995-08-10,2,0.0,2.0,0.0,0.0,0.9997096202569081,3.4811409932444803e-05,0.0002554292441345478,2.9419326892821118e-05,2
1995-08-11,3,0.0,3.0,0.0,0.0,2.8437758088111877,7.746748815407045e-05,0.00010323247988708317,5.1602044550236315e-05,3
1995-08-12,21,2.0,16.0,0.0,3.0,14.980763738929454,0.0134717694427308,2.995956672586544,0.00037175694797042524,21
1995-08-13,0,,,,,0.0,0.0,0.0,0.0,0
1995-08-14,3,0.0,2.0,0.0,1.0,1.9615023732130794,7.146052757889265e-05,0.034743053951387964,0.00010905659837590065,3
1995-08-15,10,0.0,10.0,0.0,0.0,6.3395890091051115,0.00026641719432518585,0.04580613359212282,0.015907317633718773,10
1995-08-16,1,0.0,1.0,0.0,0.0,0.9940310716629028,2.5813809770625085e-05,2.0882394892396405e-05,2.1973553884890865e-05,1
1995-08-17,8,1.0,6.0,0.0,1.0,5.021371925948188,0.959016832773159,1.8448132269531923,0.0001288914409087738,8
1995-08-18,4,0.0,4.0,0.0,0.0,3.985641062259674,8.400296883337433e-05,0.00976977013488067,5.95047513343161e-05,4
1995-08-19,0,,,,,0.0,0.0,0.0,0.0,0
1995-08-20,0,,,,,0.0,0.0,0.0,0.0,0
1995-08-21,0,,,,,0.0,0.0,0.0,0.0,0
1995-08-22,2,0.0,2.0,0.0,0.0,1.8955061435699463,5.167805647943169e-05,5.204709304962307e-05,3.215805554646067e-05,2
1995-08-23,1,0.0,1.0,0.0,0.0,0.998995304107666,0.0053478786721825,0.0001380980975227,3.080524038523436e-05,1
1995-08-24,1,0.0,1.0,0.0,0.0,0.4087480306625366,0.0001023954027914,0.2634246051311493,1.7253219994017854e-05,1
1995-08-25,3,0.0,2.0,1.0,0.0,1.003032808424905,0.00012405971574480645,7.580812780361157e-05,0.008020591109016083,3
1995-08-26,5,0.0,5.0,0.0,0.0,4.992233157157898,7.328734227485256e-05,0.00012156386219430715,0.4225677812255525,5
1995-08-27,0,,,,,0.0,0.0,0.0,0.0,0
1995-08-28,1,0.0,1.0,0.0,0.0,0.995115339756012,0.354769617319107,6.321478576865047e-05,2.427464642096311e-05,1
1995-08-29,0,,,,,0.0,0.0,0.0,0.0,0
1995-08-30,1,0.0,1.0,0.0,0.0,0.9985621571540833,2.606993257359136e-05,3.014260801137425e-05,1.587120641488582e-05,1
1995-08-31,1,0.0,1.0,0.0,0.0,0.9989048838615416,7.434703729813918e-05,4.438943142304197e-05,2.047265479632188e-05,1
1995-09-01,9,0.0,6.0,0.0,3.0,3.9971840298348975,0.0002699907090573106,1.8489376636516681,0.00015379017258965177,9
1995-09-02,0,,,,,0.0,0.0,0.0,0.0,0
1995-09-03,0,,,,,0.0,0.0,0.0,0.0,0
1995-09-04,0,,,,,0.0,0.0,0.0,0.0,0
1995-09-05,1,1.0,0.0,0.0,0.0,0.0006115264841355,0.0138135664165019,0.0096455970779061,1.3154045518604107e-05,1
1995-09-06,0,,,,,0.0,0.0,0.0,0.0,0
1995-09-07,2,0.0,1.0,0.0,1.0,0.9198271076747914,0.00017712114458838296,0.9497535564078134,2.8888041924801655e-05,2
1995-09-08,1,0.0,0.0,0.0,1.0,4.450003325473517e-05,3.590207415982149e-05,5.414762199507095e-05,2.0531299014692195e-05,1
1995-09-09,5,0.0,5.0,0.0,0.0,4.931161940097809,0.0001128790663642576,0.00035532065339784257,8.501902993884869e-05,5
1995-09-10,0,,,,,0.0,0.0,0.0,0.0,0
1995-09-11,0,,,,,0.0,0.0,0.0,0.0,0
1995-09-12,2,0.0,2.0,0.0,0.0,0.9855255494476295,4.7083047320484184e-05,7.610913962707855e-05,3.42565563187236e-05,2
1995-09-13,5,0.0,2.0,0.0,3.0,2.0614142613485456,0.05002978828997568,1.6373174991967971,8.366101610590704e-05,5
1995-09-14,7,0.0,7.0,0.0,0.0,5.9875183964613825,0.00016720983876439277,0.0047951033047861,0.00033675800023043236,7
1995-09-15,0,,,,,0.0,0.0,0.0,0.0,0
1995-09-16,1,0.0,1.0,0.0,0.0,0.9839035272598268,2.309899718966335e-05,2.7332944227964617e-05,1.4570291568816174e-05,1
1995-09-17,0,,,,,0.0,0.0,0.0,0.0,0
1995-09-18,1,0.0,1.0,0.0,0.0,0.998599886894226,2.6377781978226267e-05,2.7253310690866783e-05,1.6891804989427328e-05,1
1995-09-19,9,0.0,8.0,0.0,1.0,5.923239098163322,0.0026669057988328413,0.2374487947763554,1.579532432951055,9
1995-09-20,0,,,,,0.0,0.0,0.0,0.0,0
1995-09-21,2,0.0,2.0,0.0,0.0,1.9452282190322876,4.7882846047286876e-05,0.0001162608550657751,3.174503945047036e-05,2
1995-09-22,4,0.0,1.0,0.0,3.0,0.490867002896266,0.0001952543552760658,1.8344780306870234,6.184460835356731e-05,4
1995-09-23,0,,,,,0.0,0.0,0.0,0.0,0
1995-09-24,0,,,,,0.0,0.0,0.0,0.0,0
1995-09-25,0,,,,,0.0,0.0,0.0,0.0,0
1995-09-26,2,0.0,1.0,0.0,1.0,0.9972024890594186,3.012967499671504e-05,1.4361942410469055,2.8257807571208104e-05,2
1995-09-27,7,0.0,5.0,0.0,2.0,5.031830939115025,0.9500896747722436,1.1246116087213522,0.00011069953507103492,7
1995-09-28,7,0.0,6.0,0.0,1.0,5.024011557456106,0.00015649002125428524,0.008439235793048033,0.00023484853591061857,7
1995-09-29,9,1.0,7.0,0.0,1.0,4.747772861957856,0.0009333027555839269,0.11094120913912775,0.000166874557180563,9
1995-09-30,1,0.0,1.0,0.0,0.0,0.0016136596677824,2.386731284786947e-05,8.66769696585834e-05,1.4609445315727498e-05,1
1995-10-01,0,,,,,0.0,0.0,0.0,0.0,0
1995-10-02,0,,,,,0.0,0.0,0.0,0.0,0
1995-10-03,1,1.0,0.0,0.0,0.0,2.0585292077157646e-05,0.0111208911985158,0.0001176366204163,1.569362029840704e-05,1
1995-10-04,1,0.0,1.0,0.0,0.0,0.9992304444313048,0.0024847432505339,6.104970088927075e-05,1.9966742911492474e-05,1
1995-10-05,2,0.0,1.0,0.0,1.0,0.0136894503375515,0.0007633745844941,0.37611215801734926,2.8884194762213156e-05,2
1995-10-06,7,0.0,4.0,0.0,3.0,1.9985073068583006,0.004056743505316123,0.022969736202867207,0.00012350456199783366,7
1995-10-07,1,0.0,0.0,0.0,1.0,0.0328409150242805,0.0004988252185285,0.3989403545856476,1.5320591046474874e-05,1
1995-10-08,0,,,,,0.0,0.0,0.0,0.0,0
1995-10-09,0,,,,,0.0,0.0,0.0,0.0,0
1995-10-10,2,0.0,2.0,0.0,0.0,1.9317996501922607,0.0052945029456168,0.0530962347984313,2.9594184525194578e-05,2
1995-10-11,0,,,,,0.0,0.0,0.0,0.0,0
1995-10-12,3,0.0,3.0,0.0,0.0,1.3420856297016144,0.00015796493789821398,0.10666138966007557,0.06041747370727531,3
1995-10-13,1,0.0,1.0,0.0,0.0,0.7605820298194885,1.7396150724380277e-05,2.157827293558512e-05,0.1243741661310195,1
1995-10-14,1,0.0,1.0,0.0,0.0,0.0319423638284206,1.737304773996584e-05,4.451977292774245e-05,1.459881150367437e-05,1
1995-10-15,0,,,,,0.0,0.0,0.0,0.0,0
1995-10-16,2,0.0,2.0,0.0,0.0,1.2240772545337677,6.878020940348506e-05,0.0645808855551877,2.9833553526259493e-05,2
1995-10-17,3,0.0,3.0,0.0,0.0,1.0747887793695554,6.547437260451261e-05,0.029486271891073466,4.504934167925967e-05,3
1995-10-18,4,0.0,4.0,0.0,0.0,3.855196714401245,8.862650975061115e-05,0.0014950108525225,5.5819259614509065e-05,4
1995-10-19,2,0.0,1.0,0.0,1.0,0.9888303237967191,0.0052129773393970995,0.0447647338733076,3.261082383687608e-05,2
1995-10-20,4,0.0,2.0,0.0,2.0,2.4211997631937265,0.0010606451978673107,1.0826476995935082,6.195632886374369e-05,4
1995-10-21,5,1.0,3.0,0.0,1.0,3.009775970238479,0.9879478871698667,0.0012647131843549657,7.062275108182803e-05,5
1995-10-22,0,,,,,0.0,0.0,0.0,0.0,0
1995-10-23,0,,,,,0.0,0.0,0.0,0.0,0
1995-10-24,2,0.0,2.0,0.0,0.0,1.0319530293345451,4.1614055589889176e-05,0.00012735005839201006,0.7626817990148993,2
1995-10-25,7,0.0,7.0,0.0,0.0,4.746025305241346,0.013623911983813436,0.0013318326728038422,0.00013668178326042835,6
1995-10-26,8,0.0,8.0,0.0,0.0,5.53909595310688,0.006977457456741689,0.060967890645770066,0.00011995690238109091,8
1995-10-27,2,1.0,1.0,0.0,0.0,0.9984005809910741,4.2080548155354336e-05,4.0786242607282475e-05,3.269149328843923e-05,2
1995-10-28,8,0.0,6.0,0.0,2.0,5.150467463070527,0.0005664798818541948,2.5167179764976026,0.00021133239806658818,8
1995-10-29,0,,,,,0.0,0.0,0.0,0.0,0
1995-10-30,0,,,,,0.0,0.0,0.0,0.0,0
1995-10-31,3,0.0,3.0,0.0,0.0,1.9753587115556,7.061944234010299e-05,0.00037287840677881277,4.364483265817398e-05,3
1995-11-01,1,0.0,1.0,0.0,0.0,0.9997604489326476,2.250301076855976e-05,1.754210279614199e-05,1.5183401956164744e-05,1
1995-11-02,2,0.0,2.0,0.0,0.0,1.9945028424263,3.4975962989847176e-05,0.00010996645869454369,0.005123459925016406,2
1995-11-03,6,1.0,5.0,0.0,0.0,4.133343141525984,0.9580336004346465,0.00013973170098324772,8.718900971871335e-05,6
1995-11-04,1,0.0,0.0,0.0,1.0,0.0010362432803958,1.724365574773401e-05,0.0012838437687605,1.316869293077616e-05,1
1995-11-05,0,,,,,0.0,0.0,0.0,0.0,0
1995-11-06,0,,,,,0.0,0.0,0.0,0.0,0
1995-11-07,2,0.0,2.0,0.0,0.0,0.9695836007595062,4.2424851926625706e-05,6.075853161746636e-05,5.9749954743892886e-05,2
1995-11-08,6,0.0,5.0,0.0,1.0,4.78488330449909,0.01436206089056205,1.0182791957831796,0.017240650683561336,5
1995-11-09,1,0.0,1.0,0.0,0.0,0.0375658310949802,0.0001891886931844,0.0002644385094754,1.8667707990971397e-05,1
1995-11-10,0,,,,,0.0,0.0,0.0,0.0,0
1995-11-11,2,0.0,1.0,0.0,1.0,0.9809882465124247,3.534876123012509e-05,0.8395331171832368,2.959637185995234e-05,2
1995-11-12,0,,,,,0.0,0.0,0.0,0.0,0
1995-11-13,0,,,,,0.0,0.0,0.0,0.0,0
1995-11-14,2,0.0,1.0,0.0,1.0,0.9983804372204759,4.078788060724037e-05,0.25698713470046636,2.9763778911728878e-05,2
1995-11-15,8,0.0,7.0,0.0,1.0,6.971480073872954,0.026053397976283955,0.037164526954256726,0.006447512753766169,8
1995-11-16,3,0.0,3.0,0.0,0.0,1.9907412957400084,0.00024438353466391875,0.0004634826727851714,4.32326014561113e-05,3
1995-11-17,4,0.0,4.0,0.0,0.0,2.13902176141346,0.002579208598035528,0.0002987055559060262,7.377407928288449e-05,4
1995-11-18,4,2.0,1.0,0.0,1.0,0.06093466630409226,0.9490037988134644,0.0002611943664305024,5.638825587084284e-05,4
1995-11-19,0,,,,,0.0,0.0,0.0,0.0,0
1995-11-20,1,0.0,1.0,0.0,0.0,0.9913996458053588,2.547943586250767e-05,4.944996544509195e-05,1.554724804009311e-05,1
1995-11-21,1,0.0,1.0,0.0,0.0,0.9929444789886476,1.5243386769725475e-05,0.0026368855033069,1.3974134162708651e-05,1
1995-11-22,3,0.0,2.0,0.0,1.0,1.8106569317296817,0.0005581109471676951,0.0022797464898756804,7.356429978244705e-05,3
1995-11-23,20,0.0,16.0,1.0,3.0,6.419826408207882,0.016234491275098975,1.087444071690697,0.024117771138662644,20
1995-11-24,9,0.0,7.0,0.0,2.0,5.405362765399332,0.03780650064527421,0.06707723317958851,0.04459048471289854,9
1995-11-25,2,0.0,2.0,0.0,0.0,0.9432510030455886,4.4893467929796316e-05,0.7652055679209298,0.00040677688048159835,2
1995-11-26,0,,,,,0.0,0.0,0.0,0.0,0
1995-11-27,2,0.0,1.0,0.0,1.0,0.997329488864125,3.804238076554611e-05,6.310503704298753e-05,0.0012461328806238517,2
1995-11-28,1,0.0,0.0,0.0,1.0,0.0281805023550987,0.0129654668271541,0.8626248836517334,1.7187147022923455e-05,1
1995-11-29,5,0.0,5.0,0.0,0.0,2.9726355257444084,0.00012401156072883168,0.0020455343128559515,7.93247436376987e-05,5
1995-11-30,8,0.0,6.0,0.0,2.0,4.98955337330699,0.05835429984654165,1.4378295321330368,0.00022569369139091577,8
1995-12-01,1,0.0,1.0,0.0,0.0,0.9997665286064148,4.9743917770683765e-05,2.5297751562902704e-05,1.5195083506114315e-05,1
1995-12-02,4,1.0,3.0,0.0,0.0,2.0118535081910522,0.05004049160743298,0.0032819714178912744,0.9551328896523045,4
1995-12-03,0,,,,,0.0,0.0,0.0,0.0,0
1995-12-04,1,0.0,1.0,0.0,0.0,0.0972885861992836,2.557333755248692e-05,4.364737469586544e-05,1.6698133549652994e-05,1
1995-12-05,5,0.0,5.0,0.0,0.0,2.3041320172487754,0.012833685983423318,0.2591853026551688,7.901581466285279e-05,5
1995-12-06,0,,,,,0.0,0.0,0.0,0.0,0
1995-12-07,0,,,,,0.0,0.0,0.0,0.0,0
1995-12-08,4,0.0,2.0,0.0,2.0,2.0321248272666708,0.00022763090782971707,2.88702093854954,6.05675159022212e-05,4
1995-12-09,3,0.0,3.0,0.0,0.0,1.843082319923269,9.980574941437226e-05,0.18059943056869088,5.375102591642644e-05,3
1995-12-10,0,,,,,0.0,0.0,0.0,0.0,0
1995-12-11,1,0.0,0.0,0.0,1.0,4.550674930214882e-05,2.807145938277245e-05,0.0006406470783986,1.3131402738508768e-05,1
1995-12-12,7,0.0,4.0,0.0,3.0,1.1899210525734811,0.00035151985321131703,2.0855032278486756,0.003859369113342791,7
1995-12-13,3,0.0,3.0,0.0,0.0,0.9818248020837926,5.7208877478842624e-05,0.0005448929296107553,5.217114266997669e-05,3
1995-12-14,6,0.0,6.0,0.0,0.0,5.98872709274292,0.00013692641277884832,0.00026332056404496584,0.00010182212008658098,6
1995-12-15,8,0.0,8.0,0.0,0.0,4.12735590338707,0.0005674521344188789,0.0009688397403805195,0.00022935085871716735,8
1995-12-16,4,0.0,3.0,0.0,1.0,1.8052707291353727,0.01617742524285841,0.9955530393508525,6.932047472218983e-05,4
1995-12-17,0,,,,,0.0,0.0,0.0,0.0,0
1995-12-18,7,0.0,7.0,0.0,0.0,5.019291626289487,0.00012298364981688792,0.0003329107294120795,0.01169256418597791,6
1995-12-19,3,0.0,2.0,0.0,1.0,1.9544619837542996,6.565031708305469e-05,0.0021261535166557854,4.274892035027733e-05,3
1995-12-20,1,0.0,0.0,0.0,1.0,2.6223431632388383e-05,1.738116770866327e-05,0.0008577064145356,1.276839611819014e-05,1
1995-12-21,1,0.0,1.0,0.0,0.0,0.9438673853874208,2.3809550839359872e-05,3.225246837246232e-05,1.612713276699651e-05,1
1995-12-22,0,,,,,0.0,0.0,0.0,0.0,0
1995-12-23,3,0.0,3.0,0.0,0.0,2.9969849586486816,0.003277547478319298,0.00010575298620096873,0.05515010273848001,3
1995-12-24,0,,,,,0.0,0.0,0.0,0.0,0
1995-12-25,3,0.0,2.0,0.0,1.0,0.994705283199437,6.818750443926547e-05,0.024341902244486808,0.000237665223721611,3
1995-12-26,0,,,,,0.0,0.0,0.0,0.0,0
1995-12-27,7,1.0,3.0,2.0,1.0,1.6975566458313551,0.0411691586905361,0.07336724549531917,0.0006199018307596889,7
1995-12-28,0,,,,,0.0,0.0,0.0,0.0,0
1995-12-29,1,0.0,1.0,0.0,0.0,0.8661566972732544,2.971220419567544e-05,3.173126970068552e-05,1.804991006792989e-05,1
1995-12-30,3,0.0,2.0,0.0,1.0,0.0699869275558739,0.0005493816115631212,0.9982447311303985,5.3902174840914086e-05,3
1995-12-31,0,,,,,0.0,0.0,0.0,0.0,0
1996-01-01,1,0.0,1.0,0.0,0.0,0.9988088607788086,8.335948950843886e-05,0.0027184467762708,1.3069934539089443e-05,1
1996-01-02,4,0.0,4.0,0.0,0.0,3.6586632132530212,0.00021136481882415146,0.0008718728440725811,6.71813913868391e-05,4
1996-01-03,3,0.0,3.0,0.0,0.0,2.9828363060951233,6.446558745665243e-05,5.3579642553813756e-05,4.581355369737139e-05,3
1996-01-04,0,,,,,0.0,0.0,0.0,0.0,0
1996-01-05,0,,,,,0.0,0.0,0.0,0.0,0
1996-01-06,1,0.0,1.0,0.0,0.0,0.9986557364463806,0.0002431887987768,2.9708604415645823e-05,2.975452298414893e-05,1
1996-01-07,0,,,,,0.0,0.0,0.0,0.0,0
1996-01-08,0,,,,,0.0,0.0,0.0,0.0,0
1996-01-09,2,0.0,2.0,0.0,0.0,1.987264633178711,0.0014042887487448338,9.679684080765583e-05,3.563943209883291e-05,2
1996-01-10,9,0.0,9.0,0.0,0.0,2.9337125499441754,0.0026553860388957547,1.573894608169212,0.002139912295206063,9
1996-01-11,14,0.0,11.0,0.0,3.0,4.251004835659842,0.000574973923903573,1.2643816507461447,0.0009155647076113301,14
1996-01-12,1,0.0,1.0,0.0,0.0,0.3934688866138458,3.396338797756471e-05,3.927910074708052e-05,1.4529060536006e-05,1
1996-01-13,8,0.0,7.0,0.0,1.0,1.0232562995515757,0.003163635450618989,0.0013458413195621029,0.0001917496456371737,8
1996-01-14,0,,,,,0.0,0.0,0.0,0.0,0
1996-01-15,1,0.0,1.0,0.0,0.0,0.9924938678741456,1.5731149687781e-05,0.0034142595250159,1.438286835764302e-05,1
1996-01-16,0,,,,,0.0,0.0,0.0,0.0,0
1996-01-17,14,2.0,10.0,0.0,2.0,8.78696316468995,1.9721111367161939,1.143947592920085,0.000260328746662708,14
1996-01-18,6,0.0,5.0,0.0,1.0,3.994866372493561,0.011326970654408686,2.807867961273587,9.110029168368783e-05,6
1996-01-19,13,0.0,7.0,1.0,5.0,2.39838056768167,0.0006795059343856722,1.0221361220155813,0.00035362571270517357,13
1996-01-20,2,0.0,2.0,0.0,0.0,1.9163001775741577,0.00012372299170237966,8.411134695052169e-05,4.429250111570582e-05,2
1996-01-21,0,,,,,0.0,0.0,0.0,0.0,0
1996-01-22,1,0.0,1.0,0.0,0.0,0.9980291724205016,1.4715653378516436e-05,1.5910796719253995e-05,1.354741834802553e-05,1
1996-01-23,1,0.0,1.0,0.0,0.0,0.9988927245140076,0.0051230615936219,0.0001483947853557,3.042137177544646e-05,1
1996-01-24,1,0.0,1.0,0.0,0.0,0.9757252931594848,0.0079388218000531,0.0261704474687576,1.614377470104955e-05,1
1996-01-25,0,,,,,0.0,0.0,0.0,0.0,0
1996-01-26,8,1.0,7.0,0.0,0.0,6.952485017478466,0.9758307623851578,0.0005264951305434099,0.15690845839071665,8
1996-01-27,4,0.0,4.0,0.0,0.0,2.728764588042395,0.00011412856656534132,0.00015104105114005506,0.012139936037783596,4
1996-01-28,0,,,,,0.0,0.0,0.0,0.0,0
1996-01-29,3,1.0,1.0,0.0,1.0,1.0685722994385287,0.9671476498015182,0.0022454275022027,3.9261964047909714e-05,3
1996-01-30,2,0.0,2.0,0.0,0.0,0.9933645802084357,3.0170212994562462e-05,6.725227103743237e-05,0.0037910143728367,2
1996-01-31,1,0.0,1.0,0.0,0.0,0.964420199394226,2.202269752160646e-05,2.2086751414462924e-05,2.153762943635229e-05,1
1996-02-01,10,0.0,10.0,0.0,0.0,5.011090745043475,0.0004388191919133533,0.008873445096469227,0.00019874145073117688,10
1996-02-02,3,0.0,3.0,0.0,0.0,1.7520146751776338,0.00013854158532922156,0.00011838740647363011,4.6494745220115874e-05,3
1996-02-03,8,0.0,6.0,0.0,2.0,4.914937651681612,0.0031073884156284366,0.012884307108833981,0.03667340222091292,8
1996-02-04,0,,,,,0.0,0.0,0.0,0.0,0
1996-02-05,1,1.0,0.0,0.0,0.0,9.506681089987978e-05,0.9166251420974731,2.5919189283740707e-05,1.836713818192948e-05,1
1996-02-06,1,0.0,1.0,0.0,0.0,0.0001008674007607,1.912158404593356e-05,1.583729317644611e-05,1.9599483493948355e-05,1
1996-02-07,0,,,,,0.0,0.0,0.0,0.0,0
1996-02-08,3,0.0,3.0,0.0,0.0,1.022379543253919,0.0004317947095841432,0.0017388236537953959,6.0312298955977894e-05,3
1996-02-09,11,0.0,11.0,0.0,0.0,10.944974899291992,0.9435747759571312,4.465487980975013,0.00015804972281330265,11
1996-02-10,4,0.0,3.0,0.0,1.0,1.2469357113732256,9.814491022552829e-05,1.8554365670861444,6.351508363877656e-05,4
1996-02-11,0,,,,,0.0,0.0,0.0,0.0,0
1996-02-12,1,0.0,1.0,0.0,0.0,7.660845585633069e-05,2.4193150238716044e-05,1.6593110558460467e-05,1.6151774616446346e-05,1
1996-02-13,5,0.0,5.0,0.0,0.0,4.050632510334253,0.00015787675329193007,0.0020629355494747753,0.15419782701610524,5
1996-02-14,0,,,,,0.0,0.0,0.0,0.0,0
1996-02-15,2,0.0,2.0,0.0,0.0,0.0390859718900173,9.07735011423938e-05,5.462239641929045e-05,5.860428063897416e-05,2
1996-02-16,10,1.0,8.0,0.0,1.0,6.06412111152531,0.7273128595916204,1.0208128677077182,0.00015444730343006086,10
1996-02-17,4,0.0,4.0,0.0,0.0,3.0793161541223526,7.538746103818994e-05,9.003517516248394e-05,0.7370090612157583,4
1996-02-18,0,,,,,0.0,0.0,0.0,0.0,0
1996-02-19,6,0.0,5.0,0.0,1.0,3.977199087068584,0.00015319662543333834,0.00014248181469156407,0.00010031672263721703,5
1996-02-20,2,0.0,1.0,0.0,1.0,1.0422954335808754,0.0052856849506497,0.9999515339732171,2.9309806450328324e-05,2
1996-02-21,0,,,,,0.0,0.0,0.0,0.0,0
1996-02-22,1,0.0,1.0,0.0,0.0,0.0663902387022972,0.0208656881004571,0.0002890831092372,9.029430657392368e-05,1
1996-02-23,2,1.0,1.0,0.0,0.0,0.000313604779876134,0.021903410253798886,0.002026723195740475,2.955670152005041e-05,2
1996-02-24,4,0.0,4.0,0.0,0.0,3.9968634247779846,7.063173870847095e-05,7.047195140330587e-05,3.671467423439026,4
1996-02-25,0,,,,,0.0,0.0,0.0,0.0,0
1996-02-26,4,0.0,3.0,0.0,1.0,2.9681461429099727,0.07096360016748789,0.00034419869189133707,0.00010628459585859673,4
1996-02-27,2,0.0,2.0,0.0,0.0,1.6490646004676819,8.521303061570508e-05,0.0011980184790444741,2.824056446115719e-05,2
1996-02-28,1,0.0,1.0,0.0,0.0,0.9970164895057678,2.5687353627290577e-05,0.000177724083187,1.3968779057904612e-05,1
1996-02-29,2,0.0,1.0,0.0,1.0,0.7038362308594515,5.548664557863958e-05,0.08185076666995869,2.864822454284877e-05,2
1996-03-01,5,0.0,5.0,0.0,0.0,3.1309921595966443,0.003326650159578831,0.09074612236145177,8.320742927026004e-05,5
1996-03-02,6,1.0,3.0,0.0,2.0,2.003536395703122,0.00030886077456661516,1.9084598780955273,0.00010451905109221116,6
1996-03-03,0,,,,,0.0,0.0,0.0,0.0,0
1996-03-04,1,0.0,1.0,0.0,0.0,0.9983581304550172,2.508825491531752e-05,2.915972982009407e-05,1.548758700664621e-05,1
1996-03-05,8,0.0,6.0,0.0,2.0,5.022974468767643,0.01988512060779578,1.9807624511449828,0.00020067505010956666,8
1996-03-06,21,0.0,18.0,0.0,3.0,10.102488534845179,0.01885102081723707,2.916559825012882,0.0003970891966673662,19
1996-03-07,1,0.0,1.0,0.0,0.0,0.998790681362152,0.0055964435450732,0.0001659506961004,3.815946547547355e-05,1
1996-03-08,3,0.0,3.0,0.0,0.0,0.0002843207475961111,8.506604899594095e-05,9.698611211206298e-05,4.944449210597668e-05,3
1996-03-09,4,0.0,3.0,0.0,1.0,2.9915170716121793,0.004159575322773862,0.0349724606312519,6.320452575891977e-05,4
1996-03-10,0,,,,,0.0,0.0,0.0,0.0,0
1996-03-11,12,0.0,10.0,0.0,2.0,9.891260300173599,2.003907267395334,0.4742766975623452,0.02863666666235074,12
1996-03-12,4,0.0,3.0,0.0,1.0,1.7497737519679502,0.010181460202147625,0.00023701166719546,0.00012580484872160014,4
1996-03-13,3,0.0,2.0,0.0,1.0,1.9769216938875616,6.043334360583686e-05,0.9803515401963523,4.76117447760771e-05,2
1996-03-14,5,0.0,3.0,0.0,2.0,2.617492807647068,0.007449564756825507,0.9880543872313864,7.60752081987448e-05,5
1996-03-15,0,,,,,0.0,0.0,0.0,0.0,0
1996-03-16,7,1.0,6.0,0.0,0.0,4.863095487351529,1.9258698909761731,0.0017566985552547297,0.00010672442203940591,7
1996-03-17,0,,,,,0.0,0.0,0.0,0.0,0
1996-03-18,0,,,,,0.0,0.0,0.0,0.0,0
1996-03-19,0,,,,,0.0,0.0,0.0,0.0,0
1996-03-20,0,,,,,0.0,0.0,0.0,0.0,0
1996-03-21,2,0.0,2.0,0.0,0.0,1.9978074431419373,0.0037703756897825885,0.00016380360284528844,4.555677060125163e-05,2
1996-03-22,5,1.0,4.0,0.0,0.0,3.8408692022785544,0.028379457336995893,0.00044040601642325106,0.005515072942216568,5
1996-03-23,11,0.0,11.0,0.0,0.0,6.694992700191506,0.004592613674503719,0.05795475636114122,0.00018078877292282414,11
1996-03-24,0,,,,,0.0,0.0,0.0,0.0,0
1996-03-25,0,,,,,0.0,0.0,0.0,0.0,0
1996-03-26,11,0.0,11.0,0.0,0.0,8.94876044522971,0.005856686670995165,0.003453833183811824,0.8903019664185194,10
1996-03-27,1,0.0,0.0,0.0,1.0,0.0008006590651348,1.738583523547277e-05,0.0010266279568895,1.2863465599366464e-05,1
1996-03-28,4,0.0,3.0,0.0,1.0,2.8298507154850085,0.005682451051143206,0.9217758944942033,6.460375243477756e-05,4
1996-03-29,8,0.0,7.0,0.0,1.0,4.914076330547687,0.0002598367354949005,0.0014989063602113772,0.00013181997201172635,8
1996-03-30,4,1.0,3.0,0.0,0.0,2.617272516108642,0.9625996097111055,0.036716547532705465,0.00013351914276427124,4
1996-03-31,0,,,,,0.0,0.0,0.0,0.0,0
1996-04-01,1,0.0,1.0,0.0,0.0,0.9997730255126952,5.6216154916910455e-05,1.7528793250676244e-05,1.5837207683944143e-05,1
1996-04-02,4,0.0,4.0,0.0,0.0,3.0817199647426605,0.0341268377451342,0.00018548683328845073,6.202180975378724e-05,3
1996-04-03,5,0.0,5.0,0.0,0.0,3.774378951638937,0.017120001622970376,0.07150869424913242,9.683346615929622e-05,5
1996-04-04,0,,,,,0.0,0.0,0.0,0.0,0
1996-04-05,5,0.0,4.0,0.0,1.0,3.9938916707869794,9.97211809590226e-05,0.0013357365969567591,3.5003829204715657,5
1996-04-06,8,0.0,8.0,0.0,0.0,6.027825845958432,0.00016934993618633598,0.0005674814601661446,2.8034357119404376,8
1996-04-07,0,,,,,0.0,0.0,0.0,0.0,0
1996-04-08,0,,,,,0.0,0.0,0.0,0.0,0
1996-04-09,11,0.0,11.0,0.0,0.0,8.027110555660329,0.9818203632512451,0.9732228497014147,0.0001834165968830348,11
1996-04-10,1,0.0,1.0,0.0,0.0,0.9957029819488524,1.71277661138447e-05,0.9683204889297484,1.394114315189654e-05,1
1996-04-11,0,,,,,0.0,0.0,0.0,0.0,0
1996-04-12,6,2.0,4.0,0.0,0.0,4.467041026800871,1.0807591863995185,0.0041120774258159645,0.00021250547888481105,6
1996-04-13,6,0.0,4.0,0.0,2.0,3.852938542400807,0.013351158926525332,0.858595894918835,0.0002047422185569167,6
1996-04-14,0,,,,,0.0,0.0,0.0,0.0,0
1996-04-15,0,,,,,0.0,0.0,0.0,0.0,0
1996-04-16,1,1.0,0.0,0.0,0.0,0.0001978017244255,0.9353123903274536,2.274800317536574e-05,2.228130142611917e-05,1
1996-04-17,3,0.0,2.0,0.0,1.0,1.9943873792853992,0.005952189492745583,0.0011148351986776106,5.586209044849966e-05,3
1996-04-18,6,0.0,5.0,0.0,1.0,4.004251461372405,0.0025989100886362423,0.0007141068890632087,0.0001488285925006494,6
1996-04-19,5,0.0,3.0,1.0,1.0,2.880741174319155,0.00011686760080920067,0.001189285349028029,0.0002719597787290023,4
1996-04-20,2,2.0,0.0,0.0,0.0,0.0009555534052196001,1.0289648212492466,4.247988908900879e-05,2.7135277377965394e-05,2
1996-04-21,0,,,,,0.0,0.0,0.0,0.0,0
1996-04-22,3,0.0,3.0,0.0,0.0,1.0043995666201224,0.001041716503095784,5.705251260224031e-05,4.192512460576836e-05,3
1996-04-23,0,,,,,0.0,0.0,0.0,0.0,0
1996-04-24,5,0.0,2.0,0.0,3.0,0.9417500397630646,0.0002738340990617867,0.9443183480252627,7.897188424976775e-05,5
1996-04-25,16,0.0,12.0,0.0,4.0,4.007391704377368,0.008597306736191749,4.257424371950037,0.00031806361766939517,16
1996-04-26,1,0.0,0.0,0.0,1.0,4.418099342728965e-05,1.8217340766568668e-05,0.0026920905802398,1.4114189070824068e-05,1
1996-04-27,7,0.0,3.0,0.0,4.0,2.4528974678833038,0.004219176205878901,3.9316422614065236,0.00011810827072622487,7
1996-04-28,0,,,,,0.0,0.0,0.0,0.0,0
1996-04-29,3,0.0,2.0,0.0,1.0,2.0377343259751797,0.00022552742120742232,0.8587217569620407,5.8643860029405914e-05,3
1996-04-30,1,0.0,1.0,0.0,0.0,0.9962142109870912,1.4481158359558322e-05,0.9180812239646912,1.4246729733713435e-05,1
1996-05-01,0,,,,,0.0,0.0,0.0,0.0,0
1996-05-02,1,0.0,0.0,0.0,1.0,0.0001408649550285,5.904801219003275e-05,0.9838807582855223,1.5036086551845074e-05,1
1996-05-03,3,0.0,2.0,0.0,1.0,1.0918836798518896,6.702885912091006e-05,0.9473426606418797,0.07117614499293254,3
1996-05-04,2,0.0,2.0,0.0,0.0,1.9873988032341003,5.446543582365848e-05,0.0014496469048025957,2.9882579838158563e-05,2
1996-05-05,0,,,,,0.0,0.0,0.0,0.0,0
1996-05-06,3,0.0,1.0,0.0,2.0,0.9945713002980484,5.2872069318254944e-05,0.0012167198401584732,4.6407147237914614e-05,3
1996-05-07,6,0.0,6.0,0.0,0.0,5.8973259925842285,0.00013052609119768022,0.0002532412108848803,0.7400591392379283,6
1996-05-08,2,0.0,1.0,0.0,1.0,0.05802463651707506,0.00035648819721238685,0.08856970017950516,4.0230320337286685e-05,2
1996-05-09,9,0.0,9.0,0.0,0.0,7.0029925256967545,0.008114231812214493,1.8638519852738678,0.0022148551925055453,9
1996-05-10,2,0.0,2.0,0.0,0.0,1.9413676261901855,8.11808458820451e-05,6.966809996811207e-05,3.838106385956053e-05,2
1996-05-11,1,0.0,0.0,0.0,1.0,0.0048966812901198,0.0004818979650735,0.5791212320327759,1.838136631704401e-05,1
1996-05-12,0,,,,,0.0,0.0,0.0,0.0,0
1996-05-13,0,,,,,0.0,0.0,0.0,0.0,0
1996-05-14,3,1.0,2.0,0.0,0.0,0.3776735332794486,0.8721052895389221,0.0002493507836333581,3.9747725168126635e-05,3
1996-05-15,2,0.0,2.0,0.0,0.0,1.9979970455169678,0.00024157398729570003,0.00026214349782092023,3.431685854593525e-05,1
1996-05-16,0,,,,,0.0,0.0,0.0,0.0,0
1996-05-17,5,0.0,5.0,0.0,0.0,4.595975935459137,0.0005971786285953579,0.0002094831179419294,0.0329542681038219,5
1996-05-18,9,0.0,7.0,0.0,2.0,6.509742922047735,0.0009542345296721928,0.9749906731976807,0.03255917353271789,9
1996-05-19,0,,,,,0.0,0.0,0.0,0.0,0
1996-05-20,0,,,,,0.0,0.0,0.0,0.0,0
1996-05-21,1,0.0,1.0,0.0,0.0,0.0085120741277933,5.75883750570938e-05,2.1653388103004545e-05,1.6797155694803223e-05,1
1996-05-22,8,3.0,4.0,0.0,1.0,2.9875992673369183,0.07222718341836276,0.9514541240532709,0.00012989247261430137,8
1996-05-23,3,0.0,3.0,0.0,0.0,1.0731294490396974,0.0008920961408875724,0.0028814778470403956,0.004078905718415581,3
1996-05-24,8,0.0,5.0,0.0,3.0,2.8955203533841996,0.006360875412610725,2.5426837553550286,0.00012757953572872793,8
1996-05-25,14,2.0,12.0,0.0,0.0,9.891414355486631,1.0142096944755394,0.0022968516677787775,0.0786134309928456,14
1996-05-26,0,,,,,0.0,0.0,0.0,0.0,0
1996-05-27,8,1.0,7.0,0.0,0.0,7.912119626998901,0.990067116782484,0.008866146679792825,0.003690194854243507,8
1996-05-28,1,0.0,0.0,0.0,1.0,0.0237268153578043,0.0002859712694771,0.0280314087867736,1.4669407391920686e-05,1
1996-05-29,5,0.0,2.0,0.0,3.0,0.026060931993924636,0.00015542391520284582,0.008681421937580801,7.292682221304858e-05,5
1996-05-30,3,0.0,3.0,0.0,0.0,1.913484024698846,0.0003586533730412676,0.00014742825260327663,5.710361620003823e-05,3
1996-05-31,2,0.0,2.0,0.0,0.0,0.9953339567873627,0.0018688140080484635,0.00022048681421435917,7.329698291869136e-05,2
1996-06-01,6,0.0,5.0,0.0,1.0,3.0133183333091433,0.0034548725416242705,1.1225606413863716,0.00016176734607142862,5
1996-06-02,0,,,,,0.0,0.0,0.0,0.0,0
1996-06-03,1,0.0,1.0,0.0,0.0,0.9965733289718628,1.642850475036539e-05,4.276790059520863e-05,1.904275268316269e-05,1
1996-06-04,3,0.0,3.0,0.0,0.0,2.2484069764614105,0.0002297506453032703,0.00014077584273763932,5.639376104227267e-05,3
1996-06-05,12,1.0,9.0,0.0,2.0,7.704122837691102,0.9783376963478075,0.020289027861508404,0.0002043015074377763,12
1996-06-06,4,0.0,4.0,0.0,0.0,2.064942886121571,0.0030763956210647786,0.00014582053699996322,6.477489114331547e-05,4
1996-06-07,9,0.0,9.0,0.0,0.0,7.828003760194406,0.00022766523943573702,0.011068003270338423,0.0012128287626182403,9
1996-06-08,11,0.0,7.0,0.0,4.0,5.936432083355612,0.00385788666426336,2.287636157632732,0.054828776926115055,11
1996-06-09,0,,,,,0.0,0.0,0.0,0.0,0
1996-06-10,0,,,,,0.0,0.0,0.0,0.0,0
1996-06-11,5,0.0,3.0,0.0,2.0,2.9444927826953062,9.07576477402472e-05,0.0023280757186511405,9.571389182383427e-05,5
1996-06-12,8,0.0,6.0,2.0,0.0,5.78320674393035,0.9677016873647516,0.6051397116898443,0.006269889298891903,8
1996-06-13,16,0.0,11.0,0.0,5.0,5.813283906676587,0.015238052950735085,3.921643293917441,0.0002679213685041759,16
1996-06-14,6,0.0,4.0,1.0,1.0,2.038030705807614,0.0006895528731547174,0.003563417440091017,0.009078769164261698,6
1996-06-15,5,0.0,3.0,2.0,0.0,2.973595097311772,0.0001936578773893416,0.00033125169829869466,0.0469057168193102,5
1996-06-16,0,,,,,0.0,0.0,0.0,0.0,0
1996-06-17,0,,,,,0.0,0.0,0.0,0.0,0
1996-06-18,7,0.0,4.0,1.0,2.0,2.0050858673384937,0.0004936797267872791,0.922775109323993,0.007513580895647376,7
1996-06-19,9,0.0,6.0,0.0,3.0,3.981858456791087,0.0019580592306735344,1.5410748146750848,0.00032823487072156457,9
1996-06-20,3,0.0,3.0,0.0,0.0,1.8563882391317745,0.0001746376528898427,0.001691972422122448,0.0019452548303887922,3
1996-06-21,8,0.0,7.0,1.0,0.0,5.580730241132187,0.09620522625846172,3.796121823783323,0.0006916228157933666,8
1996-06-22,1,0.0,0.0,0.0,1.0,0.0003306988219264,1.88514131878037e-05,0.0064321542158722,1.4441900020756291e-05,1
1996-06-23,0,,,,,0.0,0.0,0.0,0.0,0
1996-06-24,0,,,,,0.0,0.0,0.0,0.0,0
1996-06-25,6,0.0,2.0,0.0,4.0,1.0394134919188216,0.0002918282934842864,2.3511958635717747,0.004241963457388907,6
1996-06-26,2,0.0,2.0,0.0,0.0,1.844463050365448,7.190009364421712e-05,0.0019676127121781998,2.7522519303602166e-05,2
1996-06-27,0,,,,,0.0,0.0,0.0,0.0,0
1996-06-28,4,1.0,3.0,0.0,0.0,2.981913785872166,0.0006761135609849126,0.0032435939665446546,7.225361878226977e-05,4
1996-06-29,3,0.0,1.0,0.0,2.0,0.0084622920112449,0.00020344583936089035,1.012006537624984,5.3055146054248326e-05,3
1996-06-30,0,,,,,0.0,0.0,0.0,0.0,0
1996-07-01,1,0.0,1.0,0.0,0.0,0.9997631311416626,0.0001125010094256,2.980517274409067e-05,1.6609146769042127e-05,1
1996-07-02,4,0.0,4.0,0.0,0.0,1.9990479437401516,0.00030579945996569996,0.00029002523297087595,0.017322547526418836,4
1996-07-03,2,0.0,2.0,0.0,0.0,0.1159880608320236,0.0006752094486728,0.00013165136624593288,5.438641892396845e-05,2
1996-07-04,8,0.0,5.0,0.0,3.0,4.93819673786129,0.0002682413960427958,0.0864524771495779,0.0006485576550403254,8
1996-07-05,1,1.0,0.0,0.0,0.0,2.6756531951832585e-05,4.658101897803135e-05,2.1792686311528087e-05,1.4352429388964085e-05,1
1996-07-06,9,2.0,7.0,0.0,0.0,3.988973147599608,0.9673895345586058,0.0017918063967953415,0.0006951315717742001,9
1996-07-07,0,,,,,0.0,0.0,0.0,0.0,0
1996-07-08,0,,,,,0.0,0.0,0.0,0.0,0
1996-07-09,3,1.0,2.0,0.0,0.0,1.9855184169718996,0.00163757012342095,0.001100738691093156,4.476356480154209e-05,2
1996-07-10,2,0.0,1.0,0.0,1.0,0.002440067284624,5.834240073454566e-05,0.010869060250115544,3.785711214732146e-05,2
1996-07-11,3,0.0,2.0,0.0,1.0,1.9905908674918464,7.648705286555924e-05,0.006401128746801899,4.503728814597707e-05,3
1996-07-12,1,0.0,1.0,0.0,0.0,0.0148876421153545,0.0034206437412649,0.0005992709193378,7.247260509757325e-05,1
1996-07-13,7,0.0,7.0,0.0,0.0,3.2058317833580077,0.00026674322634786954,0.0003215375618310645,0.00019583436278480806,7
1996-07-14,0,,,,,0.0,0.0,0.0,0.0,0
1996-07-15,5,1.0,3.0,0.0,1.0,2.948364282157854,1.8559723401704105,0.0012785768140019013,8.191817687475123e-05,5
1996-07-16,1,0.0,0.0,0.0,1.0,2.3231868908624165e-05,1.810502362786792e-05,3.7822970625711605e-05,1.5457559129572473e-05,1
1996-07-17,11,0.0,10.0,0.0,1.0,6.901477297709789,0.000754185348341559,0.05848141541719079,0.0012301262413529053,11
1996-07-18,1,0.0,1.0,0.0,0.0,0.5155605673789978,2.8464983188314363e-05,7.322076271520928e-05,5.632659667753615e-05,1
1996-07-19,3,0.0,1.0,0.0,2.0,0.0055153754074125,0.00016906158089113887,1.7591516253633017,4.788943169842241e-05,3
1996-07-20,0,,,,,0.0,0.0,0.0,0.0,0
1996-07-21,0,,,,,0.0,0.0,0.0,0.0,0
1996-07-22,11,0.0,4.0,7.0,0.0,2.249921984315733,0.0005201911244512303,0.0003220501748728566,0.3276172189198404,11
1996-07-23,0,,,,,0.0,0.0,0.0,0.0,0
1996-07-24,1,0.0,1.0,0.0,0.0,0.9936277866363524,0.000265612383373,5.9158173826290295e-05,3.195688987034373e-05,1
1996-07-25,3,0.0,1.0,0.0,2.0,0.0647172252647577,6.530052996822633e-05,0.023958995121574678,4.268070097168675e-05,3
1996-07-26,13,2.0,11.0,0.0,0.0,8.02425283847333,2.968670574137832,0.0015444280033987073,0.00020901633706671419,13
1996-07-27,5,0.0,5.0,0.0,0.0,4.000832572579384,0.0001167197769973427,0.0004428067713888221,0.00010566322362137726,5
1996-07-28,0,,,,,0.0,0.0,0.0,0.0,0
1996-07-29,5,0.0,5.0,0.0,0.0,4.1704041957855225,0.9760986733908793,0.00015585865367029328,8.078200426098192e-05,5
1996-07-30,0,,,,,0.0,0.0,0.0,0.0,0
1996-07-31,8,0.0,8.0,0.0,0.0,5.7695145230100024,0.0002291116034029983,0.000377542051864937,0.00014578511763829738,8
1996-08-01,4,0.0,4.0,0.0,0.0,1.1333699896931648,0.0007161921530495784,0.0004253724182490172,0.00010527218000788707,4
1996-08-02,3,0.0,2.0,0.0,1.0,1.8220587996765971,0.004646106113796031,0.011183747104951163,6.414629569917452e-05,3
1996-08-03,1,0.0,1.0,0.0,0.0,0.993070662021637,1.5293526303139515e-05,0.0018271369626745,1.3715856766793875e-05,1
1996-08-04,0,,,,,0.0,0.0,0.0,0.0,0
1996-08-05,1,0.0,1.0,0.0,0.0,0.9860181212425232,7.31084292056039e-05,3.567259409464896e-05,1.677508043940179e-05,1
1996-08-06,0,,,,,0.0,0.0,0.0,0.0,0
1996-08-07,0,,,,,0.0,0.0,0.0,0.0,0
1996-08-08,1,0.0,1.0,0.0,0.0,0.9993864893913268,2.2599648218601945e-05,2.149207830370869e-05,1.642149618419353e-05,1
1996-08-09,3,0.0,3.0,0.0,0.0,2.4571752548217773,9.493280776950996e-05,0.0029003960880798737,5.464467994897859e-05,3
1996-08-10,13,1.0,12.0,0.0,0.0,10.848617258830927,0.04660328623049269,0.003144739479466598,0.499566768700788,13
1996-08-11,0,,,,,0.0,0.0,0.0,0.0,0
1996-08-12,1,0.0,0.0,0.0,1.0,1.7755026419763453e-05,1.8353794075665064e-05,0.0001184967113658,1.3522293556889052e-05,1
1996-08-13,2,0.0,1.0,1.0,0.0,0.9986721426939767,3.220153121219482e-05,9.26926004467532e-05,0.2145504166619502,2
1996-08-14,9,0.0,5.0,0.0,4.0,2.803447195095941,0.002037523294347847,3.0415272963018656,0.03816456304775784,9
1996-08-15,5,0.0,5.0,0.0,0.0,3.9050520082710136,0.0001816190306271892,0.005049777835665578,7.511642161261989e-05,5
1996-08-16,3,0.0,3.0,0.0,0.0,1.9988254653562763,6.966281398490537e-05,0.05992841071110877,3.918912352673942e-05,3
1996-08-17,1,0.0,1.0,0.0,0.0,0.9917929172515868,2.5239231035811827e-05,2.599424260552041e-05,1.7380047211190686e-05,1
1996-08-18,0,,,,,0.0,0.0,0.0,0.0,0
1996-08-19,2,0.0,1.0,1.0,0.0,0.9982561856140818,5.3133160690777004e-05,0.00010066797040053643,0.00019333938689660433,2
1996-08-20,3,0.0,3.0,0.0,0.0,2.0254724677652116,8.080650695774239e-05,0.016414232974057003,4.229138903610874e-05,3
1996-08-21,1,0.0,1.0,0.0,0.0,0.9922088384628296,1.8352209735894576e-05,3.5859469790011644e-05,1.4135215678834356e-05,1
1996-08-22,0,,,,,0.0,0.0,0.0,0.0,0
1996-08-23,11,0.0,11.0,0.0,0.0,10.330823570489883,0.03066219948777861,0.0075090991094838525,0.0002578647554400482,11
1996-08-24,4,0.0,4.0,0.0,0.0,3.9820520281791687,8.470244756608736e-05,0.00023092771516525248,0.008668895589835286,4
1996-08-25,0,,,,,0.0,0.0,0.0,0.0,0
1996-08-26,0,,,,,0.0,0.0,0.0,0.0,0
1996-08-27,3,0.0,3.0,0.0,0.0,2.994544208049774,0.0002710965945879382,0.0001832729049055212,0.00023140877237892533,3
1996-08-28,7,1.0,6.0,0.0,0.0,5.92213143594563,0.9805248696802664,0.4792933121216265,0.010727875332122473,7
1996-08-29,16,0.0,11.0,0.0,5.0,2.2565878275490823,0.012896831522084226,3.6908380835448042,0.00031775904881214956,16
1996-08-30,5,0.0,5.0,0.0,0.0,4.164441287517548,0.028893482060084217,0.001444030262064171,0.1060384711308868,5
1996-08-31,4,0.0,4.0,0.0,0.0,3.9776031970977783,0.004070373783179003,0.0006150024801171883,0.008804858048279091,4
1996-09-01,0,,,,,0.0,0.0,0.0,0.0,0
1996-09-02,3,0.0,3.0,0.0,0.0,2.974570155143738,1.9164926054709213,0.03733449852188636,4.100589285371825e-05,3
1996-09-03,0,,,,,0.0,0.0,0.0,0.0,0
1996-09-04,4,0.0,2.0,0.0,2.0,1.7890746001357911,0.0032706845086067395,0.0803099160257259,6.79130744174472e-05,4
1996-09-05,5,0.0,4.0,0.0,1.0,2.486804921994917,0.00011439703303040005,0.0012618313667189785,7.899063894001301e-05,5
1996-09-06,1,0.0,1.0,0.0,0.0,0.9965202808380128,0.9581512212753296,1.7008862414513715e-05,1.3353309441299643e-05,1
1996-09-07,0,,,,,0.0,0.0,0.0,0.0,0
1996-09-08,0,,,,,0.0,0.0,0.0,0.0,0
1996-09-09,7,2.0,4.0,0.0,1.0,4.011130089871585,1.9400648165938037,0.9636329214117723,0.00012191949826956261,7
1996-09-10,1,0.0,1.0,0.0,0.0,0.999287247657776,4.735400216304697e-05,4.219758557155728e-05,1.7473374100518413e-05,1
1996-09-11,0,,,,,0.0,0.0,0.0,0.0,0
1996-09-12,5,0.0,5.0,0.0,0.0,0.0129499016329642,0.0002499416259524878,0.0004328569266363047,0.00013071626199234743,5
1996-09-13,1,0.0,0.0,0.0,1.0,4.983597682439722e-05,2.3217746274895035e-05,6.167212268337607e-05,1.481258004787378e-05,1
1996-09-14,1,0.0,1.0,0.0,0.0,0.0605086535215377,2.6204032110399567e-05,0.0272094719111919,1.4117998034635091e-05,1
1996-09-15,0,,,,,0.0,0.0,0.0,0.0,0
1996-09-16,1,0.0,1.0,0.0,0.0,0.9996509552001952,1.6806938219815493e-05,1.5885902030277066e-05,0.8986258506774902,1
1996-09-17,2,0.0,2.0,0.0,0.0,0.7891457183286547,0.013473813189193499,0.0006315560385701022,0.00012056998457410373,2
1996-09-18,3,0.0,2.0,0.0,1.0,1.2757171136745455,0.0046201008008209445,0.0035280916854388564,0.00028688870224864135,3
1996-09-19,0,,,,,0.0,0.0,0.0,0.0,0
1996-09-20,4,0.0,4.0,0.0,0.0,2.9920436004176736,0.9523476767080865,0.003824464129138401,5.8434212405700237e-05,4
1996-09-21,12,1.0,6.0,0.0,5.0,6.1802389170916285,0.0012504973892644975,1.9609078955527366,0.001197392909489184,12
1996-09-22,0,,,,,0.0,0.0,0.0,0.0,0
1996-09-23,3,0.0,1.0,0.0,2.0,1.0009078172006411,0.00583374072084546,0.065994415892419,4.570604141918011e-05,3
1996-09-24,3,0.0,3.0,0.0,0.0,1.9921399397135247,6.971714174142107e-05,8.29635373520432e-05,5.02012662764173e-05,3
1996-09-25,0,,,,,0.0,0.0,0.0,0.0,0
1996-09-26,2,0.0,2.0,0.0,0.0,1.9929112792015076,3.8459602365037426e-05,0.00035476391349211563,5.167771814740263e-05,2
1996-09-27,4,0.0,2.0,0.0,2.0,0.19655175408115594,7.939288752822904e-05,0.964223260214567,5.495255118148634e-05,3
1996-09-28,1,0.0,0.0,0.0,1.0,1.9399349184823222e-05,2.9779987016809173e-05,3.225320688216016e-05,1.408284151693806e-05,1
1996-09-29,0,,,,,0.0,0.0,0.0,0.0,0
1996-09-30,0,,,,,0.0,0.0,0.0,0.0,0
1996-10-01,9,0.0,9.0,0.0,0.0,8.985642969608307,0.00023372054238279816,0.1979527503226563,0.006484974036538894,9
1996-10-02,1,0.0,1.0,0.0,0.0,0.0001770885137375,2.9676180929527615e-05,1.871818494691979e-05,1.4457589713856578e-05,1
1996-10-03,0,,,,,0.0,0.0,0.0,0.0,0
1996-10-04,1,0.0,0.0,0.0,1.0,0.000886017573066,2.183883043471724e-05,0.0127762062475085,1.461989086237736e-05,1
1996-10-05,0,,,,,0.0,0.0,0.0,0.0,0
1996-10-06,0,,,,,0.0,0.0,0.0,0.0,0
1996-10-07,5,0.0,5.0,0.0,0.0,3.989170402754098,0.00046646701412100664,0.000653340461212721,8.506374706485076e-05,5
1996-10-08,4,1.0,1.0,0.0,2.0,0.9673343774593376,0.0007141942714951094,0.010697918271034524,0.00013876703633286525,4
1996-10-09,4,0.0,1.0,0.0,3.0,0.03023939800914358,0.003700863915582777,0.3310135344509033,0.00011326654839649564,4
1996-10-10,0,,,,,0.0,0.0,0.0,0.0,0
1996-10-11,4,0.0,4.0,0.0,0.0,0.09301904529274879,0.004319385801863912,0.000987722502031772,0.004422465633979244,3
1996-10-12,2,0.0,1.0,0.0,1.0,0.9602277996309567,4.7081986849661916e-05,0.009472563184317493,3.0620434699812904e-05,2
1996-10-13,0,,,,,0.0,0.0,0.0,0.0,0
1996-10-14,1,0.0,1.0,0.0,0.0,0.999023139476776,2.418598523945548e-05,2.022256194322836e-05,1.615686596778687e-05,1
1996-10-15,0,,,,,0.0,0.0,0.0,0.0,0
1996-10-16,5,0.0,4.0,0.0,1.0,1.8218617741513299,0.014491692546471275,0.005093909239803756,0.000257637507274915,5
1996-10-17,4,0.0,4.0,0.0,0.0,2.0541918573726434,0.0011270917057116274,0.0010258457950838682,7.280530826392351e-05,4
1996-10-18,14,2.0,10.0,1.0,1.0,4.936099265985831,0.028553350970469,0.32292428374967114,0.000304763810163422,14
1996-10-19,4,0.0,3.0,0.0,1.0,2.7910747977693973,8.181367229553871e-05,0.9061157331670984,0.0001645450320210328,4
1996-10-20,0,,,,,0.0,0.0,0.0,0.0,0
1996-10-21,0,,,,,0.0,0.0,0.0,0.0,0
1996-10-22,1,0.0,1.0,0.0,0.0,0.9902111291885376,2.158024835807737e-05,2.419341035420075e-05,1.98067536985036e-05,1
1996-10-23,12,0.0,2.0,0.0,10.0,0.03403411566978286,0.004778910359163884,7.804328818076101,0.00018602301679493394,12
1996-10-24,7,0.0,3.0,0.0,4.0,2.025546962569933,0.0045823776035830805,2.002912255615229,0.00012253678414708702,7
1996-10-25,1,0.0,1.0,0.0,0.0,0.9989477396011353,1.382103710056981e-05,2.501107883290388e-05,1.604013414180372e-05,1
1996-10-26,3,0.0,3.0,0.0,0.0,2.583315134048462,8.402857565670274e-05,0.0001017646773107117,5.02488710480975e-05,3
1996-10-27,0,,,,,0.0,0.0,0.0,0.0,0
1996-10-28,2,0.0,0.0,0.0,2.0,3.278892472735606e-05,3.7352292565628886e-05,0.001597590802703011,0.00010024615585280117,2
1996-10-29,2,0.0,0.0,0.0,2.0,0.9213465191423893,4.3085217839688994e-05,1.9779112339019775,2.6998955036106057e-05,2
1996-10-30,4,0.0,2.0,0.0,2.0,1.0075888428254982,9.352907636639429e-05,0.8797393837157869,5.575647810474039e-05,4
1996-10-31,5,0.0,2.0,0.0,3.0,2.029716275515966,0.0005048242583143216,2.9281339861536253,8.512324802723015e-05,5
1996-11-01,8,0.0,8.0,0.0,0.0,7.007931757718325,0.0006773347768102083,0.04881396084783759,0.0002081523707602173,8
1996-11-02,3,0.0,3.0,0.0,0.0,2.2724973559379578,0.00012049027827742975,0.00011729906691471115,4.694727795140352e-05,3
1996-11-03,0,,,,,0.0,0.0,0.0,0.0,0
1996-11-04,6,0.0,4.0,0.0,2.0,2.988161631272306,0.0002868438959921118,0.5855059826662908,0.004408516902913011,6
1996-11-05,2,0.0,2.0,0.0,0.0,1.154705077409744,0.0001196099674416473,0.00033764225736367847,3.12264783133287e-05,2
1996-11-06,1,1.0,0.0,0.0,0.0,0.0007379519520327,0.0009226259426213,2.2179732695803978e-05,2.37304120673798e-05,1
1996-11-07,2,0.0,2.0,0.0,0.0,1.9397422075271606,0.0001311853775405325,0.07204715682019,3.812374052358791e-05,2
1996-11-08,7,0.0,5.0,0.0,2.0,4.646355698350817,0.025546055353515677,1.956400862380178,0.017096777525693965,7
1996-11-09,10,0.0,9.0,0.0,1.0,7.071134324385639,0.0003835405586868816,0.005950219177975572,0.00024111751645242857,10
1996-11-10,0,,,,,0.0,0.0,0.0,0.0,0
1996-11-11,3,1.0,2.0,0.0,0.0,1.9664476186735556,0.9854048652878191,0.00010033422404376324,0.00012359972151898546,3
1996-11-12,1,0.0,0.0,0.0,1.0,2.4401813789154403e-05,2.905570545408409e-05,3.1760406272951514e-05,1.8429978808853772e-05,1
1996-11-13,5,1.0,1.0,0.0,3.0,0.9943671473083666,0.021223039962933163,0.42927715748373874,0.009934456224073027,5
1996-11-14,7,0.0,4.0,0.0,3.0,3.6438293241517385,0.0028997108365726746,1.957442419032304,0.000133343220113602,7
1996-11-15,9,0.0,8.0,0.0,1.0,5.741791624070174,0.0022435495247918116,0.931178797112807,0.00015350469038821757,9
1996-11-16,2,0.0,1.0,0.0,1.0,0.7178543731788521,0.00012097680883012988,0.0154444899526424,2.8074152396584395e-05,2
1996-11-17,0,,,,,0.0,0.0,0.0,0.0,0
1996-11-18,1,0.0,1.0,0.0,0.0,0.9983090758323668,3.781159102800302e-05,3.93867157981731e-05,1.4763860235689208e-05,1
1996-11-19,5,0.0,5.0,0.0,0.0,2.8066930792847415,0.0035098967528028346,0.005436915986137959,0.07180364582382018,5
1996-11-20,7,1.0,4.0,2.0,0.0,3.765180899645202,0.027706473167199593,0.003107016425928901,0.2574394179791851,7
1996-11-21,10,0.0,1.0,0.0,9.0,3.537496623815968,0.0018091426627505271,6.632492857759644,0.00017465645305492217,10
1996-11-22,11,1.0,6.0,0.0,4.0,5.887163167120888,0.02615620482356459,1.9903846767520004,0.0002958054919872666,11
1996-11-23,4,0.0,4.0,0.0,0.0,3.295161247253418,6.836018110334408e-05,9.730244346428663e-05,6.007034335198114e-05,4
1996-11-24,0,,,,,0.0,0.0,0.0,0.0,0
1996-11-25,1,0.0,1.0,0.0,0.0,0.9915988445281982,2.234212115581613e-05,3.3610700484132394e-05,2.321625106560532e-05,1
1996-11-26,8,0.0,4.0,0.0,4.0,2.0455540289258347,0.021908957412960964,2.861421023844741,0.0001987069317692658,8
1996-11-27,10,0.0,4.0,0.0,6.0,1.8009537458565315,0.013773606138784084,1.981083797621977,0.00014773894508834928,10
1996-11-28,3,0.0,2.0,1.0,0.0,1.9877676767500816,8.045109279919416e-05,0.0006138396456662606,0.006341218548186509,3
1996-11-29,2,0.0,0.0,0.0,2.0,0.0054551152279599,9.180406777886674e-05,1.98148113489151,2.8133669729868416e-05,2
1996-11-30,5,0.0,3.0,0.0,2.0,2.802472024974122,0.00035601541640060155,0.9841371958900709,7.80019981903024e-05,5
1996-12-01,0,,,,,0.0,0.0,0.0,0.0,0
1996-12-02,3,0.0,2.0,0.0,1.0,2.0093931276351213,0.00030846723166177775,0.8282841070322319,5.339485142030753e-05,3
1996-12-03,3,0.0,3.0,0.0,0.0,2.960819840431214,0.01842139659129303,0.0018822807578542868,7.729148819635157e-05,3
1996-12-04,5,0.0,3.0,0.0,2.0,2.5229247644856514,0.0009758860896908854,0.9828545574691816,0.00011655858452286338,5
1996-12-05,5,0.0,4.0,0.0,1.0,2.76373688890817,0.00040813936539049956,0.010731736216257474,9.276469154428924e-05,5
1996-12-06,8,0.0,6.0,1.0,1.0,4.827352294436423,0.0023454700549336406,1.9617550580278473,0.0013798226982543735,8
1996-12-07,3,0.0,3.0,0.0,0.0,1.994931944325799,0.00010356857092119753,7.520174403907731e-05,0.0023881638662714547,3
1996-12-08,0,,,,,0.0,0.0,0.0,0.0,0
1996-12-09,12,0.0,12.0,0.0,0.0,11.926811695098877,1.0249141168505955,1.9313402020707144,0.005377459475312187,12
1996-12-10,4,0.0,3.0,1.0,0.0,2.9822974408580194,8.036920553422533e-05,9.985648648580536e-05,0.0037875840425839404,4
1996-12-11,10,0.0,9.0,0.0,1.0,8.04158850834574,0.019870369815180276,0.9762605892810824,0.0003280485798313417,10
1996-12-12,0,,,,,0.0,0.0,0.0,0.0,0
1996-12-13,2,0.0,2.0,0.0,0.0,0.9994056680297945,9.978596426662989e-05,0.18134598286269463,3.424531223572558e-05,2
1996-12-14,1,0.0,1.0,0.0,0.0,0.0002539504203014,0.000200601760298,4.4195257942192256e-05,2.2923199139768254e-05,1
1996-12-15,0,,,,,0.0,0.0,0.0,0.0,0
1996-12-16,0,,,,,0.0,0.0,0.0,0.0,0
1996-12-17,4,0.0,4.0,0.0,0.0,3.0228790566325188,0.004085368093001189,0.005288913829644951,0.00015925103343759862,4
1996-12-18,1,0.0,1.0,0.0,0.0,8.768905536271632e-05,2.1127598301973197e-05,1.7299005776294507e-05,1.4569910490536133e-05,1
1996-12-19,2,1.0,1.0,0.0,0.0,0.9943754119904042,5.293755930324551e-05,6.12484091107035e-05,2.9919735425210092e-05,2
1996-12-20,11,3.0,6.0,0.0,2.0,5.145470011615544,2.7439968521784976,3.0971646619527746,0.0012482496795199979,11
1996-12-21,4,0.0,2.0,0.0,2.0,1.8549220537533984,0.0001042277435772121,1.0096384526314068,6.496912828879431e-05,4
1996-12-22,0,,,,,0.0,0.0,0.0,0.0,0
1996-12-23,5,0.0,5.0,0.0,0.0,4.9439427852630615,0.00011706102213793201,0.0003661063528852156,7.744613139948342e-05,5
1996-12-24,4,0.0,4.0,0.0,0.0,3.9474228024482727,0.0082635432481764,0.0005451003380585,0.00011155861466249917,4
1996-12-25,1,0.0,1.0,0.0,0.0,0.0441365204751491,1.542904101370368e-05,1.6262432836811058e-05,1.3676835806109011e-05,1
1996-12-26,0,,,,,0.0,0.0,0.0,0.0,0
1996-12-27,9,1.0,7.0,0.0,1.0,6.7921100508538075,0.8542603542800862,0.9728678563806169,0.004019362158942295,9
1996-12-28,2,0.0,2.0,0.0,0.0,1.0022075071465224,4.443302714207676e-05,0.8642418594026822,2.9738506782450713e-05,2
1996-12-29,0,,,,,0.0,0.0,0.0,0.0,0
1996-12-30,0,,,,,0.0,0.0,0.0,0.0,0
1996-12-31,4,0.0,4.0,0.0,0.0,3.954518437385559,8.46402972456417e-05,0.9778468827862525,7.768717114231549e-05,4
1997-01-01,0,,,,,0.0,0.0,0.0,0.0,0
1997-01-02,0,,,,,0.0,0.0,0.0,0.0,0
1997-01-03,2,0.0,2.0,0.0,0.0,0.9965225849300622,3.8394637158489786e-05,0.0005531990755116214,3.086912602157099e-05,2
1997-01-04,5,1.0,4.0,0.0,0.0,3.8234440330415964,0.9652406589848396,1.205998769160942,0.00023488000897486352,5
1997-01-05,0,,,,,0.0,0.0,0.0,0.0,0
1997-01-06,0,,,,,0.0,0.0,0.0,0.0,0
1997-01-07,1,0.0,0.0,0.0,1.0,1.5339144738391042e-05,2.341683102713432e-05,2.4352066247956827e-05,1.4036716493137646e-05,1
1997-01-08,2,0.0,1.0,0.0,1.0,0.425659324042499,4.025418638775591e-05,0.9191079955780879,2.989937820530031e-05,2
1997-01-09,1,0.0,1.0,0.0,0.0,0.1600679755210876,1.6215841242228635e-05,0.0030670976266264,1.4357795407704543e-05,1
1997-01-10,4,0.0,4.0,0.0,0.0,3.6418480277061462,0.001402207599312475,0.00021022926193832556,8.390891161980107e-05,4
1997-01-11,2,0.0,2.0,0.0,0.0,0.8312353370711207,4.53811608167598e-05,5.142996087670326e-05,3.0455966225417797e-05,2
1997-01-12,0,,,,,0.0,0.0,0.0,0.0,0
1997-01-13,0,,,,,0.0,0.0,0.0,0.0,0
1997-01-14,2,0.0,1.0,0.0,1.0,0.001171594749393986,0.00016851015061543963,6.995449439273216e-05,4.646892011805903e-05,2
1997-01-15,0,,,,,0.0,0.0,0.0,0.0,0
1997-01-16,3,0.0,2.0,0.0,1.0,1.981985372323834,0.0016375936320400456,0.0041660171409601,5.780701667390531e-05,3
1997-01-17,1,0.0,1.0,0.0,0.0,0.9893765449523926,1.501866790931672e-05,0.3049461245536804,1.2819226867577528e-05,1
1997-01-18,9,0.0,7.0,0.0,2.0,6.84219735104125,0.000288727052975446,0.5578226365832958,0.00020058753307239385,9
1997-01-19,0,,,,,0.0,0.0,0.0,0.0,0
1997-01-20,2,0.0,2.0,0.0,0.0,0.8961288509890437,0.00030656312446807667,0.0051013830598093625,6.560444307979196e-05,2
1997-01-21,4,0.0,2.0,0.0,2.0,1.9803875023499131,0.0005828079756608664,0.018631399289006277,7.892352368799038e-05,4
1997-01-22,2,0.0,2.0,0.0,0.0,1.9820590019226074,0.0006030869408275999,0.00021670420392173943,4.4707077904604375e-05,2
1997-01-23,0,,,,,0.0,0.0,0.0,0.0,0
1997-01-24,9,0.0,9.0,0.0,0.0,3.7977059893310066,0.00521614158606069,0.01734134055914134,0.00018627858753461624,9
1997-01-25,0,,,,,0.0,0.0,0.0,0.0,0
1997-01-26,0,,,,,0.0,0.0,0.0,0.0,0
1997-01-27,0,,,,,0.0,0.0,0.0,0.0,0
1997-01-28,6,0.0,6.0,0.0,0.0,4.075246993452311,0.00010496264621906448,1.9023248636440258,8.299336514028255e-05,6
1997-01-29,16,1.0,15.0,0.0,0.0,15.782176613807678,0.9820393596519351,3.673856308111681,0.0006830321190136094,16
1997-01-30,7,0.0,6.0,0.0,1.0,5.0481516774743795,0.00044001995956924973,0.1452645695735553,0.0009088363894987899,7
1997-01-31,2,0.0,2.0,0.0,0.0,1.994000256061554,0.005001219153200474,0.00044233620792507266,0.004915231917038874,2
1997-02-01,5,1.0,3.0,0.0,1.0,2.12631779757794,0.004579835482218125,0.9735470289215299,7.783367891533999e-05,5
1997-02-02,0,,,,,0.0,0.0,0.0,0.0,0
1997-02-03,10,0.0,8.0,0.0,2.0,6.990264382242458,0.005679157024132926,1.0237537474331473,0.00014227804695110535,10
1997-02-04,2,0.0,2.0,0.0,0.0,1.9948958754539492,0.963602766754775,7.705605094088241e-05,5.4146193178894464e-05,2
1997-02-05,11,2.0,5.0,0.0,4.0,3.999225358664262,0.04231838302075615,3.024921885871663,0.0007850440624679163,11
1997-02-06,4,0.0,3.0,0.0,1.0,1.8665753759760264,0.00029488803647831157,0.005098011526570099,6.143034170236206e-05,4
1997-02-07,3,0.0,3.0,0.0,0.0,1.0244871971663088,0.00042067804315591543,0.03888978209033662,5.3780545385961886e-05,3
1997-02-08,9,0.0,8.0,0.0,1.0,6.779498115884053,0.000262190485955216,0.0006854903240306347,0.00018229656780022196,9
1997-02-09,0,,,,,0.0,0.0,0.0,0.0,0
1997-02-10,5,0.0,5.0,0.0,0.0,1.0750123037942103,0.00015235727551043965,0.00015224647722789086,8.599680313636782e-05,5
1997-02-11,24,0.0,23.0,1.0,0.0,6.66401854007563,0.9516376595911424,1.2490946447142042,0.04553645336818588,24
1997-02-12,7,0.0,4.0,0.0,3.0,1.0340971662353693,0.00470525773835089,0.9516214816267163,0.00016536156181246042,7
1997-02-13,9,1.0,6.0,0.0,2.0,2.1660241214558478,0.052195639707860834,1.9728942312613067,0.0048927336956693206,9
1997-02-14,3,0.0,2.0,0.0,1.0,0.9786442825807171,7.444791663147043e-05,7.341096170421224e-05,4.578186690196162e-05,2
1997-02-15,2,0.0,2.0,0.0,0.0,1.9684362411499023,0.006334096186037628,0.0003814138872256914,3.3091247132688295e-05,2
1997-02-16,0,,,,,0.0,0.0,0.0,0.0,0
1997-02-17,1,0.0,1.0,0.0,0.0,0.9984535574913024,1.643725045141764e-05,0.0003000242286361,2.63736437773332e-05,1
1997-02-18,4,0.0,4.0,0.0,0.0,2.058696380292531,0.011085462741902901,0.0004101365993846893,6.791703890485223e-05,4
1997-02-19,6,0.0,6.0,0.0,0.0,4.947215126827359,0.00024439409389741696,0.0013408117320066503,0.00016371472611353965,6
1997-02-20,6,0.0,5.0,0.0,1.0,4.067026625853032,0.019929671330828475,0.9697546408488051,9.935165689967107e-05,6
1997-02-21,0,,,,,0.0,0.0,0.0,0.0,0
1997-02-22,10,1.0,5.0,0.0,4.0,3.728822939907331,0.9518396781195405,1.174911992027773,0.0055101637026381154,10
1997-02-23,0,,,,,0.0,0.0,0.0,0.0,0
1997-02-24,0,,,,,0.0,0.0,0.0,0.0,0
1997-02-25,1,0.0,0.0,0.0,1.0,0.0032609023619443,2.6370313207735308e-05,0.987643539905548,1.861963210103568e-05,1
1997-02-26,3,0.0,2.0,0.0,1.0,0.0950041234609669,0.0001039354974636808,0.04000833044483433,6.18073108853423e-05,3
1997-02-27,7,1.0,5.0,0.0,1.0,3.8167575470215525,0.9395175877616565,0.0034878948008553877,0.00017042771469277795,7
1997-02-28,10,0.0,9.0,0.0,1.0,6.691328785265796,0.00021261749589029932,3.6560610625456316,0.00014245555121306097,10
1997-03-01,10,0.0,7.0,0.0,3.0,5.10507066635182,0.00585667635186804,0.9902650013245872,0.00018152071334043285,10
1997-03-02,0,,,,,0.0,0.0,0.0,0.0,0
1997-03-03,3,0.0,3.0,0.0,0.0,1.9873842874949332,8.54789850563975e-05,0.00017914746604217653,0.0012074890910297974,3
1997-03-04,11,0.0,10.0,0.0,1.0,1.8151871211703103,0.0017507763677712498,0.01475706766359459,0.013731685858147087,11
1997-03-05,2,0.0,2.0,0.0,0.0,1.7226442098617554,7.113971150829457e-05,8.083449574769475e-05,3.411375291761942e-05,2
1997-03-06,3,0.0,3.0,0.0,0.0,2.9459086656570435,0.0003536296717356028,0.0004044485031044508,7.006722626101691e-05,3
1997-03-07,4,0.0,4.0,0.0,0.0,2.763660494238138,6.361594023474026e-05,0.0004227892768539943,5.593944661086425e-05,4
1997-03-08,8,0.0,7.0,0.0,1.0,4.821414992969949,0.0009655806079535551,0.06732716231817885,0.00012033661914756522,8
1997-03-09,0,,,,,0.0,0.0,0.0,0.0,0
1997-03-10,0,,,,,0.0,0.0,0.0,0.0,0
1997-03-11,6,0.0,5.0,0.0,1.0,3.95479763225012,0.0005609931995421871,0.9679179091253899,9.032351408677641e-05,6
1997-03-12,9,0.0,9.0,0.0,0.0,4.964155242778361,0.0018120773438567077,0.010975746465191838,0.003506886409013406,9
1997-03-13,5,0.0,3.0,0.0,2.0,2.099667619797401,0.00017187900812132284,0.01582435561067537,7.368336173385615e-05,5
1997-03-14,3,0.0,3.0,0.0,0.0,0.9575543733626545,8.320663437189069e-05,9.388487524120137e-05,4.9755321015254594e-05,3
1997-03-15,4,0.0,4.0,0.0,0.0,3.9951722621917725,0.00784033813397393,0.00031664403468310923,7.995681517058983e-05,4
1997-03-16,0,,,,,0.0,0.0,0.0,0.0,0
1997-03-17,1,0.0,1.0,0.0,0.0,0.0029978700913488,2.984429374919273e-05,3.3199703466380015e-05,2.2032876586308703e-05,1
1997-03-18,3,0.0,3.0,0.0,0.0,2.956041753292084,0.005669017156833343,0.00022088080004316782,7.314605682040565e-05,3
1997-03-19,3,0.0,3.0,0.0,0.0,2.154734790325165,6.369990660459734e-05,0.9415341463809456,4.741006978292717e-05,3
1997-03-20,3,0.0,1.0,1.0,1.0,0.9986717252577365,5.1859519771824125e-05,0.0009467901436435928,0.01980300085688208,3
1997-03-21,7,0.0,7.0,0.0,0.0,5.348263373278314,0.00015321615865104832,0.00048691160009173816,0.0006020210903441915,7
1997-03-22,3,0.0,2.0,0.0,1.0,1.08644499827642,0.00018337864457861102,0.012942743007442817,4.613512192008784e-05,3
1997-03-23,0,,,,,0.0,0.0,0.0,0.0,0
1997-03-24,4,0.0,4.0,0.0,0.0,2.6718012605706463,0.0006850401441624286,0.00014838974948361283,0.0002835941004376908,4
1997-03-25,11,0.0,8.0,0.0,3.0,5.362038200313691,0.0002743542554526357,0.2798770766239611,0.00018116601586370962,11
1997-03-26,10,0.0,10.0,0.0,0.0,8.803166380152106,0.007231448398670041,0.9070906131146327,0.00014443720465351362,10
1997-03-27,3,0.0,3.0,0.0,0.0,2.9680376648902893,6.318700798146892e-05,0.00010460016164870467,7.677700887143146e-05,3
1997-03-28,0,,,,,0.0,0.0,0.0,0.0,0
1997-03-29,3,0.0,3.0,0.0,0.0,2.9869000911712646,4.950991387886461e-05,0.8098458984204625,5.858324129803805e-05,3
1997-03-30,0,,,,,0.0,0.0,0.0,0.0,0
1997-03-31,1,0.0,1.0,0.0,0.0,0.999618649482727,1.7362091966788284e-05,0.0005021295510232,1.3858217243978288e-05,1
1997-04-01,5,0.0,5.0,0.0,0.0,4.915727972984314,0.0011426060727898824,0.9494031510839703,9.142044837062714e-05,5
1997-04-02,2,0.0,2.0,0.0,0.0,1.021669216454029,0.0074625462293624,0.0009216893740812847,0.00014865582488708855,2
1997-04-03,12,0.0,12.0,0.0,0.0,4.247250009619164,0.006480359576016663,0.05479662270772655,0.0006020555483699867,12
1997-04-04,6,0.0,5.0,0.0,1.0,3.967230052367085,0.004228858764690721,0.030856996630973056,9.30140377022326e-05,6
1997-04-05,0,,,,,0.0,0.0,0.0,0.0,0
1997-04-06,0,,,,,0.0,0.0,0.0,0.0,0
1997-04-07,0,,,,,0.0,0.0,0.0,0.0,0
1997-04-08,2,0.0,1.0,0.0,1.0,1.0007450103294104,5.026102553529199e-05,0.0697448244718543,3.059928076254437e-05,2
1997-04-09,11,0.0,10.0,0.0,1.0,3.176267644106701,0.0012528627758000288,0.0022602785211345033,0.0004701718016803984,11
1997-04-10,2,0.0,1.0,0.0,1.0,0.034373309987131395,0.00020855942602789605,0.5377566838997154,0.008792255617663532,2
1997-04-11,2,0.0,2.0,0.0,0.0,1.1153946816921234,3.266120438638609e-05,0.001198450503579805,2.7398847123549785e-05,1
1997-04-12,3,0.0,3.0,0.0,0.0,1.9849023607603158,5.080359187559224e-05,7.751021439617034e-05,7.320595977944322e-05,3
1997-04-13,0,,,,,0.0,0.0,0.0,0.0,0
1997-04-14,0,,,,,0.0,0.0,0.0,0.0,0
1997-04-15,4,0.0,4.0,0.0,0.0,2.936820160597563,0.0016971547192951271,0.0002930549453592952,0.00010195628601650242,3
1997-04-16,2,0.0,2.0,0.0,0.0,0.1767183020710944,0.00010996716810041107,0.0002014156998483,5.4698244639439515e-05,2
1997-04-17,16,1.0,11.0,0.0,4.0,8.128139444776025,0.9897788941671023,2.7966375104679173,0.00027862728438776685,16
1997-04-18,2,0.0,2.0,0.0,0.0,1.9982270002365112,0.000356321883373221,4.865760820393916e-05,3.102231312368531e-05,2
1997-04-19,3,1.0,2.0,0.0,0.0,2.6944925785064697,0.9802049797417567,0.000668428399876488,4.4219598748895805e-05,3
1997-04-20,0,,,,,0.0,0.0,0.0,0.0,0
1997-04-21,1,0.0,0.0,0.0,1.0,0.9210034608840942,8.477493247482926e-05,0.9974543452262878,1.4737893252458887e-05,1
1997-04-22,1,0.0,0.0,0.0,1.0,0.0037698806263506,2.8840226150350645e-05,0.9993953108787536,1.4643389476987068e-05,1
1997-04-23,4,1.0,3.0,0.0,0.0,0.984097318490967,0.9834312623916047,0.0009233775508618113,0.0001212201359521714,4
1997-04-24,7,0.0,5.0,1.0,1.0,4.26968532189494,0.0002395753690507263,0.06597393523406922,0.9155621686686571,7
1997-04-25,3,1.0,2.0,0.0,0.0,2.8595017194747925,0.9865651504060223,0.9455142535207416,5.19318909937283e-05,3
1997-04-26,4,1.0,3.0,0.0,0.0,2.951237402186962,0.9689858590336372,0.00038392694841595686,6.659714563284069e-05,4
1997-04-27,0,,,,,0.0,0.0,0.0,0.0,0
1997-04-28,1,0.0,1.0,0.0,0.0,0.9978160858154296,0.0006344283465296,3.924453631043434e-05,2.683175989659503e-05,1
1997-04-29,2,0.0,2.0,0.0,0.0,1.9844624400138855,7.820681457815226e-05,7.328738502110355e-05,0.009782605107830005,2
1997-04-30,12,0.0,7.0,0.0,5.0,6.8703730318229645,0.0013086010967524701,2.716987875124687,0.0002788491738101479,12
1997-05-01,3,0.0,3.0,0.0,0.0,1.967746567021095,7.495861609640997e-05,7.297610864043236e-05,4.58344884464168e-05,3
1997-05-02,0,,,,,0.0,0.0,0.0,0.0,0
1997-05-03,3,0.0,3.0,0.0,0.0,2.9826515913009644,5.764979141531512e-05,0.00011007258763129357,0.0024640568481117506,3
1997-05-04,0,,,,,0.0,0.0,0.0,0.0,0
1997-05-05,0,,,,,0.0,0.0,0.0,0.0,0
1997-05-06,0,,,,,0.0,0.0,0.0,0.0,0
1997-05-07,15,1.0,12.0,0.0,2.0,9.582868624736875,1.0197626082126587,1.8031230973501806,0.25575940294856986,15
1997-05-08,9,1.0,8.0,0.0,0.0,5.693010757328011,1.0062765969441896,1.9468799716360081,0.0002201750139647629,9
1997-05-09,12,1.0,9.0,0.0,2.0,4.968363266089,0.0073213246996601585,1.000352679644493,0.007719651151091927,12
1997-05-10,3,0.0,3.0,0.0,0.0,1.9367239743078244,7.43738255550852e-05,7.195504622359294e-05,5.3785715863341466e-05,3
1997-05-11,0,,,,,0.0,0.0,0.0,0.0,0
1997-05-12,0,,,,,0.0,0.0,0.0,0.0,0
1997-05-13,5,0.0,2.0,0.0,3.0,1.0013414677487162,0.00011666772479657084,1.895819052826482,6.959137681405991e-05,5
1997-05-14,4,1.0,3.0,0.0,0.0,1.1206385736586526,0.016434141607533027,0.05450935026601647,5.709932065656176e-05,4
1997-05-15,1,0.0,1.0,0.0,0.0,0.0008027383009903,2.199113259848673e-05,2.5923860448529013e-05,1.5333431292674504e-05,1
1997-05-16,2,0.0,2.0,0.0,0.0,1.3574233055114746,0.0004686944357672336,0.001427408555173274,0.00017129461230066522,2
1997-05-17,6,0.0,6.0,0.0,0.0,5.506628513336182,0.0001836792416725075,0.12683700265915826,0.00010351181299483869,6
1997-05-18,0,,,,,0.0,0.0,0.0,0.0,0
1997-05-19,6,0.0,4.0,0.0,2.0,2.9582364384314133,0.00011730639744200744,2.667066946880368,8.496980535710463e-05,6
1997-05-20,3,0.0,2.0,0.0,1.0,1.9718617969192564,0.0034185238573626593,2.119294971227646,4.1176658669428434e-05,3
1997-05-21,15,0.0,14.0,0.0,1.0,9.920988685978955,0.002776484605419422,1.839418803578155,0.0003221321167075075,15
1997-05-22,4,0.0,4.0,0.0,0.0,2.9689375795423985,0.018819166695720837,0.00018910245125880465,6.408685658243485e-05,4
1997-05-23,1,0.0,1.0,0.0,0.0,0.9703912734985352,0.0003895810514222,0.0284118112176656,1.5153825188463088e-05,1
1997-05-24,0,,,,,0.0,0.0,0.0,0.0,0
1997-05-25,0,,,,,0.0,0.0,0.0,0.0,0
1997-05-26,3,0.0,2.0,0.0,1.0,1.9956473489801283,0.00021123866099514998,0.002188209851738,0.0007353878381763447,3
1997-05-27,4,1.0,1.0,0.0,2.0,0.7713452841126127,0.0024812372139420683,1.0090533251932354,6.17012256043381e-05,4
1997-05-28,6,0.0,5.0,0.0,1.0,4.993853301741183,0.03320193169565755,0.5127075495292956,9.033935384650249e-05,6
1997-05-29,3,0.0,2.0,0.0,1.0,1.931983289294294,0.0001932228660734203,0.1964613414565974,4.2255379412381444e-05,3
1997-05-30,5,0.0,4.0,0.0,1.0,3.4329780377465795,0.020333062914687474,0.12152786044680375,9.126329587161308e-05,5
1997-05-31,3,0.0,3.0,0.0,0.0,2.551701009273529,0.004631443816833703,0.00046664105320802854,0.7947076497293892,3
1997-06-01,0,,,,,0.0,0.0,0.0,0.0,0
1997-06-02,0,,,,,0.0,0.0,0.0,0.0,0
1997-06-03,5,0.0,3.0,0.0,2.0,0.9902509031671797,0.00016654228784318548,0.07176680548946014,0.00010233501143375179,5
1997-06-04,2,0.0,2.0,0.0,0.0,0.1767196506261824,0.00010996698983944952,0.0002014157944358,5.4698244639439515e-05,2
1997-06-05,2,0.0,1.0,0.0,1.0,0.7344188056886196,2.9961780455778353e-05,0.0119141918839886,2.5673655727587175e-05,2
1997-06-06,1,0.0,1.0,0.0,0.0,0.0138894123956561,0.0028386188205331,0.0007192053017206,6.901812594151124e-05,1
1997-06-07,1,0.0,1.0,0.0,0.0,0.0006251920713111,3.186773392371833e-05,0.0002797504421323,1.3509906239050906e-05,1
1997-06-08,0,,,,,0.0,0.0,0.0,0.0,0
1997-06-09,1,0.0,1.0,0.0,0.0,0.9971396327018738,2.201438292104285e-05,2.0271874745958485e-05,1.5925705156405456e-05,1
1997-06-10,5,0.0,5.0,0.0,0.0,3.9778699540474918,0.0007107299625203531,0.00024565084277119385,0.0005210896742937493,5
1997-06-11,3,0.0,2.0,0.0,1.0,0.0928510076482779,0.0020872910190518207,0.02894572211516786,5.444662929221522e-05,3
1997-06-12,1,1.0,0.0,0.0,0.0,0.9624201655387878,0.990325093269348,1.945539224834647e-05,1.3523532288672868e-05,1
1997-06-13,0,,,,,0.0,0.0,0.0,0.0,0
1997-06-14,11,0.0,10.0,0.0,1.0,9.033678723006233,1.9514099893312957,0.9883337870523972,0.09132712684640856,11
1997-06-15,0,,,,,0.0,0.0,0.0,0.0,0
1997-06-16,0,,,,,0.0,0.0,0.0,0.0,0
1997-06-17,14,0.0,8.0,0.0,6.0,6.306252894806675,0.008592893973400215,3.9011889203084134,0.00023035023787087994,14
1997-06-18,2,0.0,2.0,0.0,0.0,1.9416514039039612,0.0004246707540005,0.021762111224234,4.1347012484038714e-05,2
1997-06-19,9,0.0,4.0,0.0,5.0,3.071340196416713,0.01063664756475178,4.083083120440278,0.0003334231760163609,9
1997-06-20,12,1.0,10.0,0.0,1.0,9.699446281942073,0.8724844333883083,1.016500159589668,0.00018555522001406644,12
1997-06-21,1,0.0,1.0,0.0,0.0,0.9874152541160583,2.467136073391885e-05,5.2912073442712426e-05,1.5676232578698546e-05,1
1997-06-22,0,,,,,0.0,0.0,0.0,0.0,0
1997-06-23,2,0.0,2.0,0.0,0.0,0.0380648171703795,6.005839350109454e-05,4.29161918873433e-05,3.0230942684283946e-05,2
1997-06-24,8,1.0,5.0,0.0,2.0,3.0617988558624347,0.9603156694483912,0.8771398801382019,0.00012296290060476167,7
1997-06-25,12,2.0,6.0,1.0,3.0,2.035151155043422,1.9325362807667261,2.793008518687202,0.9725622025162011,8
1997-06-26,13,0.0,4.0,2.0,7.0,2.0941538151346317,0.005928567237788119,3.8423640027613146,0.007399643679491283,8
1997-06-27,1,0.0,1.0,0.0,0.0,0.998271644115448,2.7174168280907907e-05,3.118254608125426e-05,1.5629380868631415e-05,1
1997-06-28,1,0.0,1.0,0.0,0.0,0.996001362800598,1.8639530026121065e-05,0.0018411304336041,1.3753495295532048e-05,1
1997-06-29,0,,,,,0.0,0.0,0.0,0.0,0
1997-06-30,0,,,,,0.0,0.0,0.0,0.0,0
1997-07-01,8,0.0,5.0,0.0,3.0,2.434020968707045,0.0005019912077840816,2.0874053303759865,0.0001486983437644085,8
1997-07-02,2,0.0,1.0,0.0,1.0,0.9980384976661297,6.227945232240018e-05,0.00010464555452927016,4.3476618884596974e-05,2
1997-07-03,7,0.0,7.0,0.0,0.0,5.871500339359045,0.00970358536869723,0.000661841482724393,0.0008537090461685686,7
1997-07-04,3,0.0,1.0,0.0,2.0,0.9980985671336383,6.652659249084536e-05,0.9238819734746356,0.00014887214274485655,3
1997-07-05,3,0.0,3.0,0.0,0.0,2.894769072532654,8.148871711455286e-05,8.04722476459574e-05,6.165253307699459e-05,3
1997-07-06,0,,,,,0.0,0.0,0.0,0.0,0
1997-07-07,1,0.0,1.0,0.0,0.0,0.9997450709342957,2.3551789126941003e-05,2.0265293642296456e-05,1.7643178580328822e-05,1
1997-07-08,2,0.0,2.0,0.0,0.0,1.9172526001930237,5.255972428130917e-05,5.907915510761086e-05,3.43328902090434e-05,2
1997-07-09,5,0.0,5.0,0.0,0.0,4.757716953754425,0.00014479555284196977,0.0012497038933360404,8.09196790214628e-05,5
1997-07-10,5,0.0,3.0,0.0,2.0,1.9916807942427113,0.00011265065222687554,0.04076366441040577,0.00010438642584631452,5
1997-07-11,7,0.0,7.0,0.0,0.0,6.796865224838257,0.0001156250509666279,0.7955632740940928,1.1509775623908352,7
1997-07-12,4,1.0,3.0,0.0,0.0,2.2842051722109318,0.9891045661079261,0.0009452507692911525,6.759775624232134e-05,4
1997-07-13,0,,,,,0.0,0.0,0.0,0.0,0
1997-07-14,2,0.0,2.0,0.0,0.0,1.995211601257324,9.669286009739153e-05,4.57624137197854e-05,3.2258567443932407e-05,2
1997-07-15,2,0.0,2.0,0.0,0.0,1.0512627214193344,4.778582297149114e-05,0.028059890086296897,2.9200098651926965e-05,2
1997-07-16,2,0.0,1.0,0.0,1.0,0.0420196226332336,0.0007652134554518215,0.0034479910391382,2.9855901630071457e-05,2
1997-07-17,6,0.0,6.0,0.0,0.0,5.856917560100555,0.0002310823583684396,0.0007595080896861698,0.00016204059284063987,6
1997-07-18,3,0.0,3.0,0.0,0.0,0.8966862112283707,0.005714635619369801,0.0067336627835173,0.006098160047258659,3
1997-07-19,1,0.0,1.0,0.0,0.0,0.920666754245758,3.0744635296287015e-05,3.140471017104573e-05,1.8047241610474885e-05,1
1997-07-20,0,,,,,0.0,0.0,0.0,0.0,0
1997-07-21,11,1.0,10.0,0.0,0.0,9.92585117276758,0.9783602527622861,1.6824956722612114,0.00024078683691186598,11
1997-07-22,5,0.0,5.0,0.0,0.0,4.761824667453766,0.031116713926166918,0.00197755616318313,0.12145332871114067,5
1997-07-23,5,0.0,2.0,0.0,3.0,1.9306501796254452,0.00012184811021143105,1.8782074963928608,8.114879256027052e-05,5
1997-07-24,1,0.0,0.0,0.0,1.0,5.458047962747514e-05,1.6997828424791805e-05,0.008806406520307,1.4129426745057572e-05,1
1997-07-25,7,0.0,7.0,0.0,0.0,6.093702927231789,0.9474850740016334,0.0015207367123366486,0.00010969336108246353,7
1997-07-26,16,1.0,15.0,0.0,0.0,11.902480722801556,1.0188899129216222,0.9468838638322267,0.00024233815565821715,16
1997-07-27,0,,,,,0.0,0.0,0.0,0.0,0
1997-07-28,0,,,,,0.0,0.0,0.0,0.0,0
1997-07-29,5,0.0,1.0,0.0,4.0,1.0658450815826652,0.00023234188665803912,0.40258217319205836,7.521731004089816e-05,5
1997-07-30,3,0.0,3.0,0.0,0.0,1.9738736390136182,0.9842420976201538,0.00042842838956850117,5.761608554166742e-05,3
1997-07-31,0,,,,,0.0,0.0,0.0,0.0,0
1997-08-01,2,0.0,2.0,0.0,0.0,0.9985017325961962,0.00011520001135068014,7.226859634101856e-05,3.134927828796208e-05,2
1997-08-02,5,0.0,5.0,0.0,0.0,1.8374424409121273,0.00012678610983130056,0.02828152911570209,8.493567838741001e-05,5
1997-08-03,0,,,,,0.0,0.0,0.0,0.0,0
1997-08-04,0,,,,,0.0,0.0,0.0,0.0,0
1997-08-05,2,0.0,1.0,0.0,1.0,0.1006396254524588,7.717543485341594e-05,0.020753383803821503,4.098764020454837e-05,2
1997-08-06,9,1.0,7.0,0.0,1.0,6.366129461723176,0.0002593801127658806,1.1160874662045899,0.4052536922099534,9
1997-08-07,6,0.0,6.0,0.0,0.0,5.932068288326263,0.009530321571219002,0.8727794039587023,0.00016099393633339787,6
1997-08-08,0,,,,,0.0,0.0,0.0,0.0,0
1997-08-09,2,1.0,1.0,0.0,0.0,0.008067338989348999,0.014957754901843123,4.752608401759062e-05,3.20331055263523e-05,2
1997-08-10,0,,,,,0.0,0.0,0.0,0.0,0
1997-08-11,2,0.0,2.0,0.0,0.0,1.9585058689117432,3.938612644560635e-05,0.0010347916686441,2.899482387874741e-05,2
1997-08-12,1,0.0,1.0,0.0,0.0,0.9924490451812744,2.1691399524570443e-05,2.3701035388512537e-05,1.444038571207784e-05,0
1997-08-13,5,1.0,4.0,0.0,0.0,2.8703130948269973,0.9378380079342605,0.06094781334468276,7.670285685890121e-05,5
1997-08-14,10,1.0,8.0,0.0,1.0,8.935795996338129,0.998128003894635,0.9861148630152458,0.000188196642739058,10
1997-08-15,0,,,,,0.0,0.0,0.0,0.0,0
1997-08-16,1,0.0,0.0,0.0,1.0,1.6842150216689333e-05,1.496845743531594e-05,9.971130202757196e-05,1.4277230548032094e-05,1
1997-08-17,0,,,,,0.0,0.0,0.0,0.0,0
1997-08-18,1,0.0,0.0,0.0,1.0,0.0298118311911821,7.82392526161857e-05,0.9972149133682252,1.551233981444966e-05,1
1997-08-19,0,,,,,0.0,0.0,0.0,0.0,0
1997-08-20,2,0.0,2.0,0.0,0.0,0.9765608758316374,0.007464356593118264,0.00024262461374743174,3.54222756868694e-05,2
1997-08-21,5,0.0,5.0,0.0,0.0,3.9365915432572365,0.0002463793553033174,0.06057644018801496,9.38890934776282e-05,5
1997-08-22,4,1.0,3.0,0.0,0.0,2.988753294572234,0.99135165629923,0.0003804830430453835,6.290912915574154e-05,4
1997-08-23,5,0.0,5.0,0.0,0.0,2.894189730286598,0.03422242927899772,0.010999165961038398,8.526061083102832e-05,5
1997-08-24,0,,,,,0.0,0.0,0.0,0.0,0
1997-08-25,3,0.0,3.0,0.0,0.0,1.071447668597102,0.004296395227356615,0.0008900711909517023,7.937820373626892e-05,3
1997-08-26,2,1.0,1.0,0.0,0.0,0.0008532788560840999,0.0009488345604039859,6.373486212396529e-05,4.5532180592999794e-05,2
1997-08-27,2,0.0,2.0,0.0,0.0,1.9972756505012512,3.2402301258116495e-05,0.003434336569625867,0.0003676945962069782,2
1997-08-28,7,0.0,5.0,0.0,2.0,1.2209690194831635,0.0023261751202880137,0.038710902219463286,0.00016921530004765373,7
1997-08-29,0,,,,,0.0,0.0,0.0,0.0,0
1997-08-30,2,0.0,2.0,0.0,0.0,1.992181122303009,6.193722765601706e-05,0.8158114640900749,0.07722744363763917,2
1997-08-31,0,,,,,0.0,0.0,0.0,0.0,0
1997-09-01,1,0.0,1.0,0.0,0.0,0.9935038685798644,2.6709931262303144e-05,4.786527279065922e-05,1.540206176287029e-05,1
1997-09-02,1,0.0,1.0,0.0,0.0,0.9965804815292358,2.996545663336292e-05,3.4645403502509e-05,1.5462683222722262e-05,0
1997-09-03,0,,,,,0.0,0.0,0.0,0.0,0
1997-09-04,1,0.0,1.0,0.0,0.0,0.9030441045761108,2.1229754565865733e-05,4.666335735237226e-05,1.5976556824170984e-05,1
1997-09-05,2,0.0,1.0,0.0,1.0,0.999160637409659,0.00015396506387323073,0.05181451165117317,3.254790226492332e-05,2
1997-09-06,0,,,,,0.0,0.0,0.0,0.0,0
1997-09-07,0,,,,,0.0,0.0,0.0,0.0,0
1997-09-08,0,,,,,0.0,0.0,0.0,0.0,0
1997-09-09,5,0.0,5.0,0.0,0.0,1.9667694742383899,0.000377406140614739,0.00037166349829929126,0.00013340006989892572,5
1997-09-10,0,,,,,0.0,0.0,0.0,0.0,0
1997-09-11,0,,,,,0.0,0.0,0.0,0.0,0
1997-09-12,3,1.0,2.0,0.0,0.0,0.03129806306242231,0.035866104464730424,0.0006662750074610589,8.593316306360066e-05,3
1997-09-13,0,,,,,0.0,0.0,0.0,0.0,0
1997-09-14,0,,,,,0.0,0.0,0.0,0.0,0
1997-09-15,0,,,,,0.0,0.0,0.0,0.0,0
1997-09-16,8,0.0,6.0,1.0,1.0,5.07592055387795,0.0016921000551518267,1.7958063076930557,0.7716892536764135,8
1997-09-17,3,0.0,2.0,1.0,0.0,1.0285145105008267,0.00615523757915055,0.006028841775332575,0.0028336727827989747,3
1997-09-18,1,0.0,1.0,0.0,0.0,0.931573450565338,0.0018525628838688,0.0021459453273564,1.5525311027886346e-05,1
1997-09-19,4,0.0,4.0,0.0,0.0,1.997900898102671,0.963872561995231,0.00010356610437156633,0.7810981660813923,4
1997-09-20,0,,,,,0.0,0.0,0.0,0.0,0
1997-09-21,0,,,,,0.0,0.0,0.0,0.0,0
1997-09-22,3,0.0,3.0,0.0,0.0,2.986425817012787,0.00011637137504294515,1.9289127673619075,4.714024998975219e-05,3
1997-09-23,4,0.0,4.0,0.0,0.0,1.8930474084918387,0.005348851302187478,0.0012964625348103435,9.869150926533621e-05,4
1997-09-24,0,,,,,0.0,0.0,0.0,0.0,0
1997-09-25,1,1.0,0.0,0.0,0.0,0.0003190147399436,0.0105972131714224,0.0001533927861601,1.4236658898880704e-05,1
1997-09-26,2,0.0,2.0,0.0,0.0,1.084807649254799,8.690222966833971e-05,0.00014701934924223246,4.1927245547412895e-05,2
1997-09-27,4,0.0,3.0,0.0,1.0,1.7733430161024444,0.00010015072075475473,0.020753974427861904,6.321371347439708e-05,4
1997-09-28,0,,,,,0.0,0.0,0.0,0.0,0
1997-09-29,1,0.0,1.0,0.0,0.0,0.0421663671731948,1.859126132330857e-05,0.029053958132863,1.3097434930386951e-05,1
1997-09-30,0,,,,,0.0,0.0,0.0,0.0,0
1997-10-01,11,0.0,10.0,0.0,1.0,5.91986743779853,0.030805613525444513,0.02163534748251512,0.00022645114222541451,11
1997-10-02,6,0.0,3.0,0.0,3.0,3.0013080687494944,0.0014745151474924551,3.8721784832378034,8.375125889870105e-05,6
1997-10-03,1,0.0,0.0,0.0,1.0,0.0673096254467964,1.5775638530612923e-05,0.4597259163856506,1.473369775339961e-05,1
1997-10-04,3,0.0,2.0,0.0,1.0,1.8840111185563728,6.663055501121562e-05,0.010473664213350213,4.404770425026072e-05,3
1997-10-05,0,,,,,0.0,0.0,0.0,0.0,0
1997-10-06,5,0.0,4.0,0.0,1.0,2.186193863450171,0.0001651228049013298,0.0002475610908732051,0.0007991229376784276,5
1997-10-07,0,,,,,0.0,0.0,0.0,0.0,0
1997-10-08,4,0.0,3.0,0.0,1.0,1.9430072970571928,0.00010991373710567132,0.020883849167148465,7.742301386315376e-05,4
1997-10-09,3,0.0,1.0,0.0,2.0,0.9331222574801359,6.238025343918707e-05,0.0007762286550131624,8.168265503627481e-05,3
1997-10-10,0,,,,,0.0,0.0,0.0,0.0,0
1997-10-11,3,0.0,2.0,0.0,1.0,0.9986213755910284,6.005083560012281e-05,0.01042834116014995,4.9606462198426016e-05,3
1997-10-12,0,,,,,0.0,0.0,0.0,0.0,0
1997-10-13,3,0.0,1.0,0.0,2.0,1.1235194623004645,0.00022647342666453198,1.1268584062945592,4.699329383583972e-05,3
1997-10-14,0,,,,,0.0,0.0,0.0,0.0,0
1997-10-15,3,0.0,3.0,0.0,0.0,0.0057112582144326005,8.482447810820304e-05,0.00035805256993623984,0.00010171570465900004,3
1997-10-16,3,0.0,3.0,0.0,0.0,2.9189205169677734,9.783545101527125e-05,0.00010218915485893376,5.0149164962931536e-05,3
1997-10-17,5,0.0,3.0,0.0,2.0,1.6190115681565658,0.00408171774870416,1.291379305288501,7.35585290385643e-05,5
1997-10-18,4,0.0,3.0,0.0,1.0,2.996757834102027,6.917031805642182e-05,0.01046500791198917,0.08617086476351679,4
1997-10-19,0,,,,,0.0,0.0,0.0,0.0,0
1997-10-20,2,0.0,2.0,0.0,0.0,1.9924334287643433,3.5494410440151114e-05,3.312085391371511e-05,3.339443628647132e-05,2
1997-10-21,1,0.0,1.0,0.0,0.0,0.9986283779144288,6.429753557313234e-05,4.3286829168209806e-05,1.6900892660487443e-05,1
1997-10-22,3,0.0,3.0,0.0,0.0,2.984002470970154,8.634869300294667e-05,0.00031813504756423374,4.314570651331451e-05,3
1997-10-23,7,0.0,7.0,0.0,0.0,6.95699816942215,0.031199086501146656,0.00014955666119931266,0.00012463067378121195,7
1997-10-24,4,0.0,3.0,0.0,1.0,2.99646511557512,6.983483035583049e-05,0.010738855889940106,6.520347596961074e-05,4
1997-10-25,3,0.0,2.0,1.0,0.0,1.0239160110359078,7.867855310905725e-05,0.00018388192256679758,0.03948321382631543,3
1997-10-26,0,,,,,0.0,0.0,0.0,0.0,0
1997-10-27,0,,,,,0.0,0.0,0.0,0.0,0
1997-10-28,4,0.0,3.0,0.0,1.0,1.9545413020532576,0.00010031284364231396,0.8873758434183401,6.18614285485819e-05,4
1997-10-29,13,0.0,10.0,0.0,3.0,2.000592773394601,0.0003223563044229729,0.000578173967369276,0.00021735552036261652,13
1997-10-30,13,0.0,8.0,1.0,4.0,6.70106168199527,0.001952610386069775,1.0267892040410516,0.008472493904264286,13
1997-10-31,2,0.0,2.0,0.0,0.0,1.9675822257995608,0.0012391122891130426,0.00016662342386549798,0.00045003510786038067,2
1997-11-01,11,0.0,11.0,0.0,0.0,10.882412791252136,0.01325840921890618,0.00141630852340313,0.0024770841164353584,11
1997-11-02,0,,,,,0.0,0.0,0.0,0.0,0
1997-11-03,3,1.0,2.0,0.0,0.0,7.850501515349606e-05,5.881650304218056e-05,6.53450424579205e-05,4.741504289995646e-05,3
1997-11-04,5,0.0,3.0,0.0,2.0,2.951645013057714,0.0006796367397327571,0.9670218775008833,8.738055657886434e-05,5
1997-11-05,10,2.0,5.0,1.0,2.0,3.9441397008768035,0.9402726277603507,0.0026769815176519054,0.023795124978278088,10
1997-11-06,0,,,,,0.0,0.0,0.0,0.0,0
1997-11-07,4,0.0,4.0,0.0,0.0,1.9875197635483344,9.075482194020879e-05,9.779486390470993e-05,6.430614030250581e-05,4
1997-11-08,2,0.0,2.0,0.0,0.0,1.0292149260640144,0.0023223568841785397,8.867425640346482e-05,3.399133856873959e-05,1
1997-11-09,0,,,,,0.0,0.0,0.0,0.0,0
1997-11-10,0,,,,,0.0,0.0,0.0,0.0,0
1997-11-11,16,0.0,14.0,0.0,2.0,11.859702471178027,0.010136716404303255,0.04360736419403089,0.0004397916400193935,16
1997-11-12,3,0.0,2.0,0.0,1.0,1.582209087908268,0.0001867034825408586,0.03974058511812471,4.925755001750076e-05,3
1997-11-13,5,1.0,4.0,0.0,0.0,3.839511204045266,0.9884223215103702,0.057096457369880074,7.267200089700054e-05,5
1997-11-14,6,0.0,2.0,2.0,2.0,1.0100123353095112,0.00012712325496977428,1.3129392160826683,0.17281786169951366,6
1997-11-15,12,2.0,9.0,0.0,1.0,7.995790389206377,1.9865979450787563,1.0008727658132557,0.1538706222163454,12
1997-11-16,0,,,,,0.0,0.0,0.0,0.0,0
1997-11-17,3,0.0,3.0,0.0,0.0,1.0281433348427524,0.00011285579603281803,0.00015411227104768408,5.9767724451376125e-05,3
1997-11-18,1,0.0,1.0,0.0,0.0,5.815140684717335e-05,1.6183545085368678e-05,2.5819877919275317e-05,1.4989755072747355e-05,1
1997-11-19,8,0.0,4.0,0.0,4.0,3.8757381665636785,0.0011803037577918054,3.9790631392352225,0.0001143339104601182,8
1997-11-20,6,0.0,4.0,0.0,2.0,2.0553795308114786,0.0001299920040764846,0.022145383201859558,0.00022944088414078386,6
1997-11-21,2,0.0,1.0,0.0,1.0,0.9991064711939542,3.0266578505688813e-05,0.9752320862280611,2.787694029393606e-05,2
1997-11-22,8,0.0,7.0,0.0,1.0,5.98700260638725,0.0002860713257177354,0.7082554390945004,0.002359343046009505,8
1997-11-23,0,,,,,0.0,0.0,0.0,0.0,0
1997-11-24,2,0.0,2.0,0.0,0.0,1.9543124437332153,7.673515938222408e-05,4.358961268735584e-05,0.005595561540758352,2
1997-11-25,2,0.0,2.0,0.0,0.0,0.0837980806827544,0.0108590354211627,0.0011815101606771,0.00012677138875005767,2
1997-11-26,4,0.0,3.0,0.0,1.0,2.0703750550746918,0.0008928066818043117,0.9999326498891604,6.717292035318678e-05,4
1997-11-27,5,0.0,4.0,0.0,1.0,3.743088770657778,0.0018811541176545555,0.9204808958202193,8.56944416227634e-05,5
1997-11-28,4,0.0,2.0,1.0,1.0,0.9946261072109335,0.004848236876568905,0.0042853218474191,0.00144107152482318,4
1997-11-29,2,0.0,2.0,0.0,0.0,0.8861996093764901,0.01380542765036804,7.37532573111821e-05,2.959647281386424e-05,2
1997-11-30,0,,,,,0.0,0.0,0.0,0.0,0
1997-12-01,0,,,,,0.0,0.0,0.0,0.0,0
1997-12-02,0,,,,,0.0,0.0,0.0,0.0,0
1997-12-03,1,0.0,1.0,0.0,0.0,0.8837719559669495,2.5547395125613548e-05,2.203043914050795e-05,1.6397223589592613e-05,1
1997-12-04,4,0.0,4.0,0.0,0.0,3.061105228960514,7.102385643520392e-05,0.0018094400365952477,6.9401205109898e-05,4
1997-12-05,7,0.0,6.0,0.0,1.0,0.5305428047431631,0.0003500957118376391,0.010982616877299099,0.00017875200137495992,7
1997-12-06,2,0.0,2.0,0.0,0.0,1.0562414154410362,0.02104814897393224,0.0007417906017507,8.816745139483828e-05,2
1997-12-07,0,,,,,0.0,0.0,0.0,0.0,0
1997-12-08,2,0.0,1.0,1.0,0.0,0.8600949067204056,4.409110078995582e-05,4.885434464085847e-05,0.00014315417411116572,2
1997-12-09,1,0.0,1.0,0.0,0.0,0.9284536242485046,2.9294995329109952e-05,2.207372926932294e-05,1.6893520296434872e-05,1
1997-12-10,2,0.0,2.0,0.0,0.0,1.0379359982907772,8.649102528579533e-05,0.04863811349423482,2.8916550036228728e-05,2
1997-12-11,2,0.0,1.0,0.0,1.0,0.992653918285214,5.7433737310930155e-05,0.0257388527534203,2.9308610464795493e-05,2
1997-12-12,3,0.0,3.0,0.0,0.0,1.954180372675182,0.00017787214164848586,0.0007008175489316793,4.996533243684098e-05,3
1997-12-13,6,0.0,2.0,0.0,4.0,2.812222550108345,0.0002558482628955669,1.948141020564435,9.395449706062209e-05,6
1997-12-14,0,,,,,0.0,0.0,0.0,0.0,0
1997-12-15,2,0.0,2.0,0.0,0.0,1.995108187198639,5.386418524722103e-05,0.005338289425708201,2.8876323995064013e-05,2
1997-12-16,1,0.0,1.0,0.0,0.0,0.9992651343345642,0.0014235413400456,5.915492511121556e-05,1.9373484974494204e-05,1
1997-12-17,7,0.0,7.0,0.0,0.0,3.0049872341332957,0.005304988435454798,0.0009667533267928222,0.000810015202659981,7
1997-12-18,4,0.0,4.0,0.0,0.0,3.777222156524658,0.001117963764045085,0.9161983869253162,6.1374346842058e-05,4
1997-12-19,13,2.0,4.0,2.0,5.0,1.9988642181288012,0.029504014227313642,0.0427637527900514,0.021688481067940232,13
1997-12-20,8,0.0,6.0,0.0,2.0,5.696290859021246,0.00020149475312791765,0.977144968395805,0.00011701780294970376,8
1997-12-21,0,,,,,0.0,0.0,0.0,0.0,0
1997-12-22,2,0.0,2.0,0.0,0.0,0.9974215673282741,0.0018835760638466212,0.9771199541282841,3.6977049603592604e-05,2
1997-12-23,3,0.0,3.0,0.0,0.0,0.8413580985361477,9.579699508321937e-05,7.62243325880263e-05,5.135980791237671e-05,3
1997-12-24,5,0.0,5.0,0.0,0.0,1.17537095665466,0.001334199376287798,0.0016894392174434537,0.00011553992771951017,5
1997-12-25,1,0.0,1.0,0.0,0.0,0.9982972741127014,2.086458152916748e-05,0.686359167098999,1.6046384189394303e-05,1
1997-12-26,0,,,,,0.0,0.0,0.0,0.0,0
1997-12-27,18,0.0,18.0,0.0,0.0,14.513585049877292,1.010571084971161,1.0601790932578292,0.0017187608727908367,18
1997-12-28,0,,,,,0.0,0.0,0.0,0.0,0
1997-12-29,3,0.0,2.0,1.0,0.0,1.8847084618755616,0.0002575530506873241,0.006653170976278357,0.3413376810185582,3
1997-12-30,0,,,,,0.0,0.0,0.0,0.0,0
1997-12-31,0,,,,,0.0,0.0,0.0,0.0,0
1998-01-01,1,0.0,1.0,0.0,0.0,0.9997246861457824,0.0001491439907113,5.189787407289259e-05,2.5626415663282387e-05,1
1998-01-02,0,,,,,0.0,0.0,0.0,0.0,0
1998-01-03,0,,,,,0.0,0.0,0.0,0.0,0
1998-01-04,0,,,,,0.0,0.0,0.0,0.0,0
1998-01-05,2,0.0,2.0,0.0,0.0,1.919593334197998,3.727561124833301e-05,3.7160167266847566e-05,2.8245461180631537e-05,2
1998-01-06,1,0.0,1.0,0.0,0.0,6.26339387963526e-05,2.136398143193219e-05,2.4385390133829787e-05,1.4993644072092138e-05,1
1998-01-07,5,0.0,5.0,0.0,0.0,1.993357991304947,8.864970914146397e-05,0.003379115603820395,6.868285436212318e-05,5
1998-01-08,3,0.0,3.0,0.0,0.0,1.984266612678766,7.863596874813084e-05,0.0014615778145524562,5.739387233916205e-05,3
1998-01-09,12,0.0,9.0,0.0,3.0,2.3756760902469978,0.010636477558364088,0.3861618963073846,0.03724772403438671,12
1998-01-10,0,,,,,0.0,0.0,0.0,0.0,0
1998-01-11,0,,,,,0.0,0.0,0.0,0.0,0
1998-01-12,5,0.0,5.0,0.0,0.0,0.0800730613991617,0.0010185937135245,0.00021631817071465775,9.047354251379147e-05,5
1998-01-13,3,0.0,3.0,0.0,0.0,2.9609108567237854,9.899266478896607e-05,0.02917560657078858,4.855734823649982e-05,3
1998-01-14,14,2.0,7.0,0.0,5.0,2.845839190579681,0.9765059513456434,1.9400096071440203,0.00038329484596031065,9
1998-01-15,1,0.0,1.0,0.0,0.0,0.9991713762283324,9.90640401141718e-05,2.8661814212682657e-05,2.120527278748341e-05,1
1998-01-16,0,,,,,0.0,0.0,0.0,0.0,0
1998-01-17,1,0.0,1.0,0.0,0.0,0.9985989332199096,9.415890963282436e-05,3.6115678085479885e-05,0.0544339269399642,1
1998-01-18,0,,,,,0.0,0.0,0.0,0.0,0
1998-01-19,4,0.0,3.0,0.0,1.0,2.5578883131965995,0.0003331407751828979,0.9759045671671627,6.268586457736092e-05,4
1998-01-20,0,,,,,0.0,0.0,0.0,0.0,0
1998-01-21,2,0.0,2.0,0.0,0.0,0.9316728262929246,0.0016727595539122828,0.00011232631186430808,3.9715668208373245e-05,1
1998-01-22,5,0.0,5.0,0.0,0.0,3.928548963194771,0.00014342807116918266,0.00012893331859231694,7.724240003881278e-05,5
1998-01-23,11,0.0,11.0,0.0,0.0,6.913595639169216,0.0002723793932091212,1.767962440229894,0.00043905923575944647,10
1998-01-24,5,0.0,4.0,0.0,1.0,3.947669818997383,0.0032516032388229185,0.9188791698034037,0.26799552960619616,5
1998-01-25,0,,,,,0.0,0.0,0.0,0.0,0
1998-01-26,5,0.0,4.0,0.0,1.0,3.810783250257373,0.006424277951736996,1.6755080570474092,0.0022188934653967784,5
1998-01-27,18,0.0,16.0,0.0,2.0,13.99034617858706,0.0014328280612971847,0.9689407938021755,0.00027150112964591244,18
1998-01-28,11,0.0,8.0,0.0,3.0,8.011717788311216,0.00699487167094035,0.5460195432460747,0.03367242900822015,11
1998-01-29,5,0.0,4.0,1.0,0.0,2.023919848710648,0.02273566679286883,0.0003346612938911119,0.00020557271545835432,5
1998-01-30,10,0.0,10.0,0.0,0.0,6.89628953486681,0.00395206230859907,1.778233627535883,0.00317950644148366,10
1998-01-31,1,0.0,1.0,0.0,0.0,0.9813424348831176,0.0043068602681159,0.0001371529360767,2.915038749051746e-05,1
1998-02-01,0,,,,,0.0,0.0,0.0,0.0,0
1998-02-02,3,0.0,3.0,0.0,0.0,2.847361981868744,0.02022217080229885,0.00026504688139535385,5.451927791000344e-05,3
1998-02-03,0,,,,,0.0,0.0,0.0,0.0,0
1998-02-04,3,0.0,2.0,0.0,1.0,1.996683816301811,8.681704457558226e-05,0.007027027144431409,4.562971389532322e-05,3
1998-02-05,8,0.0,6.0,0.0,2.0,3.2559132686947123,0.00029279263799253386,0.0735423224759866,0.00015635639192623785,8
1998-02-06,9,0.0,8.0,0.0,1.0,6.987595838494599,0.02127967735577823,0.908982327840931,0.0002443656412651633,9
1998-02-07,12,1.0,11.0,0.0,0.0,8.918429870856926,1.97868055606159,0.026130005055164936,0.0006837196860941775,12
1998-02-08,0,,,,,0.0,0.0,0.0,0.0,0
1998-02-09,3,0.0,1.0,0.0,2.0,0.9976046164229048,0.006583255686564272,0.003117997563094811,7.912490036687814e-05,3
1998-02-10,1,0.0,1.0,0.0,0.0,0.0276918783783912,2.5248309611924924e-05,3.553650458343327e-05,1.44429814099567e-05,1
1998-02-11,5,0.0,4.0,0.0,1.0,3.190360406797481,0.11591398557357015,0.000754120001147305,0.0002454096684232189,5
1998-02-12,4,1.0,2.0,0.0,1.0,1.9867100631290668,0.02668866259045885,0.28664982084592333,5.6768049944366794e-05,4
1998-02-13,0,,,,,0.0,0.0,0.0,0.0,0
1998-02-14,7,0.0,5.0,0.0,2.0,3.999614174979797,0.00015642263133486267,1.2288075734049926,0.0326544136605662,7
1998-02-15,0,,,,,0.0,0.0,0.0,0.0,0
1998-02-16,3,0.0,3.0,0.0,0.0,2.9944698810577393,0.006561113075804216,0.0005157209707249396,0.006233316435100206,3
1998-02-17,5,0.0,5.0,0.0,0.0,3.9991126656532288,0.007247401737913408,0.0003875871752824217,9.750743083714042e-05,5
1998-02-18,1,0.0,1.0,0.0,0.0,0.0003180788480676,2.218729423475452e-05,2.2474228899227452e-05,1.6304757082252763e-05,1
1998-02-19,11,1.0,5.0,0.0,5.0,5.386774540071201,0.9864199434123291,2.8995980273648456,0.0003650436156021677,11
1998-02-20,2,0.0,2.0,0.0,0.0,1.9744840264320376,0.00011099082621512935,0.00020650559235939746,4.24730187660316e-05,2
1998-02-21,2,0.0,2.0,0.0,0.0,1.0061131604015827,2.9315080610103905e-05,0.9763566339897807,2.695341572689358e-05,2
1998-02-22,0,,,,,0.0,0.0,0.0,0.0,0
1998-02-23,5,0.0,5.0,0.0,0.0,2.3425706895650364,0.0001436528837075457,0.00019960253121098503,0.0005835825013491399,5
1998-02-24,3,0.0,1.0,0.0,2.0,0.2038022167980669,0.0005127244621689705,1.0728181246668098,5.2255347327445634e-05,3
1998-02-25,5,2.0,3.0,0.0,0.0,4.887688159942627,1.9619835911398695,0.00010930845564871561,7.145638574002078e-05,5
1998-02-26,1,0.0,1.0,0.0,0.0,0.9895649552345276,2.892927841458004e-05,0.0005374923930503,1.4428870599658694e-05,1
1998-02-27,7,0.0,7.0,0.0,0.0,5.080791920423508,0.01396295157610412,0.0013019764046475328,0.00022831137266621226,7
1998-02-28,5,0.0,4.0,0.0,1.0,3.9901248570349708,0.005479966481288915,0.9918247371078905,0.00013565727931563742,5
1998-03-01,0,,,,,0.0,0.0,0.0,0.0,0
1998-03-02,6,0.0,5.0,0.0,1.0,1.9958758822176605,0.028095135066905544,0.033357583248289205,0.00013079332893539686,6
1998-03-03,8,1.0,6.0,0.0,1.0,4.0127208772464655,0.9391855886115079,0.031346846973974406,0.0012837314070564933,8
1998-03-04,4,0.0,4.0,0.0,0.0,0.9976061861161725,0.00030935867835068197,0.00013454748477670364,7.114494292181917e-05,4
1998-03-05,14,1.0,9.0,1.0,3.0,4.413253034022091,0.0141534839431186,0.6038103202608905,0.0030258774158936786,14
1998-03-06,5,0.0,5.0,0.0,0.0,2.970222631105571,0.00022929890656081867,0.002421496345050305,0.0013103472274451362,5
1998-03-07,5,0.0,4.0,0.0,1.0,2.871907444030512,9.815440898819361e-05,0.9415856151626941,0.035163578772880955,4
1998-03-08,0,,,,,0.0,0.0,0.0,0.0,0
1998-03-09,1,0.0,1.0,0.0,0.0,0.996764063835144,1.4059431123314424e-05,2.8322463549557145e-05,0.0237888246774673,1
1998-03-10,3,0.0,2.0,0.0,1.0,1.9981062001606915,7.938312410260551e-05,0.10500974459500859,4.9668471547192894e-05,3
1998-03-11,13,1.0,11.0,1.0,0.0,9.646819226574735,0.9867472880105197,1.8598032976424292,0.014571467748282746,13
1998-03-12,6,1.0,0.0,0.0,5.0,0.0003540814077495806,0.00011902599453605944,0.9669166159064843,7.83825307735242e-05,6
1998-03-13,6,0.0,5.0,0.0,1.0,3.9106469452381134,0.00021713213209295645,0.9901573783390629,0.00010367359300289536,6
1998-03-14,7,0.0,6.0,0.0,1.0,4.995842574971903,0.013248850459603893,0.0005535539730771306,0.8647410866087739,7
1998-03-15,0,,,,,0.0,0.0,0.0,0.0,0
1998-03-16,3,0.0,3.0,0.0,0.0,2.8460364937782288,0.02804736582856994,0.01028374778979914,4.59599141322542e-05,3
1998-03-17,9,0.0,6.0,2.0,1.0,4.846692926925243,0.0002805116673698649,0.005121727108416692,0.003077171167205899,9
1998-03-18,5,0.0,5.0,0.0,0.0,3.9779298555695277,9.957145903172204e-05,0.00019177934882463887,0.00513143055013634,5
1998-03-19,0,,,,,0.0,0.0,0.0,0.0,0
1998-03-20,1,0.0,1.0,0.0,0.0,0.8932549953460693,0.0003946505312342,0.0001018331240629,0.0544924810528755,1
1998-03-21,2,0.0,1.0,0.0,1.0,0.9763996070250869,6.428211418096907e-05,0.0208079645381075,4.1825570406217594e-05,2
1998-03-22,0,,,,,0.0,0.0,0.0,0.0,0
1998-03-23,3,0.0,3.0,0.0,0.0,2.9632884860038757,5.217195848672418e-05,0.00011517073289724067,0.013731934130191699,3
1998-03-24,2,0.0,2.0,0.0,0.0,1.9007656574249268,0.014885806160236801,0.0001269619351660367,2.922524345194688e-05,2
1998-03-25,3,2.0,0.0,0.0,1.0,0.9641574297565967,1.9206870701164007,0.9898472000095352,4.3704504605557304e-05,3
1998-03-26,3,0.0,1.0,0.0,2.0,0.9962435500638094,4.971250382368453e-05,1.7330566502769216,3.912738520739367e-05,3
1998-03-27,2,0.0,1.0,0.0,1.0,0.5102620488032698,0.00012278712893016541,0.0209249041217844,6.610567561438074e-05,2
1998-03-28,0,,,,,0.0,0.0,0.0,0.0,0
1998-03-29,0,,,,,0.0,0.0,0.0,0.0,0
1998-03-30,6,0.0,6.0,0.0,0.0,4.0754796750843525,0.0011943502368012423,0.002618117414385615,0.0001521554395367275,6
1998-03-31,6,0.0,6.0,0.0,0.0,5.694215297698975,0.002183244099796788,0.00040861943125490043,0.00010364567606302444,6
1998-04-01,1,0.0,1.0,0.0,0.0,0.9997345209121704,5.866813808097504e-05,4.656503006117418e-05,1.619011163711548e-05,1
1998-04-02,3,0.0,2.0,0.0,1.0,1.0397301313932983,7.403961717500351e-05,0.1108104033628478,0.07022827212131233,3
1998-04-03,1,0.0,1.0,0.0,0.0,0.2340750396251678,2.1348667360143736e-05,0.0003229277790524,1.4002328498463612e-05,1
1998-04-04,6,0.0,6.0,0.0,0.0,3.097923660650849,0.008424529258263373,0.0007559286314060807,0.00010263556669087848,6
1998-04-05,0,,,,,0.0,0.0,0.0,0.0,0
1998-04-06,2,0.0,2.0,0.0,0.0,1.5632997751235962,0.0990203294077218,0.0004921334875688871,2.9060551241855137e-05,2
1998-04-07,1,0.0,1.0,0.0,0.0,0.0900406688451767,0.0117206601426005,0.0003492254763841,1.4902090697432868e-05,1
1998-04-08,3,0.0,2.0,0.0,1.0,2.0100235901772976,8.123467341647483e-05,0.020705326918687154,4.661671118810773e-05,3
1998-04-09,10,0.0,10.0,0.0,0.0,6.20684352144599,0.0003738552004506346,0.006466590002673727,0.007618980410370567,10
1998-04-10,6,0.0,6.0,0.0,0.0,4.62119361016812,0.00016120662985485978,0.011576704231629138,8.932616128731752e-05,6
1998-04-11,3,0.0,3.0,0.0,0.0,2.927533745765686,4.573624482873129e-05,0.002467382775648643,4.1311395762022585e-05,3
1998-04-12,0,,,,,0.0,0.0,0.0,0.0,0
1998-04-13,0,,,,,0.0,0.0,0.0,0.0,0
1998-04-14,7,1.0,5.0,0.0,1.0,4.300754573130689,0.9826262349070021,0.8676081178928143,0.0001288635776290903,7
1998-04-15,5,0.0,5.0,0.0,0.0,4.957923412322998,0.00013518702871806454,0.00048342604168282095,0.2572808092791092,5
1998-04-16,3,0.0,3.0,0.0,0.0,2.3264624774456024,0.00010052845209429506,0.00014990285671956372,4.6450556510535534e-05,3
1998-04-17,1,0.0,1.0,0.0,0.0,0.9933792352676392,1.536730633233674e-05,0.0024353724438697,1.382501250191126e-05,1
1998-04-18,4,1.0,3.0,0.0,0.0,2.238632427106495,0.991108542179063,0.0005393833889683613,0.0001228099936270155,4
1998-04-19,0,,,,,0.0,0.0,0.0,0.0,0
1998-04-20,1,0.0,0.0,0.0,1.0,0.000640231068246,1.6948046322795562e-05,0.0011808675481006,1.29349436974735e-05,1
1998-04-21,3,0.0,1.0,0.0,2.0,1.0303378673270345,0.0012256047230039156,0.11596985630239934,5.2332394261611626e-05,3
1998-04-22,6,0.0,5.0,0.0,1.0,2.8897806208115067,0.005285650202495079,0.8892894607979541,9.266639608540572e-05,6
1998-04-23,11,1.0,8.0,0.0,2.0,5.990088092628866,0.9606260743057647,4.51893377086617,0.00015534056819888065,11
1998-04-24,7,1.0,6.0,0.0,0.0,3.9089705880105607,1.9698777399980827,0.00018009323048318038,0.00010425666278024437,7
1998-04-25,0,,,,,0.0,0.0,0.0,0.0,0
1998-04-26,0,,,,,0.0,0.0,0.0,0.0,0
1998-04-27,7,2.0,4.0,0.0,1.0,2.9647870399057865,1.9121257173719641,0.020876133065030392,0.006672995801636654,7
1998-04-28,2,1.0,1.0,0.0,0.0,0.42725233733654017,0.9424984737015619,0.00011706858640527138,4.098893350601429e-05,2
1998-04-29,2,0.0,2.0,0.0,0.0,1.9910374879837036,0.000992431630947971,0.00011297437231405638,3.5596167435869575e-05,2
1998-04-30,0,,,,,0.0,0.0,0.0,0.0,0
1998-05-01,3,0.0,3.0,0.0,0.0,1.9988024979320473,0.0487759612205991,0.00017606142318982165,4.9001605475496035e-05,3
1998-05-02,4,0.0,3.0,0.0,1.0,1.9022175439095008,0.00014943201495042663,1.4759459137840167,5.310562028171262e-05,4
1998-05-03,0,,,,,0.0,0.0,0.0,0.0,0
1998-05-04,4,0.0,3.0,0.0,1.0,2.8942952267825603,0.0004762737971759481,0.011372117058272032,0.01129854115151824,4
1998-05-05,3,0.0,3.0,0.0,0.0,0.1304356269538401,0.0001526862870377954,0.0005963403855274792,4.5243146814755164e-05,3
1998-05-06,0,,,,,0.0,0.0,0.0,0.0,0
1998-05-07,3,0.0,3.0,0.0,0.0,2.0189175326377153,0.00024112596838667127,0.00016539837088203058,0.0004067216632392927,3
1998-05-08,5,0.0,4.0,0.0,1.0,1.2703767695929855,0.0002226220240117982,0.020812161381400036,9.054924430529354e-05,5
1998-05-09,12,0.0,12.0,0.0,0.0,10.363771766424179,0.0006707664160785006,1.8565593866114791,0.0001925153010233771,12
1998-05-10,0,,,,,0.0,0.0,0.0,0.0,0
1998-05-11,1,0.0,0.0,1.0,0.0,0.0001073525854735,3.838373959297314e-05,6.511324318125844e-05,0.0031953896395862,1
1998-05-12,6,0.0,4.0,0.0,2.0,5.51875901222229,0.00016143924949574284,3.426859841798432,0.002064811189484312,6
1998-05-13,3,0.0,3.0,0.0,0.0,2.808074653148651,7.530224866059143e-05,0.0001022240085148951,4.6166222091414966e-05,2
1998-05-14,2,0.0,1.0,0.0,1.0,1.0080847209319472,4.443203397386242e-05,0.020708063369966074,2.9179846933402587e-05,2
1998-05-15,7,0.0,5.0,0.0,2.0,3.1126237115386175,0.01794932834854988,1.944477750439546,0.00013660221247846493,7
1998-05-16,8,0.0,6.0,0.0,2.0,5.9728036164233345,0.0014193887927829484,0.9900994095714849,0.05285803413516979,8
1998-05-17,0,,,,,0.0,0.0,0.0,0.0,0
1998-05-18,0,,,,,0.0,0.0,0.0,0.0,0
1998-05-19,2,0.0,2.0,0.0,0.0,1.683569610118866,4.660015838453546e-05,0.000921162007216455,4.104681283934042e-05,2
1998-05-20,4,1.0,2.0,0.0,1.0,0.09777953428238095,0.0177231201014363,0.0009763787857081086,0.00011684052333293948,4
1998-05-21,5,0.0,4.0,0.0,1.0,3.976359008083818,0.005869225185961022,0.9989438057382357,0.007564941000055103,5
1998-05-22,0,,,,,0.0,0.0,0.0,0.0,0
1998-05-23,2,0.0,1.0,0.0,1.0,0.9734890526160598,0.00011850140072056094,0.0481758881360292,2.770127684925683e-05,2
1998-05-24,0,,,,,0.0,0.0,0.0,0.0,0
1998-05-25,1,0.0,1.0,0.0,0.0,0.9995239973068236,1.9643739506136623e-05,3.69935660273768e-05,0.0180676504969596,1
1998-05-26,2,0.0,1.0,0.0,1.0,0.7477078679949045,6.17794048594078e-05,0.9932623760105345,3.367367207829375e-05,2
1998-05-27,6,1.0,5.0,0.0,0.0,4.808361763734865,0.03413447451930526,0.00044078917562720085,0.00011908218584721908,6
1998-05-28,3,0.0,3.0,0.0,0.0,2.011383503675461,0.0005632706852338274,0.9975190706391004,4.373888896225253e-05,3
1998-05-29,9,0.0,8.0,0.0,1.0,6.965732056647539,0.9861515740312825,1.925488452088757,0.00015930604604363907,8
1998-05-30,3,0.0,3.0,0.0,0.0,2.980669856071472,0.000639002428215412,0.00012326031719567254,0.006607541177800112,3
1998-05-31,0,,,,,0.0,0.0,0.0,0.0,0
1998-06-01,0,,,,,0.0,0.0,0.0,0.0,0
1998-06-02,1,0.0,1.0,0.0,0.0,0.0189956612884998,3.250344889238477e-05,4.694323069998063e-05,1.6620564565528184e-05,1
1998-06-03,6,1.0,3.0,0.0,2.0,2.014503059483104,0.006749197620592729,0.6348125382755824,0.002045814251687242,6
1998-06-04,1,0.0,1.0,0.0,0.0,0.981342315673828,0.004306819755584,0.0001371540129184,2.9150332920835357e-05,1
1998-06-05,4,0.0,3.0,0.0,1.0,1.865570642898092,0.0001508111472503515,1.256744183074261,0.962377820123038,3
1998-06-06,5,0.0,5.0,0.0,0.0,4.233306437730789,0.0001203979627462104,0.0016379044318453574,9.06405366549734e-05,5
1998-06-07,0,,,,,0.0,0.0,0.0,0.0,0
1998-06-08,3,0.0,3.0,0.0,0.0,2.9856143593788147,4.759863259096164e-05,1.333048882392177,0.00010386540634499397,3
1998-06-09,4,0.0,2.0,0.0,2.0,1.9750265557413513,0.98574272570022,1.147029583407857,5.4798906603537034e-05,4
1998-06-10,2,0.0,2.0,0.0,0.0,1.0982567891478539,0.0005746662827732018,0.021461017338879142,3.126898991467897e-05,2
1998-06-11,3,0.0,3.0,0.0,0.0,1.2400571946054695,0.00011088103565271012,0.0010416133227408274,5.3277060942491516e-05,3
1998-06-12,3,0.0,3.0,0.0,0.0,1.9342127237468958,6.996414776949678e-05,8.626846920378739e-05,4.7105409066716675e-05,3
1998-06-13,9,0.0,7.0,0.0,2.0,4.418179219355807,0.02326757315313419,0.9537179047783864,0.00023720093577139778,9
1998-06-14,0,,,,,0.0,0.0,0.0,0.0,0
1998-06-15,2,0.0,2.0,0.0,0.0,1.9934495091438293,7.922395707282703e-05,6.941519859537948e-05,3.5077744541922584e-05,2
1998-06-16,13,1.0,11.0,0.0,1.0,7.998422939734155,0.006216228894118066,0.0005425908630058389,0.8935767587609007,13
1998-06-17,3,0.0,3.0,0.0,0.0,1.1298338770866394,0.00014737455785507336,0.0003431439836275,7.566134627268184e-05,3
1998-06-18,2,0.0,1.0,0.0,1.0,0.8873776681721209,0.00044603420246849997,0.9573097171378322,2.7237762878939975e-05,1
1998-06-19,4,0.0,2.0,0.0,2.0,2.003076330098338,0.00023478395451093093,0.9077087730729544,6.0440270317485556e-05,4
1998-06-20,6,0.0,5.0,0.0,1.0,4.049599854275583,0.0005834429830428877,0.22548891828773773,0.00011027679465769323,6
1998-06-21,0,,,,,0.0,0.0,0.0,0.0,0
1998-06-22,5,0.0,4.0,1.0,0.0,3.0062014556024224,0.023482479276026355,0.08972270591311819,0.49673902108588663,5
1998-06-23,10,0.0,3.0,1.0,6.0,2.0512413963479044,0.0010394609535066138,1.8553970184420903,0.062232695461716364,10
1998-06-24,0,,,,,0.0,0.0,0.0,0.0,0
1998-06-25,3,0.0,3.0,0.0,0.0,0.9861844385159201,6.861377914901823e-05,0.0004350283397797302,7.500622996303719e-05,3
1998-06-26,4,0.0,2.0,0.0,2.0,0.048672741957488955,0.0003119381026407171,0.9082726992928656,6.862395548523637e-05,4
1998-06-27,4,0.0,3.0,0.0,1.0,1.9790625226851264,0.003288753083324895,0.0003191790729033273,0.00010439172729093116,4
1998-06-28,0,,,,,0.0,0.0,0.0,0.0,0
1998-06-29,1,1.0,0.0,0.0,0.0,0.000480096990941,0.003329744329676,8.661561878398061e-05,5.719661567127332e-05,1
1998-06-30,11,1.0,4.0,0.0,6.0,3.173486628453247,0.0034512291185818653,4.975238880817415,0.0001934715055540437,11
1998-07-01,0,,,,,0.0,0.0,0.0,0.0,0
1998-07-02,7,0.0,7.0,0.0,0.0,6.87322211265564,0.954903749143341,0.6374786321157443,0.00012569595128297806,7
1998-07-03,1,0.0,1.0,0.0,0.0,0.9974265694618224,7.23410994396545e-05,3.855855902656913e-05,0.0538262538611888,1
1998-07-04,9,0.0,9.0,0.0,0.0,4.970778827375398,0.00021475996072695125,0.8880726573170249,0.18496227375544538,8
1998-07-05,0,,,,,0.0,0.0,0.0,0.0,0
1998-07-06,12,2.0,9.0,0.0,1.0,2.9739043648769434,1.9491008573377258,0.0095333992048836,0.00025366523004777264,12
1998-07-07,2,0.0,2.0,0.0,0.0,0.054317289963364504,0.0052981949411332,0.0007026723396847602,8.425985106441658e-05,2
1998-07-08,1,0.0,0.0,0.0,1.0,0.7630921006202698,3.508379450067878e-05,0.9961162209510804,1.721587796055246e-05,1
1998-07-09,6,0.0,5.0,0.0,1.0,1.9656093805533599,0.0009265403605240415,0.9852761617185024,9.998082441597944e-05,6
1998-07-10,4,0.0,3.0,1.0,0.0,1.9984871164379001,6.2559199250245e-05,9.404174670635257e-05,0.007449977404576126,4
1998-07-11,4,1.0,2.0,0.0,1.0,1.960853003372904,0.026322273475670874,0.5663905905530554,0.00011874304072989617,4
1998-07-12,0,,,,,0.0,0.0,0.0,0.0,0
1998-07-13,1,0.0,1.0,0.0,0.0,0.9990110397338868,3.0111694286460988e-05,2.2510306735057384e-05,1.5628032997483388e-05,1
1998-07-14,7,0.0,5.0,0.0,2.0,4.285512340022251,0.00023274275918082772,2.873193685118167,0.00010173559530812781,7
1998-07-15,7,0.0,6.0,0.0,1.0,4.4837076848089055,0.020295742479902075,0.0016740608152757362,0.00018464544518792536,7
1998-07-16,9,0.0,8.0,0.0,1.0,5.8942331383004785,0.004709852377345557,0.3671030551122383,0.00021970253510517068,9
1998-07-17,10,0.0,6.0,0.0,4.0,5.97853068969016,0.015085130795341486,1.0559731405155612,0.0024899829049899493,10
1998-07-18,13,0.0,9.0,0.0,4.0,7.6171291196460515,0.0007365807687164645,1.8903195144566778,0.00023991190209926572,13
1998-07-19,0,,,,,0.0,0.0,0.0,0.0,0
1998-07-20,4,1.0,3.0,0.0,0.0,1.9714241167530417,0.052505306210150496,0.00012538960254460108,5.471502026921371e-05,4
1998-07-21,7,0.0,5.0,0.0,2.0,4.940587545490416,0.00025479268333583605,0.9974630708748009,0.00010755540097306948,7
1998-07-22,1,0.0,1.0,0.0,0.0,0.9805119037628174,3.199567800038494e-05,0.0001072220984497,3.5313725675223395e-05,1
1998-07-23,3,0.0,3.0,0.0,0.0,2.7346150875091553,6.777901216992177e-05,0.000101902311143931,0.0005378513287723032,3
1998-07-24,15,1.0,10.0,0.0,4.0,8.867440533824265,0.02586092328692735,3.0322551127301267,0.0003775054419747083,15
1998-07-25,4,0.0,3.0,1.0,0.0,3.0115760266780853,0.9544934141867998,0.00010605338320601732,0.7880801420951684,4
1998-07-26,0,,,,,0.0,0.0,0.0,0.0,0
1998-07-27,0,,,,,0.0,0.0,0.0,0.0,0
1998-07-28,7,1.0,2.0,0.0,4.0,1.0502538743967305,0.9836312702336725,3.0421458127539154,9.861116086540278e-05,7
1998-07-29,8,0.0,5.0,0.0,3.0,4.908113340650743,0.0019589612629715668,1.0767207005137607,0.00039753184682914664,8
1998-07-30,9,0.0,9.0,0.0,0.0,4.874592959888105,0.0010002823637476799,0.0017728410239214298,0.0001434589721611701,8
1998-07-31,12,1.0,10.0,0.0,1.0,8.870504525035358,0.9947898339732999,0.0018565269392636962,0.030061911632401402,12
1998-08-01,7,0.0,7.0,0.0,0.0,5.976925326511264,0.0002533872793719638,0.0006127661636127762,0.41359227341763466,7
1998-08-02,0,,,,,0.0,0.0,0.0,0.0,0
1998-08-03,2,0.0,2.0,0.0,0.0,1.970282793045044,0.0011694765416904,0.0002760610950644,3.807907705777325e-05,2
1998-08-04,8,0.0,7.0,0.0,1.0,3.0928660616045813,0.004418435193656367,0.07406772384638313,0.00027977232366534514,8
1998-08-05,3,0.0,3.0,0.0,0.0,1.986812575312797,0.018493380968720885,0.00037621443698289175,4.950101356371306e-05,3
1998-08-06,9,0.0,8.0,0.0,1.0,7.080230625346303,0.0010155366098841176,2.696745741881386,0.00013784528346150182,9
1998-08-07,11,0.0,9.0,0.0,2.0,8.979255347512662,0.0011763842012441504,3.4718747904025804,0.00016522657097084448,11
1998-08-08,10,0.0,8.0,0.0,2.0,7.071145455891383,0.0007079786701069342,1.9562085552606727,0.009093286326787992,10
1998-08-09,0,,,,,0.0,0.0,0.0,0.0,0
1998-08-10,3,0.0,3.0,0.0,0.0,2.9683706164360046,5.09556184624671e-05,7.971162449393887e-05,4.406522111821687e-05,3
1998-08-11,7,1.0,5.0,0.0,1.0,2.9371053977520205,0.9184320929070964,1.9028570498385307,0.00010050790842797142,7
1998-08-12,2,0.0,1.0,0.0,1.0,0.0296206255443393,0.0005530910202651135,0.9552614970598371,2.7915459213545546e-05,2
1998-08-13,7,1.0,6.0,0.0,0.0,4.454026900231838,0.9882831301902115,0.0021289982032611275,0.027503764901666655,7
1998-08-14,19,0.0,15.0,1.0,3.0,9.945762166943496,0.0006135400999482913,1.3479289493907345,0.0004916349053018441,19
1998-08-15,0,,,,,0.0,0.0,0.0,0.0,0
1998-08-16,0,,,,,0.0,0.0,0.0,0.0,0
1998-08-17,0,,,,,0.0,0.0,0.0,0.0,0
1998-08-18,0,,,,,0.0,0.0,0.0,0.0,0
1998-08-19,8,0.0,8.0,0.0,0.0,7.920260488986969,0.0026033761341748797,0.0012831070489482926,0.00014102918612479698,8
1998-08-20,2,0.0,2.0,0.0,0.0,1.9694530963897705,7.884302249294706e-05,8.088210233836435e-05,3.82054022338707e-05,2
1998-08-21,1,0.0,1.0,0.0,0.0,0.0013792115496471,1.7611549992579967e-05,0.0009575865697115,1.3247044080344494e-05,1
1998-08-22,4,0.0,3.0,0.0,1.0,2.996808462396075,0.00017009886869345792,0.0005152104531588758,6.397177185135661e-05,4
1998-08-23,0,,,,,0.0,0.0,0.0,0.0,0
1998-08-24,6,0.0,0.0,2.0,4.0,0.0001733721510390751,9.98955938484869e-05,1.9282055772328022,0.017876046642413684,6
1998-08-25,3,0.0,3.0,0.0,0.0,2.9933050870895386,6.847508484497666e-05,8.371504191018175e-05,4.898048246104736e-05,2
1998-08-26,2,0.0,2.0,0.0,0.0,1.033863231539726,3.992625715909526e-05,5.200084524403792e-05,2.852327270375099e-05,2
1998-08-27,0,,,,,0.0,0.0,0.0,0.0,0
1998-08-28,3,0.0,2.0,0.0,1.0,2.00665897782892,0.9833895776991993,0.02148029490672335,4.17866904172115e-05,3
1998-08-29,1,0.0,1.0,0.0,0.0,7.212880882434547e-05,4.108874418307096e-05,2.0726316506625157e-05,1.4610302059736568e-05,0
1998-08-30,0,,,,,0.0,0.0,0.0,0.0,0
1998-08-31,0,,,,,0.0,0.0,0.0,0.0,0
1998-09-01,0,,,,,0.0,0.0,0.0,0.0,0
1998-09-02,4,0.0,4.0,0.0,0.0,1.0328670379240066,0.005339790646757897,0.0003091189682890309,0.001910509223307515,4
1998-09-03,1,0.0,1.0,0.0,0.0,3.663961251731962e-05,2.183538344979752e-05,2.259466964460444e-05,1.764884109434206e-05,1
1998-09-04,0,,,,,0.0,0.0,0.0,0.0,0
1998-09-05,0,,,,,0.0,0.0,0.0,0.0,0
1998-09-06,0,,,,,0.0,0.0,0.0,0.0,0
1998-09-07,0,,,,,0.0,0.0,0.0,0.0,0
1998-09-08,1,0.0,0.0,0.0,1.0,1.880680065369233e-05,1.4429882867261767e-05,2.1698162527172823e-05,1.3674734873347916e-05,0
1998-09-09,5,1.0,4.0,0.0,0.0,0.003284687989435021,0.028122996499405337,9.749575747264316e-05,6.813484105805401e-05,0
1998-09-10,2,0.0,2.0,0.0,0.0,0.0008447761065326,5.0232618377776816e-05,5.868606785952579e-05,3.4840604712371714e-05,2
1998-09-11,4,1.0,1.0,0.0,2.0,0.9962938336557271,0.00020248468899806312,0.27588471907074563,7.345117410295643e-05,4
1998-09-12,1,1.0,0.0,0.0,0.0,0.0031760905403643,0.02638690918684,1.9917115423595533e-05,1.388327746099094e-05,1
1998-09-13,0,,,,,0.0,0.0,0.0,0.0,0
1998-09-14,0,,,,,0.0,0.0,0.0,0.0,0
1998-09-15,7,0.0,5.0,0.0,2.0,5.9394131624139845,0.0001584857445777743,1.9485997221345315,0.00010922318870143499,7
1998-09-16,4,1.0,2.0,0.0,1.0,2.0136396149173375,0.969275426961758,0.9981808124448435,5.977465571049834e-05,4
1998-09-17,2,0.0,1.0,0.0,1.0,0.9959026861470193,6.410163950931747e-05,0.0105743299209279,0.00015357285155914155,2
1998-09-18,1,0.0,1.0,0.0,0.0,0.0006264327676035,2.9712857212871316e-05,0.0002189176157116,1.4836860827927012e-05,1
1998-09-19,1,0.0,1.0,0.0,0.0,0.9995964765548706,2.1450849089887924e-05,2.062648127321154e-05,0.0650578439235687,1
1998-09-20,0,,,,,0.0,0.0,0.0,0.0,0
1998-09-21,0,,,,,0.0,0.0,0.0,0.0,0
1998-09-22,2,0.0,1.0,0.0,1.0,0.9828681889921427,9.047610001289286e-05,0.9993519021663814,3.655922319012461e-05,2
1998-09-23,2,0.0,2.0,0.0,0.0,1.8767247200012207,4.168335908616427e-05,5.791062176285777e-05,3.181538522767369e-05,2
1998-09-24,2,0.0,2.0,0.0,0.0,1.010291337966919,4.769618499267381e-05,0.0012762141850543001,4.8597307795716915e-05,2
1998-09-25,5,0.0,2.0,0.0,3.0,2.003373589985131,0.00011219297812203878,2.937757371682892,7.356272362812888e-05,5
1998-09-26,8,1.0,2.0,0.0,5.0,0.02877137718314747,0.03932122493824858,4.592014219318116,0.00011464095587143674,8
1998-09-27,0,,,,,0.0,0.0,0.0,0.0,0
1998-09-28,0,,,,,0.0,0.0,0.0,0.0,0
1998-09-29,4,1.0,2.0,0.0,1.0,1.069415630365256,0.0014787270301893898,0.03145723620400523,9.314785347669385e-05,3
1998-09-30,0,,,,,0.0,0.0,0.0,0.0,0
1998-10-01,1,0.0,0.0,0.0,1.0,0.8219852447509766,0.000107742693217,0.9574336409568788,1.5079028344189284e-05,1
1998-10-02,3,0.0,3.0,0.0,0.0,2.8726645708084106,0.00012905898984172381,0.2981617580371676,4.7281611841754057e-05,3
1998-10-03,1,0.0,1.0,0.0,0.0,0.9972146153450012,2.334524469915777e-05,0.000355127180228,1.3791768651572056e-05,1
1998-10-04,0,,,,,0.0,0.0,0.0,0.0,0
1998-10-05,0,,,,,0.0,0.0,0.0,0.0,0
1998-10-06,5,0.0,3.0,0.0,2.0,2.8084039054811,0.00014830630061624106,2.892402598481567,7.191043550847098e-05,5
1998-10-07,7,0.0,0.0,0.0,7.0,0.18283956334926138,0.002945255280792326,6.809192955493927,9.759810018294957e-05,7
1998-10-08,0,,,,,0.0,0.0,0.0,0.0,0
1998-10-09,3,0.0,2.0,0.0,1.0,1.9614126365631819,8.418407196586486e-05,0.0105927254480773,8.528422767994925e-05,3
1998-10-10,0,,,,,0.0,0.0,0.0,0.0,0
1998-10-11,0,,,,,0.0,0.0,0.0,0.0,0
1998-10-12,0,,,,,0.0,0.0,0.0,0.0,0
1998-10-13,14,0.0,10.0,0.0,4.0,5.341035375229694,0.010955924953122836,3.4754015665603215,0.00020511888942564838,12
1998-10-14,7,0.0,3.0,0.0,4.0,3.045350088039413,0.00036296755570218567,3.0233059457132185,0.00013289129674376454,7
1998-10-15,4,1.0,2.0,0.0,1.0,1.3027313428465277,0.27586300952680165,0.1008683207801368,0.0001601349176780687,4
1998-10-16,7,1.0,5.0,0.0,1.0,2.9437895259106877,0.03289146509632686,0.014542806693498165,0.00010593332081043627,7
1998-10-17,3,0.0,2.0,0.0,1.0,1.3503939933143556,0.015215554407404748,0.9601108765345998,6.425823812605813e-05,3
1998-10-18,0,,,,,0.0,0.0,0.0,0.0,0
1998-10-19,0,,,,,0.0,0.0,0.0,0.0,0
1998-10-20,2,0.0,2.0,0.0,0.0,1.9808815121650696,0.0003758195889530831,0.9381313227204373,3.2480877962370876e-05,2
1998-10-21,7,1.0,5.0,0.0,1.0,2.1651957303110976,0.05853752588973277,0.9788334388940712,0.00010445912084833253,6
1998-10-22,1,0.0,0.0,0.0,1.0,0.0003889489453285,2.019304702116642e-05,0.010378323495388,1.465671812184155e-05,1
1998-10-23,4,2.0,2.0,0.0,0.0,2.8537630641294527,0.9533401902026526,0.00010865702915907605,6.22143679720466e-05,4
1998-10-24,4,0.0,3.0,0.0,1.0,2.495221182703972,0.0012220120697747072,0.9913456686208518,7.834112511773128e-05,4
1998-10-25,0,,,,,0.0,0.0,0.0,0.0,0
1998-10-26,4,0.0,4.0,0.0,0.0,2.9531556342262775,8.811989209789317e-05,0.0019494859861878115,5.643921031150967e-05,4
1998-10-27,6,1.0,2.0,0.0,3.0,1.0841454051042092,0.02262182872800617,1.0128943545932998,0.00010586323151073884,6
1998-10-28,5,0.0,5.0,0.0,0.0,2.9864379465579987,0.05331143136754671,0.0013480162597259153,0.0001834323575167218,5
1998-10-29,5,0.0,4.0,0.0,1.0,3.9655380536569282,0.00044018381777275486,0.9657874446893401,7.566415206383681e-05,5
1998-10-30,10,1.0,8.0,0.0,1.0,6.807703296246473,0.9908653695683823,0.0011795299906224653,0.00023663292722631013,10
1998-10-31,3,0.0,2.0,0.0,1.0,1.0234486595727503,0.00781616966924034,0.9982575654139508,0.0001116574876505183,3
1998-11-01,0,,,,,0.0,0.0,0.0,0.0,0
1998-11-02,3,0.0,3.0,0.0,0.0,2.9928226470947266,8.16361734905513e-05,0.00037528781285790704,7.54742904973682e-05,3
1998-11-03,1,0.0,1.0,0.0,0.0,0.996151089668274,2.0350156773929484e-05,0.0001944480900419,1.710785181785468e-05,1
1998-11-04,2,0.0,1.0,0.0,1.0,1.0160288959741592,0.00010620742068567779,0.9945158900991373,0.009754383878316687,2
1998-11-05,3,0.0,2.0,0.0,1.0,1.9727437114343047,0.000778435587562785,0.9892547964700495,7.09807009116048e-05,3
1998-11-06,4,0.0,3.0,0.0,1.0,1.0903838767753768,0.0041898735053109435,0.9700959829024214,8.564424297219375e-05,3
1998-11-07,8,1.0,7.0,0.0,0.0,4.776599335265928,0.9709732346445887,0.0005099923037049247,0.00013199690420151455,7
1998-11-08,0,,,,,0.0,0.0,0.0,0.0,0
1998-11-09,4,0.0,4.0,0.0,0.0,3.871888518333435,0.01409968997359096,0.00017437049973523244,0.00038350125396384796,4
1998-11-10,0,,,,,0.0,0.0,0.0,0.0,0
1998-11-11,2,0.0,1.0,0.0,1.0,0.0435727384901838,5.0534388719825074e-05,0.9994572920822976,2.7598677661444526e-05,2
1998-11-12,1,0.0,1.0,0.0,0.0,0.99695485830307,2.0561728888424117e-05,2.96547805191949e-05,1.635336593608372e-05,1
1998-11-13,5,0.0,5.0,0.0,0.0,3.9945922801853158,0.00011876718326675473,0.000213875990084482,0.018590116811537747,5
1998-11-14,8,0.0,6.0,0.0,2.0,4.970122407161398,0.0014981718377383966,0.021524394171137717,0.00029654158697659433,8
1998-11-15,0,,,,,0.0,0.0,0.0,0.0,0
1998-11-16,2,0.0,1.0,0.0,1.0,1.0043193302117286,0.0016020604380173565,1.8366819620132446,3.0495737519231625e-05,2
1998-11-17,2,0.0,2.0,0.0,0.0,0.0021722184028475,4.431127308635041e-05,4.297611667425372e-05,3.0019616133358795e-05,2
1998-11-18,2,0.0,2.0,0.0,0.0,0.7910962253808974,0.0043154083286935235,0.0006638020240643393,7.257054130604956e-05,2
1998-11-19,1,0.0,1.0,0.0,0.0,0.9989274144172668,2.0248216969775967e-05,2.444966230541468e-05,1.4389008356374688e-05,1
1998-11-20,1,0.0,0.0,0.0,1.0,0.0001472143776481,1.6336811313522048e-05,0.0846274495124816,1.4219956028682644e-05,1
1998-11-21,5,0.0,5.0,0.0,0.0,3.926966716302559,0.0014162675688566796,0.0001708848667476559,7.992472637852188e-05,5
1998-11-22,0,,,,,0.0,0.0,0.0,0.0,0
1998-11-23,1,0.0,1.0,0.0,0.0,0.8695808053016663,2.946669155790005e-05,3.185588502674364e-05,1.794457966752816e-05,1
1998-11-24,2,0.0,2.0,0.0,0.0,1.9934768080711365,0.0011177797605341098,0.9785782300532446,3.16742152790539e-05,2
1998-11-25,9,0.0,6.0,0.0,3.0,3.516964100914265,0.02993192304074888,1.8940250482291958,0.00016019309623516165,6
1998-11-26,7,0.0,5.0,1.0,1.0,3.916878667940182,0.015551348563349087,0.9257584971364848,0.040779158453005844,6
1998-11-27,10,0.0,5.0,0.0,5.0,4.191373361676597,0.07851203374502781,2.4591165290985373,0.00016396306818933226,9
1998-11-28,6,1.0,4.0,0.0,1.0,3.8838459245525883,0.0022238350729820865,0.0006910480569785424,0.00010485105030966224,6
1998-11-29,0,,,,,0.0,0.0,0.0,0.0,0
1998-11-30,1,0.0,1.0,0.0,0.0,0.9982694387435912,2.6224231987725943e-05,2.9371223718044348e-05,1.7356254829792306e-05,1
1998-12-01,3,1.0,2.0,0.0,0.0,2.9414512515068054,0.9839377527841862,0.8583814842968422,0.0001881760581453885,3
1998-12-02,7,0.0,7.0,0.0,0.0,6.748832285404204,0.0002946332315332256,0.0010870215919563,0.00019731029715330808,7
1998-12-03,8,0.0,7.0,0.0,1.0,3.543753524400017,0.012270259547221682,0.9791654296495834,0.062483049011461705,8
1998-12-04,3,0.0,2.0,0.0,1.0,0.9991515501460525,6.317782390397042e-05,0.9988092838611918,4.5627905819856096e-05,3
1998-12-05,4,0.0,3.0,0.0,1.0,1.9110104413703082,0.002885425701606419,0.06435436112769811,8.472889567201491e-05,4
1998-12-06,0,,,,,0.0,0.0,0.0,0.0,0
1998-12-07,1,0.0,1.0,0.0,0.0,0.9952915906906128,1.6031333871069364e-05,2.16189419006696e-05,1.4868051039229613e-05,1
1998-12-08,2,0.0,2.0,0.0,0.0,1.5941025614738464,5.11320358782541e-05,0.00012593884821399115,0.04447670640911381,2
1998-12-09,4,0.0,4.0,0.0,0.0,3.9907044768333435,0.00012005689859506674,0.00010320653018425219,6.414257677533897e-05,4
1998-12-10,0,,,,,0.0,0.0,0.0,0.0,0
1998-12-11,8,0.0,7.0,0.0,1.0,6.830885465698884,0.00018656793145055417,0.9766994026322208,0.26237606371796574,8
1998-12-12,3,0.0,2.0,0.0,1.0,1.9757186480564997,0.0005248753368504785,0.010554122187386238,5.196018992137397e-05,3
1998-12-13,0,,,,,0.0,0.0,0.0,0.0,0
1998-12-14,3,0.0,3.0,0.0,0.0,2.9733731150627136,5.6814840718288906e-05,0.002581147908131157,0.0019058385823882296,3
1998-12-15,2,1.0,1.0,0.0,0.0,0.9689557314486591,0.05869333816008292,0.5144383059250686,2.6119680114788935e-05,2
1998-12-16,4,0.0,4.0,0.0,0.0,2.9476437866687775,0.0030673302171634604,0.0003926113713532364,8.675030949234497e-05,4
1998-12-17,2,1.0,0.0,0.0,1.0,0.0149407719727604,0.023251905242432182,0.9926405091100605,5.731370492867427e-05,2
1998-12-18,7,1.0,6.0,0.0,0.0,3.040830047779309,0.0009042286128532154,0.002730209893343148,0.0001192436375276884,7
1998-12-19,4,0.0,4.0,0.0,0.0,3.9930959939956665,0.00014482935148407705,0.00010056510836875532,6.67423228151165e-05,4
1998-12-20,0,,,,,0.0,0.0,0.0,0.0,0
1998-12-21,1,0.0,0.0,1.0,0.0,2.112778929586057e-05,1.790725946193561e-05,2.6085437639267184e-05,0.0263621751219034,1
1998-12-22,10,0.0,6.0,0.0,4.0,3.812590184836153,0.003620575060267544,0.8948960028301368,0.00022106761844042921,10
1998-12-23,5,0.0,3.0,1.0,1.0,0.7927128524279397,0.0001168325798062142,0.0002754131091932786,0.00025018684755194834,5
1998-12-24,5,0.0,5.0,0.0,0.0,3.848750792143619,0.0008611289867984145,0.00021717182607969214,0.0002130119592037787,5
1998-12-25,5,0.0,5.0,0.0,0.0,1.057374738593353,0.003002653846124206,0.001025062061671372,9.164453240373405e-05,5
1998-12-26,0,,,,,0.0,0.0,0.0,0.0,0
1998-12-27,0,,,,,0.0,0.0,0.0,0.0,0
1998-12-28,6,2.0,3.0,0.0,1.0,2.021207741709077,0.00668078975104393,0.0004748471073980484,0.00011925817125302274,6
1998-12-29,3,0.0,3.0,0.0,0.0,2.833510100841522,8.466196959489025e-05,9.797821621759795e-05,5.216128374740947e-05,2
1998-12-30,6,0.0,5.0,0.0,1.0,3.019733775130589,0.000201240693058935,0.9773450432967364,9.189083630189998e-05,6
1998-12-31,2,0.0,2.0,0.0,0.0,1.9937352538108823,4.49595336249331e-05,5.499864346347749e-05,3.1849703191255685e-05,2
1999-01-01,3,0.0,3.0,0.0,0.0,2.99591726064682,0.0003691448964673254,0.00017055766875273548,0.004064130898768762,3
1999-01-02,0,,,,,0.0,0.0,0.0,0.0,0
1999-01-03,0,,,,,0.0,0.0,0.0,0.0,0
1999-01-04,6,0.0,5.0,0.0,1.0,4.977201138048258,0.0002510334052203689,0.0005880147382412658,9.808216145756887e-05,6
1999-01-05,0,,,,,0.0,0.0,0.0,0.0,0
1999-01-06,0,,,,,0.0,0.0,0.0,0.0,0
1999-01-07,0,,,,,0.0,0.0,0.0,0.0,0
1999-01-08,4,0.0,4.0,0.0,0.0,2.412222146987915,0.028953345521585776,0.024479405605234098,0.0002791132073980407,4
1999-01-09,9,0.0,9.0,0.0,0.0,7.915703822742216,0.003153912944981071,0.0010708689933378744,0.00024104769090627087,9
1999-01-10,0,,,,,0.0,0.0,0.0,0.0,0
1999-01-11,0,,,,,0.0,0.0,0.0,0.0,0
1999-01-12,5,1.0,4.0,0.0,0.0,3.033627176657319,0.03501140167008988,0.4496638536566023,0.11097110538958074,5
1999-01-13,1,0.0,1.0,0.0,0.0,0.9954968094825744,0.0055014928802847,0.000920703751035,1.5174304280662907e-05,1
1999-01-14,7,0.0,7.0,0.0,0.0,4.9300049203448,0.0023959527061378906,0.014916219650331028,0.0002661038170116872,7
1999-01-15,2,0.0,1.0,0.0,1.0,1.0109760724008083,3.8373271308955736e-05,0.020674730267273792,0.18490800645849959,2
1999-01-16,4,0.0,3.0,0.0,1.0,3.030538104474544,0.008648206488942347,0.20561307579191623,8.535117194696795e-05,4
1999-01-17,0,,,,,0.0,0.0,0.0,0.0,0
1999-01-18,0,,,,,0.0,0.0,0.0,0.0,0
1999-01-19,5,1.0,2.0,0.0,2.0,1.034960987537488,0.025912298877301433,1.9259815061650443,7.836815439077327e-05,5
1999-01-20,5,1.0,3.0,0.0,1.0,1.0168813336622404,0.022823740117018886,0.010389940589447992,0.0026587957963783446,5
1999-01-21,4,0.0,3.0,0.0,1.0,0.3422758006327056,0.03130353068991091,0.026524434106249807,5.918288570683217e-05,4
1999-01-22,9,0.0,9.0,0.0,0.0,6.5258945263922215,0.0033867909751279473,0.003177457414494536,0.021105102475303204,8
1999-01-23,4,0.0,3.0,0.0,1.0,1.0159790604375303,0.016854351588335648,0.9758524795142873,0.004949321558342401,4
1999-01-24,0,,,,,0.0,0.0,0.0,0.0,0
1999-01-25,0,,,,,0.0,0.0,0.0,0.0,0
1999-01-26,1,0.0,1.0,0.0,0.0,0.9946330189704896,2.0211753508192487e-05,5.5067714129108936e-05,1.6928332115639932e-05,1
1999-01-27,1,0.0,0.0,0.0,1.0,0.0253132991492748,0.002828148426488,0.0440420322120189,1.338390757155139e-05,1
1999-01-28,9,1.0,8.0,0.0,0.0,5.8785607375903055,0.9700724003396318,0.873316591258117,0.0002230335712737875,9
1999-01-29,7,0.0,7.0,0.0,0.0,2.2237482981872745,0.00031218469575833296,0.0006688987014054348,0.00017655298688623586,7
1999-01-30,2,0.0,2.0,0.0,0.0,1.4234060049057007,0.0026336116134188,0.00026260454251312546,3.8682259400957264e-05,2
1999-01-31,0,,,,,0.0,0.0,0.0,0.0,0
1999-02-01,4,0.0,3.0,0.0,1.0,1.998241756349671,0.00038732360189896537,0.00013882704843126703,7.225252011267003e-05,4
1999-02-02,1,0.0,0.0,0.0,1.0,0.0059094158932566,0.0001012402644846,0.3716341257095337,1.5451274521183223e-05,1
1999-02-03,10,4.0,3.0,1.0,2.0,1.991853751640519,1.003066191945436,1.8776510412981227,0.003857776475342617,10
1999-02-04,1,0.0,1.0,0.0,0.0,0.2087278664112091,2.395087904005777e-05,0.0001082190719898,1.4857879250484984e-05,1
1999-02-05,1,0.0,1.0,0.0,0.0,0.9848780035972596,1.9697688912856396e-05,3.064050542889163e-05,1.826335210353136e-05,1
1999-02-06,6,0.0,5.0,0.0,1.0,3.832695546128889,0.9784072451666361,0.00015517995961999986,9.152211350738071e-05,6
1999-02-07,0,,,,,0.0,0.0,0.0,0.0,0
1999-02-08,11,1.0,9.0,0.0,1.0,7.899686156233656,0.9871205363297121,1.5884715131778648,0.048702716379011614,11
1999-02-09,4,0.0,4.0,0.0,0.0,1.9897748884468456,0.00010898521213675849,0.00018645705858943984,7.14227953722002e-05,4
1999-02-10,0,,,,,0.0,0.0,0.0,0.0,0
1999-02-11,0,,,,,0.0,0.0,0.0,0.0,0
1999-02-12,3,0.0,2.0,0.0,1.0,1.022920393379536,0.00020999882053725325,0.2759806283811485,4.696468931797426e-05,3
1999-02-13,3,0.0,3.0,0.0,0.0,1.9819266773411073,6.061361273168586e-05,0.02204889242329949,4.292155790608376e-05,3
1999-02-14,0,,,,,0.0,0.0,0.0,0.0,0
1999-02-15,2,0.0,2.0,0.0,0.0,1.9934332370758057,0.9856154572335071,2.9542256925196853e-05,2.663273517100606e-05,2
1999-02-16,5,0.0,5.0,0.0,0.0,3.8810172301600687,0.00016743155356380157,0.0006173252659207179,9.177514766633976e-05,5
1999-02-17,3,0.0,3.0,0.0,0.0,1.7892867591581305,7.126008677005302e-05,9.940740346792154e-05,4.9288048103335313e-05,3
1999-02-18,1,0.0,1.0,0.0,0.0,0.0004600551328621,2.3183683879324235e-05,2.742545257206075e-05,1.6748626876506023e-05,1
1999-02-19,1,0.0,0.0,0.0,1.0,0.4906167984008789,2.2506186724058352e-05,0.9930875897407532,0.0001610770268598,0
1999-02-20,8,0.0,7.0,0.0,1.0,6.8816644907929,0.0005977008413537069,1.958257966225574,0.5293379202994402,8
1999-02-21,0,,,,,0.0,0.0,0.0,0.0,0
1999-02-22,4,0.0,4.0,0.0,0.0,3.031412359327078,0.0009720718298922255,0.00010593697334115859,7.42582451493945e-05,4
1999-02-23,2,1.0,0.0,0.0,1.0,3.431004188314546e-05,4.604082823789213e-05,4.9959793614107184e-05,3.085243770328816e-05,2
1999-02-24,3,0.0,3.0,0.0,0.0,0.2650769278407096,0.00016495134696015157,0.00030212340789120004,8.204764526453799e-05,3
1999-02-25,0,,,,,0.0,0.0,0.0,0.0,0
1999-02-26,2,0.0,2.0,0.0,0.0,0.9986484592518536,0.00011987677498837002,0.00015463364252347588,3.309554449515417e-05,2
1999-02-27,9,0.0,8.0,0.0,1.0,5.436377479931252,0.006697998699564658,0.0004549068125924819,0.00016505423263879493,9
1999-02-28,0,,,,,0.0,0.0,0.0,0.0,0
1999-03-01,0,,,,,0.0,0.0,0.0,0.0,0
1999-03-02,2,0.0,2.0,0.0,0.0,0.9446624517440796,0.0192695260047912,0.0032213260419666,0.00017637736164033413,2
1999-03-03,1,0.0,1.0,0.0,0.0,0.9702719449996948,5.347169644664973e-05,0.0001535918418085,4.644783621188253e-05,1
1999-03-04,38,1.0,22.0,1.0,14.0,17.283954964921577,0.09973240945964687,7.908230042352443,0.8425738040295983,38
1999-03-05,1,0.0,1.0,0.0,0.0,0.5071809887886047,1.9069359041168354e-05,3.59372679668013e-05,1.5772586266393773e-05,1
1999-03-06,16,0.0,15.0,0.0,1.0,11.793450831450173,0.0004102967877770425,0.9409476339551471,0.0038744471357858253,16
1999-03-07,0,,,,,0.0,0.0,0.0,0.0,0
1999-03-08,2,0.0,2.0,0.0,0.0,1.9967974424362183,0.00012539991439552978,6.837868568254635e-05,0.06359949332181708,2
1999-03-09,8,0.0,8.0,0.0,0.0,5.900730617053341,0.002257272273709384,0.03516607446545078,0.000801151294581348,8
1999-03-10,5,0.0,0.0,0.0,5.0,0.014843233004285035,9.521159518044442e-05,0.9637329067645621,7.130024823709391e-05,5
1999-03-11,6,0.0,6.0,0.0,0.0,1.9476004070602357,0.007391659661152365,0.005099888696349614,0.0003469014536676173,6
1999-03-12,8,2.0,4.0,0.0,2.0,5.717932473191468,1.9213688445843218,0.931164343804994,0.000136770962853916,8
1999-03-13,5,0.0,5.0,0.0,0.0,4.895613610744476,0.0009395221077283624,0.0016115245434774924,0.00010076657417812385,5
1999-03-14,0,,,,,0.0,0.0,0.0,0.0,0
1999-03-15,7,0.0,6.0,0.0,1.0,3.3220810959992377,0.03720929736482487,0.003969135208535329,0.0005574646393142378,7
1999-03-16,9,0.0,7.0,0.0,2.0,5.494032131799031,0.01916383814568668,1.7713726827842036,0.00024186241444112966,9
1999-03-17,1,0.0,0.0,0.0,1.0,0.0122805796563625,2.2191694370121692e-05,0.0206526424735784,1.3638406016980298e-05,1
1999-03-18,9,0.0,7.0,0.0,2.0,1.325393791426904,0.008003875826943532,1.9615612282414074,0.0002860128306565457,9
1999-03-19,4,1.0,2.0,0.0,1.0,1.2836321799877624,0.11706961005711478,0.00012941041495651007,5.7663161896925885e-05,4
1999-03-20,4,0.0,3.0,0.0,1.0,2.9833588283509016,0.0001189317390526412,0.9573329530248884,0.09994308277600793,4
1999-03-21,0,,,,,0.0,0.0,0.0,0.0,0
1999-03-22,1,0.0,1.0,0.0,0.0,0.999104917049408,0.000648962392006,4.957036435371265e-05,2.716962080739904e-05,1
1999-03-23,11,0.0,9.0,0.0,2.0,7.876165052875876,0.031706975558336056,1.0303857182925638,0.0002048491705863853,11
1999-03-24,4,0.0,4.0,0.0,0.0,2.00157548491552,0.00019928324036300182,0.00010594445848255418,0.00010940638730971841,4
1999-03-25,2,0.0,2.0,0.0,0.0,1.8261359333992004,0.00017207779274027815,7.100961374817416e-05,3.5314675187692046e-05,2
1999-03-26,2,0.0,2.0,0.0,0.0,1.994529128074646,0.00312405255681369,0.01566277395613716,4.127764350414509e-05,2
1999-03-27,8,0.0,8.0,0.0,0.0,6.867940308366087,0.0022712680238327018,0.7972485370701177,0.00013421916537481593,8
1999-03-28,0,,,,,0.0,0.0,0.0,0.0,0
1999-03-29,8,3.0,2.0,0.0,3.0,1.0126854904519855,0.057887113125616084,1.0479354474700813,0.00015129042276385007,8
1999-03-30,7,0.0,5.0,0.0,2.0,2.269170657818904,0.0004445905578904759,0.9449068441008416,0.011155581119055505,7
1999-03-31,2,0.0,2.0,0.0,0.0,0.0002867680123016879,3.7256957511999644e-05,4.315272053645458e-05,3.375152846274432e-05,2
1999-04-01,0,,,,,0.0,0.0,0.0,0.0,0
1999-04-02,3,0.0,2.0,0.0,1.0,0.114445656125099,6.502147334686015e-05,8.905413233151194e-05,4.7889669076539576e-05,3
1999-04-03,2,1.0,1.0,0.0,0.0,0.9993940134299919,0.9724718134984869,0.00029879345856889255,7.468044350389391e-05,2
1999-04-04,0,,,,,0.0,0.0,0.0,0.0,0
1999-04-05,4,0.0,3.0,0.0,1.0,2.989065749265137,7.275427196873352e-05,0.9761678547711199,5.945506472926354e-05,4
1999-04-06,2,0.0,2.0,0.0,0.0,1.0690266638994217,0.0021494534339580756,0.00016614316700724885,0.00025154062495856045,2
1999-04-07,8,1.0,7.0,0.0,0.0,6.2237953521544105,0.9887819856612623,0.8292248370471498,0.00012811351916752756,8
1999-04-08,2,0.0,2.0,0.0,0.0,1.9841787219047544,0.003596651542466,0.00030219408654368193,3.88411008316325e-05,2
1999-04-09,9,0.0,9.0,0.0,0.0,6.187487178482115,0.007794228540660597,0.00020419242355274037,0.00014255045334721217,9
1999-04-10,1,0.0,1.0,0.0,0.0,0.9995585680007936,1.37538299895823e-05,1.607160083949566e-05,1.4483257473330012e-05,1
1999-04-11,0,,,,,0.0,0.0,0.0,0.0,0
1999-04-12,0,,,,,0.0,0.0,0.0,0.0,0
1999-04-13,2,0.0,2.0,0.0,0.0,1.9881113767623901,9.146646698354743e-05,7.304123573703691e-05,3.591323547880165e-05,2
1999-04-14,2,0.0,2.0,0.0,0.0,0.9998248512856663,0.000141694650665148,4.344176340964623e-05,3.632745756476652e-05,1
1999-04-15,3,0.0,3.0,0.0,0.0,1.9851515158079565,0.006553841232744119,0.00031560860952588733,5.688855981134111e-05,3
1999-04-16,4,1.0,2.0,1.0,0.0,1.013197593652876,0.9811933100263559,0.9769889803510524,0.027419840104812448,4
1999-04-17,7,2.0,5.0,0.0,0.0,2.0241754943972405,0.0001472340245527448,0.0033904257506944735,0.0001374093899357831,7
1999-04-18,0,,,,,0.0,0.0,0.0,0.0,0
1999-04-19,2,0.0,1.0,1.0,0.0,0.9982170676812527,3.503695097606396e-05,0.00012085202615706081,0.028706056657028897,2
1999-04-20,5,0.0,5.0,0.0,0.0,3.3819723427295685,0.001249888293386766,0.00027755703558796037,9.665184643381508e-05,5
1999-04-21,5,0.0,5.0,0.0,0.0,1.946594748646021,0.008912536515708645,0.10059269956582269,0.011108153384157047,5
1999-04-22,4,0.0,4.0,0.0,0.0,2.1358963549137115,0.00017439550356357358,0.00038633394797195787,9.966567995434161e-05,4
1999-04-23,5,1.0,3.0,0.0,1.0,1.9753932999446988,0.011326219466354735,0.8511608158041781,8.912087832868565e-05,5
1999-04-24,12,0.0,10.0,0.0,2.0,9.348610573913902,0.000951718950091051,1.9527327172254443,0.14312262552266472,12
1999-04-25,0,,,,,0.0,0.0,0.0,0.0,0
1999-04-26,1,0.0,1.0,0.0,0.0,0.9293037056922911,4.08419655286707e-05,4.74732332804706e-05,1.6589692677371204e-05,1
1999-04-27,2,0.0,2.0,0.0,0.0,1.056227881461382,0.0006104050698922774,6.204002238519024e-05,2.557565130700823e-05,2
1999-04-28,1,0.0,1.0,0.0,0.0,0.0162892434746027,0.0010076499311253,7.638661918463185e-05,2.812558523146436e-05,1
1999-04-29,6,0.0,6.0,0.0,0.0,3.9443738815025426,0.00015001861720520537,0.5942472119568265,9.763125308381859e-05,6
1999-04-30,6,0.0,6.0,0.0,0.0,2.347466924227774,0.02099088394970721,0.014264935263781373,0.00028123102310928516,6
1999-05-01,9,0.0,5.0,0.0,4.0,4.958897700009401,0.0065175530744452405,3.199096970341998,0.00014259650652093114,9
1999-05-02,0,,,,,0.0,0.0,0.0,0.0,0
1999-05-03,5,0.0,3.0,0.0,2.0,1.4171138331294058,0.00012239066199981607,1.879991990283088,0.9163070548020188,5
1999-05-04,7,0.0,5.0,0.0,2.0,2.0521658317247784,0.012571961722642262,2.8943924401464756,0.00011358443953213282,7
1999-05-05,1,0.0,1.0,0.0,0.0,0.0744943395256996,2.462293014104944e-05,2.115614915965125e-05,1.553112451802008e-05,1
1999-05-06,0,,,,,0.0,0.0,0.0,0.0,0
1999-05-07,14,0.0,13.0,0.0,1.0,8.601617773718317,0.0018156730147891626,1.5774135854462656,0.08157233400834224,14
1999-05-08,3,1.0,2.0,0.0,0.0,2.1913549453020096,0.9885616750580083,0.0010711092090786262,4.135886683798162e-05,3
1999-05-09,0,,,,,0.0,0.0,0.0,0.0,0
1999-05-10,0,,,,,0.0,0.0,0.0,0.0,0
1999-05-11,11,1.0,6.0,0.0,4.0,2.9460108374569245,0.0009043338159244005,0.16402024916169453,0.00018989926775248023,11
1999-05-12,2,0.0,1.0,0.0,1.0,0.9603312607832778,5.792892807221506e-05,0.00019303710359953822,3.3363496186211705e-05,2
1999-05-13,8,0.0,7.0,0.0,1.0,5.927578688249923,0.004545170740129735,1.1297900305198707,0.009894495481603286,8
1999-05-14,16,0.0,11.0,0.0,5.0,7.199018054408953,0.0003440934688114794,0.02774879066600931,0.00022764607638237067,16
1999-05-15,8,2.0,6.0,0.0,0.0,5.252272862811878,1.0000438591014245,0.00690805660451581,0.00017887349076772807,8
1999-05-16,0,,,,,0.0,0.0,0.0,0.0,0
1999-05-17,4,1.0,2.0,0.0,1.0,1.0865747946081683,0.9700680913629184,0.047549966540827694,8.660575986141339e-05,4
1999-05-18,12,1.0,9.0,1.0,1.0,7.847277012566337,0.0016562828659515514,1.9032254637149888,0.002155079102521954,12
1999-05-19,2,0.0,2.0,0.0,0.0,0.64803746342659,0.00013347969070309773,0.00017723344353726134,7.750889562885277e-05,2
1999-05-20,1,0.0,0.0,0.0,1.0,3.767411544686183e-05,1.869815787358675e-05,0.0386582650244236,1.4816923794569448e-05,1
1999-05-21,8,0.0,7.0,0.0,1.0,6.840538477024893,0.0054879387535036695,0.9676814617359921,0.000365297559255793,7
1999-05-22,7,0.0,5.0,1.0,1.0,4.911224995506927,0.0006293636606641755,0.02236780697785408,0.004288850971533883,7
1999-05-23,0,,,,,0.0,0.0,0.0,0.0,0
1999-05-24,0,,,,,0.0,0.0,0.0,0.0,0
1999-05-25,5,0.0,3.0,0.0,2.0,3.0054345009848475,0.00030798493207837935,2.755588766103756,0.020267507694370513,5
1999-05-26,10,0.0,8.0,0.0,2.0,5.953072822150716,0.000231666146646603,1.0031495311450271,0.00018854955760616576,10
1999-05-27,12,0.0,8.0,0.0,4.0,6.388968471437693,0.004264920589775481,3.7665458262017633,0.0103187477461688,12
1999-05-28,8,0.0,7.0,1.0,0.0,3.7230430881027132,0.0013142598127159051,0.00027605321338342037,0.007599429372021337,8
1999-05-29,2,0.0,1.0,0.0,1.0,0.9989644925699396,0.006248174675420148,0.1818618262514064,2.7653321012621745e-05,2
1999-05-30,0,,,,,0.0,0.0,0.0,0.0,0
1999-05-31,2,0.0,2.0,0.0,0.0,1.9503673911094666,8.818353671813384e-05,4.9089871026808396e-05,3.4126403988921084e-05,2
1999-06-01,7,0.0,6.0,0.0,1.0,5.399577729403973,0.0004938517449772491,0.8593396014730387,0.00011193089994776528,7
1999-06-02,9,0.0,6.0,0.0,3.0,1.4132998959539687,0.00045621086428576467,1.8513788868549452,0.00017705696973280285,6
1999-06-03,5,1.0,1.0,1.0,2.0,0.00641588305370524,0.00022143730893722113,0.12016423886961991,0.0001790802498362434,1
1999-06-04,7,0.0,6.0,0.0,1.0,3.0780019353042007,0.00015089849330252036,0.0018932047059933843,0.000531314750332906,7
1999-06-05,4,0.0,3.0,0.0,1.0,1.045000189978964,0.004133778958930468,0.001096260020858497,0.00013094451696815668,3
1999-06-06,0,,,,,0.0,0.0,0.0,0.0,0
1999-06-07,3,1.0,1.0,0.0,1.0,0.997095094702672,0.04839890991570421,0.8735641960902285,4.5226453948998824e-05,3
1999-06-08,24,3.0,15.0,0.0,6.0,10.475301253976795,0.9956642140004984,4.706980996454149,0.06870373200308677,21
1999-06-09,4,0.0,3.0,0.0,1.0,1.1203463803976774,0.0010191522869717044,0.09921514040615866,0.004190429737718621,4
1999-06-10,4,0.0,3.0,0.0,1.0,3.0912429988384247,0.00010487536565051414,0.8020117070882407,7.00296686773072e-05,4
1999-06-11,5,0.0,1.0,0.0,4.0,0.8643689721575356,0.00013206372932472732,3.9671346583945706,0.0009175817385766112,5
1999-06-12,6,0.0,5.0,0.0,1.0,1.3530663126148283,0.0006066764472052104,0.9978185570234926,0.00010952198499580845,6
1999-06-13,0,,,,,0.0,0.0,0.0,0.0,0
1999-06-14,3,0.0,3.0,0.0,0.0,2.9311483502388,6.0709122408297844e-05,0.003940275299100845,4.832752983929822e-05,3
1999-06-15,6,0.0,4.0,1.0,1.0,2.864881060866537,0.014037384363291494,0.002950928061181776,0.004272978841072396,4
1999-06-16,6,1.0,4.0,0.0,1.0,2.0281590637168847,0.0038015967311365827,0.0019134015456073314,0.00010775812279462116,6
1999-06-17,1,0.0,1.0,0.0,0.0,0.9926694631576538,2.1215244487393647e-05,2.180593946832232e-05,1.7071499314624816e-05,1
1999-06-18,12,0.0,9.0,1.0,2.0,6.955024251577925,0.016882164216440218,2.091374120023829,0.0021862348585272215,12
1999-06-19,2,0.0,2.0,0.0,0.0,0.9682707813262823,0.006428359773053589,2.9455649382725824e-05,2.612745538499439e-05,1
1999-06-20,0,,,,,0.0,0.0,0.0,0.0,0
1999-06-21,3,0.0,3.0,0.0,0.0,2.358256161212921,7.230007759062573e-05,0.0006637579535890733,5.370815961214248e-05,3
1999-06-22,9,1.0,6.0,0.0,2.0,1.9228526041224538,0.0050408670958857395,1.9115764022490112,0.0001986466595553793,9
1999-06-23,7,0.0,5.0,1.0,1.0,5.830078473300091,0.0005749365536756787,1.8877358801637456,0.004446914936124783,7
1999-06-24,4,0.0,4.0,0.0,0.0,3.1141087263822556,9.841220344242174e-05,0.0043905018246731,5.174500165594509e-05,4
1999-06-25,10,0.0,8.0,0.0,2.0,6.059170190159421,0.00020943475647072773,0.7364008780459699,0.0001545134055049857,10
1999-06-26,12,0.0,11.0,0.0,1.0,10.664764426648617,0.06355963605983533,1.0351092251366933,0.0001950322357515688,12
1999-06-27,0,,,,,0.0,0.0,0.0,0.0,0
1999-06-28,4,0.0,1.0,0.0,3.0,1.0546624721027908,0.0011148226549265944,1.1147140916436908,7.526543140556896e-05,4
1999-06-29,9,0.0,6.0,0.0,3.0,5.922164062038064,0.00047803667257532615,3.8621346979398368,0.00021139485215826426,9
1999-06-30,0,,,,,0.0,0.0,0.0,0.0,0
1999-07-01,7,0.0,7.0,0.0,0.0,6.347272574901581,0.009834891938225985,0.002013142719078964,0.0001865775366240996,7
1999-07-02,9,0.0,7.0,0.0,2.0,6.622661847621203,0.0009017601423690821,1.7668901216748054,0.0001869259613158647,9
1999-07-03,6,0.0,6.0,0.0,0.0,4.005108796758577,0.00012757211879943497,0.19567894540341496,0.0014035751728442105,6
1999-07-04,0,,,,,0.0,0.0,0.0,0.0,0
1999-07-05,0,,,,,0.0,0.0,0.0,0.0,0
1999-07-06,10,0.0,10.0,0.0,0.0,9.782103657722473,0.000283987350485404,0.0004442890131031163,0.00022827359134680592,10
1999-07-07,3,0.0,3.0,0.0,0.0,1.969515796750784,9.537521327729337e-05,9.376252273796126e-05,5.9447080275276676e-05,2
1999-07-08,10,0.0,7.0,0.0,3.0,6.828713253962633,0.03239599923017497,1.156624967126845,0.00015443606662302045,10
1999-07-09,16,0.0,9.0,1.0,6.0,3.4403965587598573,0.0005527912016987102,1.3431980901532368,0.029451577981489823,9
1999-07-10,3,0.0,2.0,0.0,1.0,1.989200414136576,6.504411430796608e-05,0.19049247871771505,5.012659039493883e-05,3
1999-07-11,0,,,,,0.0,0.0,0.0,0.0,0
1999-07-12,0,,,,,0.0,0.0,0.0,0.0,0
1999-07-13,2,0.0,1.0,0.0,1.0,0.8572414596565068,0.0001113351227104431,0.9875580646221351,3.385975105629768e-05,2
1999-07-14,10,1.0,8.0,0.0,1.0,6.001393080794514,0.0013848542621416118,0.9273099191905203,0.05074144712034458,10
1999-07-15,4,0.0,3.0,0.0,1.0,2.929699816275388,0.00034180536567864485,1.0014548806284438,7.610102511534933e-05,4
1999-07-16,3,0.0,3.0,0.0,0.0,2.2293749153614044,0.00933164167054197,0.0013854207718394396,0.001280268032132788,3
1999-07-17,22,1.0,19.0,0.0,2.0,14.792589261374815,0.027452764102235863,1.0047246086014634,0.0023685612441112433,21
1999-07-18,0,,,,,0.0,0.0,0.0,0.0,0
1999-07-19,0,,,,,0.0,0.0,0.0,0.0,0
1999-07-20,1,0.0,1.0,0.0,0.0,0.9979373216629028,0.0046285111457109,3.859151911456138e-05,3.7524667277466506e-05,1
1999-07-21,5,0.0,4.0,0.0,1.0,3.484523468185216,0.0024852426431605317,1.1339344646476093,8.536415316484636e-05,5
1999-07-22,2,0.0,2.0,0.0,0.0,1.9982666373252869,0.0051673966700035556,0.00019699777840285484,3.822779035544954e-05,2
1999-07-23,8,0.0,7.0,0.0,1.0,4.9339513979211915,0.001329666869423814,0.006824463407610781,0.03279025905248995,8
1999-07-24,18,1.0,17.0,0.0,0.0,11.981592489966715,1.0157135481922523,1.7800159203325165,0.08599929342744865,18
1999-07-25,0,,,,,0.0,0.0,0.0,0.0,0
1999-07-26,2,0.0,1.0,0.0,1.0,0.3955510407686233,0.002387286025623263,0.9939411483865113,4.036779500893317e-05,2
1999-07-27,9,0.0,4.0,1.0,4.0,4.821726117050275,0.003130773682641955,4.236103384788294,0.0032940706942099123,9
1999-07-28,3,0.0,3.0,0.0,0.0,2.3230640292167664,0.015418463881360199,0.8027018882276024,8.725491079530912e-05,3
1999-07-29,14,0.0,13.0,1.0,0.0,11.87419499119278,0.00033028422058123397,1.7687113955962557,0.023489298386266382,14
1999-07-30,5,0.0,4.0,0.0,1.0,1.0169624421105252,0.0001167094142147107,0.0065645085633149304,7.599724176543532e-05,5
1999-07-31,2,0.0,2.0,0.0,0.0,1.994290053844452,7.771807213430293e-05,6.528622361656744e-05,3.31706596625736e-05,2
1999-08-01,0,,,,,0.0,0.0,0.0,0.0,0
1999-08-02,2,0.0,1.0,0.0,1.0,0.9998777200380572,6.374014628818259e-05,0.9970435779541731,2.7411558221501764e-05,2
1999-08-03,3,0.0,2.0,0.0,1.0,0.05404911102777975,7.38363632990513e-05,0.8970207963120629,0.0001842091196521307,3
1999-08-04,3,0.0,3.0,0.0,0.0,2.9394460916519165,5.092502215120476e-05,7.214546712930314e-05,4.3610621105472085e-05,3
1999-08-05,6,0.0,5.0,0.0,1.0,4.876914843916893,0.0009028433851199072,2.9051574520854047,9.854634026851274e-05,6
1999-08-06,10,0.0,9.0,1.0,0.0,4.055516919353977,0.0020256306197552346,0.9629743935875008,0.028924629101311366,10
1999-08-07,4,0.0,3.0,0.0,1.0,1.9944568908358633,0.004328221015384687,0.003748852484932157,9.820907143875957e-05,4
1999-08-08,0,,,,,0.0,0.0,0.0,0.0,0
1999-08-09,0,,,,,0.0,0.0,0.0,0.0,0
1999-08-10,6,0.0,6.0,0.0,0.0,2.8654650264943484,0.00017128582476289012,0.002032333517490592,0.00011152114620927023,6
1999-08-11,2,0.0,2.0,0.0,0.0,0.9173729829490185,4.269758028385695e-05,4.476465437619481e-05,2.8086134989280254e-05,2
1999-08-12,1,0.0,1.0,0.0,0.0,0.9982646107673644,1.7588814444025047e-05,0.963058352470398,1.4630414625571577e-05,1
1999-08-13,24,0.0,14.0,0.0,10.0,4.450537304237513,0.010218721042292109,5.149697461681171,0.0006630547031817774,24
1999-08-14,19,3.0,15.0,0.0,1.0,11.847260249896863,2.9583553986803963,0.0003587218525353819,0.00028848304646089673,19
1999-08-15,0,,,,,0.0,0.0,0.0,0.0,0
1999-08-16,3,0.0,2.0,0.0,1.0,0.9979875288554466,5.163742935110349e-05,0.053106503585695415,4.75777333122096e-05,3
1999-08-17,0,,,,,0.0,0.0,0.0,0.0,0
1999-08-18,0,,,,,0.0,0.0,0.0,0.0,0
1999-08-19,18,0.0,18.0,0.0,0.0,11.297310320427641,0.9760217125631242,0.5789549837027149,0.00234500991518862,18
1999-08-20,2,1.0,0.0,1.0,0.0,0.023678028423091666,0.9796203895857616,6.613293408008758e-05,0.00033662399619054215,2
1999-08-21,8,0.0,8.0,0.0,0.0,6.515061490237713,0.0001660753714531893,1.053974967524482,0.08923484763636222,8
1999-08-22,0,,,,,0.0,0.0,0.0,0.0,0
1999-08-23,0,,,,,0.0,0.0,0.0,0.0,0
1999-08-24,4,0.0,4.0,0.0,0.0,2.8432217019144446,0.00021225622185732051,0.00013220711480244063,0.024791800096863874,3
1999-08-25,14,1.0,11.0,0.0,2.0,4.032135630957781,0.9631317364101051,0.15916797571117017,0.055578240842805646,9
1999-08-26,1,0.0,0.0,0.0,1.0,0.013427804224193,6.782369018765166e-05,0.8118783831596375,1.564829290146008e-05,1
1999-08-27,3,0.0,2.0,0.0,1.0,1.9994552577845752,0.004506565270275982,0.036391090759934734,0.032406670197815395,3
1999-08-28,2,0.0,2.0,0.0,0.0,1.9403463006019592,8.746883031562902e-05,7.79251495259814e-05,3.776846642722376e-05,2
1999-08-29,0,,,,,0.0,0.0,0.0,0.0,0
1999-08-30,0,,,,,0.0,0.0,0.0,0.0,0
1999-08-31,0,,,,,0.0,0.0,0.0,0.0,0
1999-09-01,5,0.0,5.0,0.0,0.0,4.924375057220459,0.0001750923511281144,0.00015231522047542967,8.106826317089144e-05,5
1999-09-02,0,,,,,0.0,0.0,0.0,0.0,0
1999-09-03,0,,,,,0.0,0.0,0.0,0.0,0
1999-09-04,3,0.0,3.0,0.0,0.0,2.9312073588371277,0.0016606493700237342,0.0011786299346566282,0.04468103144063197,3
1999-09-05,0,,,,,0.0,0.0,0.0,0.0,0
1999-09-06,0,,,,,0.0,0.0,0.0,0.0,0
1999-09-07,0,,,,,0.0,0.0,0.0,0.0,0
1999-09-08,3,0.0,1.0,0.0,2.0,0.0009121954499277001,8.560043715988286e-05,0.002200937731686148,0.00022564187020169,3
1999-09-09,2,0.0,0.0,0.0,2.0,0.0005503684369613927,5.661381874233484e-05,0.5162126583200006,3.0868291105434764e-05,2
1999-09-10,5,1.0,2.0,0.0,2.0,0.1893100206852976,0.970959357371612,0.9254460098600248,7.559721325378632e-05,5
1999-09-11,1,0.0,1.0,0.0,0.0,0.00160736462567,0.0001235643576364,2.679185854503885e-05,1.6789661458460614e-05,0
1999-09-12,0,,,,,0.0,0.0,0.0,0.0,0
1999-09-13,1,0.0,0.0,0.0,1.0,0.0415313392877578,2.7107638743473217e-05,0.1719066053628921,1.4496965377475137e-05,1
1999-09-14,4,0.0,1.0,1.0,2.0,0.005440178721982919,0.0006745806840625908,0.6859657534478173,0.030209706942514403,4
1999-09-15,2,0.0,1.0,0.0,1.0,0.2504934343451168,5.1848854127456434e-05,0.023764950685290363,3.0800150852883235e-05,2
1999-09-16,6,0.0,5.0,1.0,0.0,2.456960874624201,0.0059822308230650005,0.001463133643483044,0.0018072575749101334,6
1999-09-17,2,0.0,1.0,0.0,1.0,0.9910200360354794,7.436117994075175e-05,0.000576086651562926,0.0026957946574838903,2
1999-09-18,2,0.0,2.0,0.0,0.0,0.9929181281477213,6.583672438864596e-05,5.806326771562454e-05,3.255406045354903e-05,2
1999-09-19,0,,,,,0.0,0.0,0.0,0.0,0
1999-09-20,1,0.0,1.0,0.0,0.0,0.0011322427308186,6.565569492522627e-05,2.3850534489611164e-05,5.5267631978495046e-05,1
1999-09-21,2,0.0,2.0,0.0,0.0,1.9511255621910095,8.072044511209242e-05,0.0056315380934392,3.165200814692071e-05,2
1999-09-22,6,0.0,6.0,0.0,0.0,2.315119117498398,0.0002549287492001895,1.708554112090496,0.00013696055157197407,6
1999-09-23,7,0.0,2.0,0.0,5.0,1.3991524097909855,0.00034793632221407684,4.4495086973802245,0.00010943060260615312,6
1999-09-24,2,0.0,2.0,0.0,0.0,1.9175151586532593,4.907241600449197e-05,5.011887333239429e-05,3.3818143492680974e-05,2
1999-09-25,22,0.0,21.0,1.0,0.0,8.354243645162569,0.0006413815553969471,0.013697740376301185,0.002584455796750198,22
1999-09-26,0,,,,,0.0,0.0,0.0,0.0,0
1999-09-27,1,0.0,0.0,0.0,1.0,0.8488205075263977,2.2333078959491104e-05,0.9467254281044006,1.5663305021007545e-05,1
1999-09-28,10,1.0,6.0,0.0,3.0,4.36127139315613,0.050878193378593874,3.6942636897165357,0.00015823212379473262,10
1999-09-29,5,0.0,5.0,0.0,0.0,3.9074930180795486,0.0006467243401856605,0.000698686857503868,0.00012232386234245496,5
1999-09-30,7,0.0,2.0,0.0,5.0,1.5143008322920648,0.0005836931304656202,1.800555626185087,0.0001260092549273395,7
1999-10-01,10,0.0,6.0,0.0,4.0,3.5810235296376045,0.09961720888895755,2.518208655081253,0.00017487935019744327,10
1999-10-02,8,0.0,8.0,0.0,0.0,5.990364990662783,0.0005618794839392083,1.1363135295414395,0.0001264362736037583,8
1999-10-03,0,,,,,0.0,0.0,0.0,0.0,0
1999-10-04,4,0.0,4.0,0.0,0.0,3.8549535870552063,0.00011220893793506548,0.09576525624834173,5.945272005192237e-05,4
1999-10-05,4,0.0,3.0,0.0,1.0,3.2446920573711395,0.009400402708706637,0.9622587494195612,0.01389051609203305,4
1999-10-06,8,0.0,5.0,0.0,3.0,3.2999857462218642,0.003919325747119535,1.9493920142449492,0.00023594848244098176,8
1999-10-07,10,1.0,6.0,1.0,2.0,5.896626510031638,0.006458882699007484,1.0763248536950414,0.005741164423852663,10
1999-10-08,7,0.0,4.0,1.0,2.0,2.869445372032714,0.005485445837621036,0.9899606156395749,0.0004903152876067185,7
1999-10-09,6,1.0,3.0,0.0,2.0,2.07829735746418,0.979120249630796,2.0020845132785325,8.705769323569257e-05,6
1999-10-10,0,,,,,0.0,0.0,0.0,0.0,0
1999-10-11,2,0.0,2.0,0.0,0.0,1.9832454919815063,4.744388752442319e-05,9.891489025903866e-05,0.00010139735786651727,2
1999-10-12,0,,,,,0.0,0.0,0.0,0.0,0
1999-10-13,3,0.0,3.0,0.0,0.0,2.979404866695404,7.410853140754625e-05,0.960946472159776,0.02680448708633767,3
1999-10-14,5,0.0,5.0,0.0,0.0,4.244003623723984,0.0011235715610382322,0.0043678910333253725,0.7256251381486435,5
1999-10-15,5,0.0,5.0,0.0,0.0,4.956314384937286,0.0011221360409763167,0.30823235926436593,0.01164313853860213,4
1999-10-16,5,0.0,4.0,1.0,0.0,2.0110486509493057,0.02011389755352854,0.012952797125762902,0.0004315236810725002,5
1999-10-17,0,,,,,0.0,0.0,0.0,0.0,0
1999-10-18,2,0.0,1.0,0.0,1.0,0.03485296825328987,0.002568446998338911,0.00014664505579272582,3.6772531530004926e-05,2
1999-10-19,1,0.0,0.0,0.0,1.0,0.001676081912592,1.923315539897885e-05,0.014123965986073,1.3065441635262688e-05,1
1999-10-20,0,,,,,0.0,0.0,0.0,0.0,0
1999-10-21,4,0.0,0.0,1.0,3.0,0.05291619969284502,0.00029018520035604413,2.0338455899909604,0.000302866040328775,4
1999-10-22,5,0.0,4.0,0.0,1.0,3.1204468347132206,0.00011217645987926517,0.07581500739252063,0.9491414789099509,5
1999-10-23,4,2.0,2.0,0.0,0.0,1.9973816131823694,0.8218124105624156,0.0002672075661393127,0.039305208245423114,4
1999-10-24,0,,,,,0.0,0.0,0.0,0.0,0
1999-10-25,11,0.0,8.0,0.0,3.0,4.588502919359598,0.005933926811849069,0.2383652746430011,0.00028256360565137584,9
1999-10-26,3,0.0,2.0,0.0,1.0,0.052474502550467116,0.00010625335744407494,0.00011382340926502366,5.5937380238901824e-05,2
1999-10-27,10,0.0,9.0,0.0,1.0,4.577541161321278,0.0002896816913562361,0.0022833905804871316,0.00023308623622142477,9
1999-10-28,18,0.0,15.0,0.0,3.0,7.399110730544635,1.0123881103854726,4.789677324994045,0.002156963519155325,18
1999-10-29,11,1.0,7.0,1.0,2.0,5.271846851694136,0.985893715189377,1.8463346685966824,0.11683780719522457,11
1999-10-30,2,0.0,1.0,0.0,1.0,0.9803109920030693,0.0011517807070049097,0.0065366352282580625,3.9412921978509985e-05,2
1999-10-31,0,,,,,0.0,0.0,0.0,0.0,0
1999-11-01,0,,,,,0.0,0.0,0.0,0.0,0
1999-11-02,2,0.0,1.0,0.0,1.0,0.933705429546535,0.00035853363988273953,0.025043430759978856,3.4985909223905765e-05,2
1999-11-03,1,0.0,0.0,1.0,0.0,1.6592477550148033e-05,1.4315398402686696e-05,1.765249362506438e-05,6.215390021679923e-05,1
1999-11-04,10,0.0,7.0,1.0,2.0,3.582267646406762,0.06627968066823069,1.9644984172973636,0.022615744868744424,10
1999-11-05,7,0.0,4.0,1.0,2.0,3.032230968005024,0.9693370155564481,1.9921213770430766,0.04203080783281614,7
1999-11-06,4,0.0,4.0,0.0,0.0,2.009247726295143,0.0076931826024518365,0.0006968253746890471,0.00011957700644416036,4
1999-11-07,0,,,,,0.0,0.0,0.0,0.0,0
1999-11-08,4,0.0,4.0,0.0,0.0,2.0283498290373245,7.750772238068748e-05,7.949301107146312e-05,6.748214400431607e-05,4
1999-11-09,1,0.0,1.0,0.0,0.0,0.9997981190681458,0.004105701111257,0.9406826496124268,1.7846617993200198e-05,1
1999-11-10,1,0.0,0.0,0.0,1.0,0.8483111262321472,2.6163006623391997e-05,0.9997351765632628,1.4863918295304757e-05,1
1999-11-11,16,0.0,13.0,0.0,3.0,5.543688386864233,0.0011933016230612314,1.5740312299367358,0.8961308252046365,16
1999-11-12,3,0.0,3.0,0.0,0.0,2.023951768875122,0.010851769615328504,0.0012499868189477996,4.711210749519523e-05,3
1999-11-13,9,2.0,6.0,0.0,1.0,4.053514603729127,0.12325004576541675,0.002327494643395498,0.00023836710715831135,9
1999-11-14,0,,,,,0.0,0.0,0.0,0.0,0
1999-11-15,2,0.0,1.0,0.0,1.0,1.009493346326053,0.00022468947281587145,1.7091427445411682,2.822259375534486e-05,2
1999-11-16,2,0.0,1.0,0.0,1.0,0.9868450530047995,0.00043775520134649965,0.00014156154429650013,4.40849889855599e-05,2
1999-11-17,7,0.0,7.0,0.0,0.0,4.002272711019032,0.00015986585003702203,0.00020576241331582423,0.0001326281053479761,7
1999-11-18,17,0.0,14.0,1.0,2.0,9.640339424997364,0.0005113249226269545,1.9924248782026552,0.029076754820380107,17
1999-11-19,6,0.0,4.0,0.0,2.0,2.877343294509046,0.0037342941013774307,1.9811513365930296,0.0323384353787332,6
1999-11-20,3,0.0,1.0,2.0,0.0,0.063978568301536,5.178525771043496e-05,7.513858508900739e-05,0.981766840102864,3
1999-11-21,0,,,,,0.0,0.0,0.0,0.0,0
1999-11-22,1,0.0,0.0,0.0,1.0,0.8646913170814514,6.285424751695246e-05,0.9537032842636108,1.412285928381607e-05,1
1999-11-23,2,0.0,2.0,0.0,0.0,0.0001973083053598312,4.0738950701779686e-05,3.7253992559271865e-05,3.092926817771513e-05,2
1999-11-24,10,2.0,5.0,0.0,3.0,4.030701833657076,0.0005088633552076367,2.224134611582485,0.006504747454528071,10
1999-11-25,12,0.0,9.0,0.0,3.0,2.522816974204033,0.0009402302548551062,2.392531356877953,0.00019498025540087838,12
1999-11-26,1,0.0,0.0,1.0,0.0,9.431711077922957e-05,1.352675008092774e-05,1.5070704648678657e-05,0.0226720739156007,1
1999-11-27,3,0.0,3.0,0.0,0.0,0.4240802520071155,0.006916753936820806,0.0008093296255537249,9.981121547752991e-05,3
1999-11-28,0,,,,,0.0,0.0,0.0,0.0,0
1999-11-29,1,0.0,1.0,0.0,0.0,6.597738683922216e-05,3.524020212353207e-05,6.17176920059137e-05,2.0727547962451357e-05,1
1999-11-30,3,0.0,3.0,0.0,0.0,1.9776649940758944,5.5795323532947805e-05,9.080811287276447e-05,0.0005140021894475239,3
1999-12-01,6,0.0,6.0,0.0,0.0,4.086185603577178,0.9818602491195634,0.0005553304035856451,0.00011904062830581097,6
1999-12-02,5,1.0,2.0,2.0,0.0,1.0140310372444217,0.974023347072034,0.026133749641303397,0.03921681364681707,5
1999-12-03,14,1.0,6.0,2.0,5.0,4.065169161331141,0.051302529889653475,2.0599106705685695,0.03187631699256584,14
1999-12-04,13,0.0,9.0,0.0,4.0,4.7431566332961665,0.0004756888329210595,1.8676073355436527,0.00021019384621467907,13
1999-12-05,0,,,,,0.0,0.0,0.0,0.0,0
1999-12-06,6,0.0,4.0,0.0,2.0,1.9858151500411623,0.0001303718308918178,0.0013558077916967976,0.00022871577675680414,6
1999-12-07,2,0.0,2.0,0.0,0.0,1.8648902773857117,5.1410437663435005e-05,5.835417323396541e-05,3.6399627788341604e-05,2
1999-12-08,6,0.0,4.0,0.0,2.0,0.0541565546645868,0.00014889545673213433,0.9904561790190199,8.813800559437368e-05,6
1999-12-09,3,0.0,3.0,0.0,0.0,2.996516168117523,6.301897519733757e-05,5.356833935366012e-05,4.5461917579814326e-05,3
1999-12-10,2,0.0,0.0,2.0,0.0,3.228404784749728e-05,4.092747076356318e-05,0.0001522948587079935,0.0022970295103731998,2
1999-12-11,1,0.0,1.0,0.0,0.0,2.5513989385217428e-05,1.461372994526755e-05,1.7788583136280067e-05,1.2599452020367607e-05,1
1999-12-12,0,,,,,0.0,0.0,0.0,0.0,0
1999-12-13,1,0.0,0.0,1.0,0.0,3.856113471556455e-05,1.5325384083553217e-05,1.8535567505750805e-05,0.012976967729628,1
1999-12-14,1,0.0,1.0,0.0,0.0,0.4861253499984741,0.0338942222297191,0.000206130935112,1.3642646990774663e-05,1
1999-12-15,2,0.0,1.0,1.0,0.0,0.7531614906765753,3.9227516026585356e-05,5.512456846190616e-05,0.02368238062081215,2
1999-12-16,4,0.0,3.0,1.0,0.0,2.8108449617793667,0.00012912841157231014,0.0001154612564278068,0.006131617779828815,4
1999-12-17,1,0.0,0.0,1.0,0.0,0.0002079698751913,1.4888560144754592e-05,1.95901684492128e-05,0.0124762570485472,1
1999-12-18,6,0.0,6.0,0.0,0.0,5.957689523696899,0.00012542477998067625,0.0001268992946279468,0.00019549216449369467,6
1999-12-19,0,,,,,0.0,0.0,0.0,0.0,0
1999-12-20,1,0.0,0.0,0.0,1.0,0.00101474521216,2.099038101732731e-05,0.8646889925003052,1.424266793037532e-05,1
1999-12-21,2,0.0,2.0,0.0,0.0,1.9843234419822693,3.716756691574119e-05,0.0003592504945117,3.3982916647801176e-05,2
1999-12-22,9,1.0,5.0,0.0,3.0,3.348562550931092,0.9888122627780828,1.009635828426326,0.0014091594330238612,9
1999-12-23,5,0.0,5.0,0.0,0.0,1.970976131153293,0.00143856876456992,0.00043356677633710206,0.00012866214819950983,5
1999-12-24,17,0.0,15.0,1.0,1.0,0.016432905327746702,0.00032585448752797674,0.5358272994435538,0.009228949262251202,17
1999-12-25,4,0.0,3.0,1.0,0.0,1.9890037233562907,7.110753813321935e-05,0.00014822433331573848,0.012387907481752268,4
1999-12-26,0,,,,,0.0,0.0,0.0,0.0,0
1999-12-27,0,,,,,0.0,0.0,0.0,0.0,0
1999-12-28,6,0.0,2.0,2.0,2.0,1.2567432354844639,0.0003697145448312802,0.9774023121080972,0.2522060110895835,6
1999-12-29,3,1.0,2.0,0.0,0.0,1.9928640962389181,0.004576400448058821,9.235496690962464e-05,5.800465260108467e-05,3
1999-12-30,2,0.0,2.0,0.0,0.0,0.0005142819845786664,4.388821071188431e-05,4.180728137725964e-05,2.9714398806390818e-05,2
1999-12-31,4,0.0,3.0,0.0,1.0,2.006858353386633,9.069226689462084e-05,0.0017857461625680798,5.992874866933562e-05,4
2000-01-01,4,0.0,4.0,0.0,0.0,3.99031525850296,0.00012888012679468375,0.0011684513974614512,0.000266207965978535,4
2000-01-02,0,,,,,0.0,0.0,0.0,0.0,0
2000-01-03,13,0.0,12.0,0.0,1.0,10.932883996720193,0.0003578353898774367,0.001334744980340434,0.00020171850428596372,13
2000-01-04,3,0.0,2.0,1.0,0.0,1.9968559866101714,8.856830118020298e-05,0.9182133707545289,0.1441894334766402,3
2000-01-05,0,,,,,0.0,0.0,0.0,0.0,0
2000-01-06,8,0.0,8.0,0.0,0.0,4.03226039709989,0.003584373929697892,0.00356913880114002,0.036158230219370965,8
2000-01-07,1,0.0,1.0,0.0,0.0,0.9988410472869872,0.0021499011199921,0.0004086424305569,1.4244624253478833e-05,1
2000-01-08,3,0.0,2.0,0.0,1.0,0.9871207237883936,6.170984852360561e-05,0.0012797526142093727,0.015016648007076538,3
2000-01-09,0,,,,,0.0,0.0,0.0,0.0,0
2000-01-10,2,0.0,2.0,0.0,0.0,1.9960285425186157,9.888258500723168e-05,0.00022817984972787477,0.2519013484370589,2
2000-01-11,0,,,,,0.0,0.0,0.0,0.0,0
2000-01-12,10,1.0,6.0,1.0,2.0,5.047455824922508,0.012418738602718514,0.14789977974760385,0.01754670926129611,10
2000-01-13,2,0.0,2.0,0.0,0.0,1.0425768941640854,7.411650221911259e-05,5.501474333868828e-05,4.1787712689256296e-05,2
2000-01-14,5,0.0,5.0,0.0,0.0,1.0936980609985765,0.00010831623330886941,0.00021824643226864282,7.80132322688587e-05,5
2000-01-15,5,0.0,5.0,0.0,0.0,3.9914074415137293,0.01083655129150418,0.0012875778902525135,7.787710637785494e-05,5
2000-01-16,0,,,,,0.0,0.0,0.0,0.0,0
2000-01-17,0,,,,,0.0,0.0,0.0,0.0,0
2000-01-18,7,1.0,5.0,1.0,0.0,1.56690581406292,0.003611788431953658,0.00033090811302824376,0.04919726703337797,7
2000-01-19,2,0.0,2.0,0.0,0.0,0.9963043000898324,5.050153595220763e-05,0.001612111052963832,3.257834669057047e-05,2
2000-01-20,9,1.0,8.0,0.0,0.0,4.073040670169576,0.00033263181830986497,0.01659694368390761,0.038554011839550976,9
2000-01-21,2,0.0,2.0,0.0,0.0,0.8259401852265,4.8116806283360354e-05,0.00011363677549525164,3.0229588446673006e-05,2
2000-01-22,2,0.0,1.0,1.0,0.0,0.001014153469441168,3.800702324951999e-05,4.600349711836316e-05,0.011453848848759647,2
2000-01-23,0,,,,,0.0,0.0,0.0,0.0,0
2000-01-24,0,,,,,0.0,0.0,0.0,0.0,0
2000-01-25,3,0.0,2.0,1.0,0.0,1.9943508029246004,0.00011744593211915344,9.692413732409477e-05,0.031446262051758794,3
2000-01-26,4,0.0,4.0,0.0,0.0,2.1364610781893134,0.00010292973820469342,0.012571026534715089,7.088343136274489e-05,4
2000-01-27,8,1.0,3.0,1.0,3.0,3.0037736706017313,0.00029298699155333425,2.9517091550569603,0.0008172725665644649,8
2000-01-28,8,0.0,8.0,0.0,0.0,5.931916357425507,0.00024333192959602457,0.00019989540123788174,0.00014341221958602546,8
2000-01-29,7,0.0,7.0,0.0,0.0,4.50014673399528,1.8564355601320128,0.03540376996079421,0.00011465973238955485,7
2000-01-30,0,,,,,0.0,0.0,0.0,0.0,0
2000-01-31,1,0.0,1.0,0.0,0.0,0.0009563766070641,1.9980723664048128e-05,2.003512236115057e-05,1.8757353245746344e-05,1
2000-02-01,6,0.0,3.0,1.0,2.0,1.9980050287213085,0.0004263971850377821,0.00019336493460286874,0.013159269495190515,6
2000-02-02,10,0.0,8.0,0.0,2.0,5.006781200820114,0.00022385429474525154,1.977394491479572,0.05189461952340923,10
2000-02-03,21,0.0,11.0,0.0,10.0,6.090203447525709,0.005048561070907146,6.980872464913773,0.001926667722727781,20
2000-02-04,6,0.0,5.0,1.0,0.0,2.0293434968389192,0.0001322497764704167,0.00023623746801604284,0.000320277274113318,5
2000-02-05,9,0.0,6.0,0.0,3.0,3.9120356167513815,0.0005202061611270779,1.1044966635308806,0.00013231609409558587,8
2000-02-06,0,,,,,0.0,0.0,0.0,0.0,0
2000-02-07,18,0.0,17.0,0.0,1.0,16.667258586512617,1.0148018097388558,2.4670257963598483,0.00026692571555031464,18
2000-02-08,10,2.0,8.0,0.0,0.0,3.2214935124375184,0.001581029888256953,0.0006285973195189871,0.0001836308720157831,10
2000-02-09,7,1.0,5.0,0.0,1.0,1.0803936005559078,0.022202273766197312,0.0017450292289140487,0.0001222959726874251,7
2000-02-10,4,0.0,4.0,0.0,0.0,3.984819889068604,0.9798386167840363,9.242493615602143e-05,6.2062779761618e-05,4
2000-02-11,17,0.0,17.0,0.0,0.0,12.053216913962387,0.00035448601374810096,2.099335733732005,0.00445900815611813,17
2000-02-12,1,0.0,1.0,0.0,0.0,0.930854856967926,2.508574107196182e-05,0.1226517483592033,0.0002930530463345,1
2000-02-13,0,,,,,0.0,0.0,0.0,0.0,0
2000-02-14,0,,,,,0.0,0.0,0.0,0.0,0
2000-02-15,1,0.0,1.0,0.0,0.0,0.93574059009552,2.612444041005801e-05,6.890981603646651e-05,1.715292273729574e-05,1
2000-02-16,5,0.0,4.0,0.0,1.0,1.0260418016696349,0.00021374973039200995,0.9967883567333048,0.0001073757002814091,5
2000-02-17,1,0.0,1.0,0.0,0.0,0.9992737770080566,0.0001876573369372,2.652655530255288e-05,2.1625799490720965e-05,1
2000-02-18,3,0.0,0.0,1.0,2.0,4.8329397941415664e-05,4.620676099875709e-05,0.0011828295700978995,0.0005287914154905284,3
2000-02-19,16,0.0,14.0,1.0,1.0,1.992048980109757,0.00046363950787047545,0.0014642865207860518,0.01660822818394077,16
2000-02-20,0,,,,,0.0,0.0,0.0,0.0,0
2000-02-21,0,,,,,0.0,0.0,0.0,0.0,0
2000-02-22,4,0.0,3.0,0.0,1.0,0.9992493558747809,0.00012632049583771732,0.00015064392664498882,6.264076000661589e-05,4
2000-02-23,5,0.0,3.0,1.0,1.0,1.0022934991975487,0.00028826055768149444,0.43046032669735707,0.058843621526648265,5
2000-02-24,9,0.0,8.0,0.0,1.0,1.1606816917665126,0.01918118072171637,0.0010877037439057926,0.00018417658338876208,9
2000-02-25,0,,,,,0.0,0.0,0.0,0.0,0
2000-02-26,6,1.0,3.0,0.0,2.0,2.9649495318808476,0.00016317411609634291,0.9982323379699664,0.017867381882751755,6
2000-02-27,0,,,,,0.0,0.0,0.0,0.0,0
2000-02-28,6,0.0,4.0,0.0,2.0,3.936288857514228,0.9959977671915113,0.943033838071642,0.00021452869350464522,6
2000-02-29,2,0.0,1.0,0.0,1.0,0.8932204617849493,4.8546142352279276e-05,6.25456013949588e-05,3.1964577829057816e-05,2
2000-03-01,4,0.0,4.0,0.0,0.0,3.9925132393836975,0.00010101531552209053,7.661624476895668e-05,6.156068411655724e-05,4
2000-03-02,3,0.0,3.0,0.0,0.0,0.7339486059954652,6.600779124710243e-05,8.652735959913116e-05,4.653709129343042e-05,3
2000-03-03,8,1.0,6.0,1.0,0.0,5.974076458893251,0.9695126485366926,0.0006187252129165657,0.9221069913883184,8
2000-03-04,5,1.0,2.0,1.0,1.0,0.0026818758160515096,0.0001369671845168341,0.5776712747283455,0.017263358834497897,5
2000-03-05,0,,,,,0.0,0.0,0.0,0.0,0
2000-03-06,1,0.0,0.0,0.0,1.0,1.6214635252254084e-05,1.677548061707057e-05,2.993141060869675e-05,1.4621411537518725e-05,1
2000-03-07,2,0.0,0.0,0.0,2.0,5.2756755394511856e-05,3.6663372156908736e-05,7.420492329401895e-05,2.9733360861428085e-05,2
2000-03-08,17,0.0,11.0,1.0,5.0,6.984881723859871,0.0012680507516050668,4.679918533636736,0.03893938472174322,17
2000-03-09,2,0.0,1.0,1.0,0.0,0.9936631927339477,3.4509047509345685e-05,0.002743960480074714,0.02367978482743635,2
2000-03-10,8,0.0,7.0,0.0,1.0,4.972817844587553,0.00020093155035283417,0.006541553233546298,0.00012413903641572688,8
2000-03-11,7,2.0,4.0,0.0,1.0,3.9411969328684786,0.9761304665917123,0.959083683828794,0.00011281493789283559,7
2000-03-12,0,,,,,0.0,0.0,0.0,0.0,0
2000-03-13,1,0.0,1.0,0.0,0.0,0.95295512676239,2.559653512435034e-05,4.771696694660932e-05,1.458586939406814e-05,1
2000-03-14,3,0.0,2.0,0.0,1.0,1.0080337491090177,8.997335498861503e-05,0.9904833736909496,0.0001877332415460689,3
2000-03-15,7,0.0,7.0,0.0,0.0,5.929249855515081,0.003268798727731241,0.00029778441421506724,0.016044643308305188,7
2000-03-16,3,0.0,2.0,0.0,1.0,1.3315540397306904,7.283579907380044e-05,0.020086109805561064,4.794343658431899e-05,3
2000-03-17,13,0.0,12.0,0.0,1.0,9.926578863385657,0.009977851487746828,0.0018660834502950733,0.4440993133393931,13
2000-03-18,5,0.0,5.0,0.0,0.0,3.9934876209590584,0.005281941821522119,0.0005238453668425522,0.00023720742774451846,5
2000-03-19,0,,,,,0.0,0.0,0.0,0.0,0
2000-03-20,6,1.0,5.0,0.0,0.0,3.810820292099379,0.9850536001094953,0.00015285600056813564,0.0034280757754458395,6
2000-03-21,0,,,,,0.0,0.0,0.0,0.0,0
2000-03-22,8,1.0,5.0,1.0,1.0,4.324614403405576,0.9874988390847648,1.8562112336039718,0.011240744846872921,7
2000-03-23,13,0.0,12.0,0.0,1.0,7.983870175463379,0.0028322628231762267,0.00250911878720206,0.00021906040001340443,13
2000-03-24,10,0.0,10.0,0.0,0.0,8.958176905289292,1.9387954170033481,0.9250214549629161,0.00013450212554744212,10
2000-03-25,11,1.0,7.0,0.0,3.0,5.788827711352496,0.9742407821777302,2.001243797341885,0.00017340141948807286,11
2000-03-26,0,,,,,0.0,0.0,0.0,0.0,0
2000-03-27,4,1.0,2.0,1.0,0.0,0.9538654836360365,0.019521969543347877,0.00014388895579031669,0.0266686111935996,4
2000-03-28,7,0.0,5.0,1.0,1.0,4.029062537651043,0.00013165652308089193,0.02139200949568474,0.007372486857093432,7
2000-03-29,15,0.0,15.0,0.0,0.0,10.962533934645762,0.0003284386493760394,3.0123858656688753,0.003787756239944407,15
2000-03-30,17,0.0,13.0,1.0,3.0,8.727601344558934,0.0027666906698867806,0.05532823769135543,1.8998295453402534,17
2000-03-31,11,0.0,10.0,0.0,1.0,5.972258125042572,0.000939020765144955,0.0024331232780240154,0.00018071712838718668,11
2000-04-01,4,0.0,3.0,0.0,1.0,2.994523383966225,0.01957481877070677,1.909842333618144,6.64177550788736e-05,4
2000-04-02,0,,,,,0.0,0.0,0.0,0.0,0
2000-04-03,4,0.0,4.0,0.0,0.0,2.898913629784147,8.628776777186431e-05,0.00033164196975120667,5.513450651051244e-05,4
2000-04-04,20,1.0,16.0,0.0,3.0,6.948294111334689,0.027323739976054178,2.8408146502579252,0.00028800884319934994,20
2000-04-05,3,0.0,3.0,0.0,0.0,1.3510273089632392,6.660054896201473e-05,8.26079303806182e-05,0.042402705821586985,3
2000-04-06,8,0.0,7.0,1.0,0.0,5.24124975165978,0.00018813295355357695,0.5786752197745954,0.03315716036377122,8
2000-04-07,8,2.0,6.0,0.0,0.0,3.991156465881431,0.06574470061696042,0.005803398680654793,0.007372781301455602,7
2000-04-08,4,0.0,4.0,0.0,0.0,3.892488181591034,0.00016207533008124974,0.0003752641259778934,6.349506020342233e-05,4
2000-04-09,0,,,,,0.0,0.0,0.0,0.0,0
2000-04-10,1,0.0,1.0,0.0,0.0,0.9965494871139526,2.2708589312969707e-05,2.431448592687957e-05,2.1930398361291736e-05,1
2000-04-11,24,0.0,16.0,0.0,8.0,5.592831598973134,0.030564191449228992,5.5920787232771545,0.002711984516281405,24
2000-04-12,6,0.0,6.0,0.0,0.0,5.924740672111511,0.9815098565240987,0.05424228431911598,9.587649947206955e-05,6
2000-04-13,8,0.0,6.0,0.0,2.0,4.979957230058062,0.0023706891161053827,0.9998793179256608,0.00025949250539268436,8
2000-04-14,3,1.0,1.0,0.0,1.0,0.9969387362216366,6.751652654202189e-05,0.04131535223496027,4.368339705251856e-05,3
2000-04-15,10,0.0,9.0,0.0,1.0,7.95092759245199,0.0014389040798050681,1.247711554155103,0.00016108448653540108,10
2000-04-16,0,,,,,0.0,0.0,0.0,0.0,0
2000-04-17,0,,,,,0.0,0.0,0.0,0.0,0
2000-04-18,4,0.0,4.0,0.0,0.0,2.9728866079822183,9.708700235933065e-05,0.004084354928636361,6.714098708471283e-05,4
2000-04-19,9,0.0,9.0,0.0,0.0,5.518526221159846,0.9760145367063159,0.04348430101163093,0.0036284051047914484,9
2000-04-20,8,2.0,5.0,1.0,0.0,3.9773719561762846,0.97945333763073,0.001859494987001877,0.8660603465641543,8
2000-04-21,5,1.0,3.0,1.0,0.0,2.924185297029908,0.9564490351840504,0.0001539651693747146,0.0005004174572604296,5
2000-04-22,4,1.0,3.0,0.0,0.0,0.014768277091206853,0.02093502156094464,0.0007899068150435987,0.00010266370190947782,4
2000-04-23,0,,,,,0.0,0.0,0.0,0.0,0
2000-04-24,4,1.0,3.0,0.0,0.0,2.328975726120916,8.976729804999195e-05,0.0009223466422554196,0.9805135039550805,4
2000-04-25,4,0.0,3.0,1.0,0.0,1.9714153015265767,8.550817801733501e-05,0.00014274057321017608,0.00012074575806764187,4
2000-04-26,10,0.0,7.0,1.0,2.0,3.8279030997382506,0.004516328208410364,0.30245856758301665,0.025114572154961923,9
2000-04-27,0,,,,,0.0,0.0,0.0,0.0,0
2000-04-28,6,0.0,6.0,0.0,0.0,5.735113978385925,0.0007074662607919747,1.1692307977446035,9.107535424845992e-05,6
2000-04-29,0,,,,,0.0,0.0,0.0,0.0,0
2000-04-30,0,,,,,0.0,0.0,0.0,0.0,0
2000-05-01,1,0.0,1.0,0.0,0.0,0.9968468546867372,2.1793142877868377e-05,2.866032264137175e-05,1.621819865249563e-05,1
2000-05-02,0,,,,,0.0,0.0,0.0,0.0,0
2000-05-03,1,0.0,1.0,0.0,0.0,0.9980254173278807,1.5228718439175282e-05,0.9041965007781982,1.3088008017803077e-05,1
2000-05-04,8,0.0,4.0,1.0,3.0,3.094309237956622,0.0007214734469016017,1.9689869622488914,0.0010134197700607667,8
2000-05-05,6,0.0,2.0,1.0,3.0,0.9896699411401639,0.00021362821826187428,2.168413266845164,0.007497236412746003,6
2000-05-06,1,0.0,0.0,0.0,1.0,0.0012930040247738,3.132213169010356e-05,0.6723935604095459,1.4039125744602645e-05,1
2000-05-07,0,,,,,0.0,0.0,0.0,0.0,0
2000-05-08,4,0.0,3.0,0.0,1.0,1.104288292932324,0.014881299222906727,0.004078071317053299,5.667946606990881e-05,4
2000-05-09,2,0.0,2.0,0.0,0.0,1.0632640570402143,4.1923347453121096e-05,0.8350473018654156,2.7606085495790467e-05,2
2000-05-10,7,0.0,5.0,0.0,2.0,4.962714471581421,0.00017211314116138965,0.0011434760453993237,0.00010522017055336619,7
2000-05-11,11,1.0,8.0,1.0,1.0,5.643978237640113,0.10455258199362996,1.0016160487339218,0.04868342310328437,11
2000-05-12,7,1.0,5.0,0.0,1.0,3.8792516911671555,0.00017052227303793188,0.005408673172496491,0.00012116947073081974,7
2000-05-13,7,0.0,6.0,0.0,1.0,4.243672428652644,0.0027300517376714537,0.9798026837088399,0.0001413196005159989,7
2000-05-14,0,,,,,0.0,0.0,0.0,0.0,0
2000-05-15,4,0.0,4.0,0.0,0.0,3.899393618106842,0.00010177333933825139,0.9614742695212044,6.663314070465276e-05,4
2000-05-16,2,0.0,2.0,0.0,0.0,1.1867720186710358,4.408918721310329e-05,6.916760867170525e-05,0.004140323420870117,2
2000-05-17,10,0.0,8.0,0.0,2.0,4.846877559906716,0.0003342335385241313,1.973423093018937,0.7621593981602928,10
2000-05-18,7,0.0,5.0,0.0,2.0,3.1901667855272535,0.0007828004490874603,0.034346616803304565,0.00026838774283524463,7
2000-05-19,9,0.0,5.0,0.0,4.0,1.1693806320690778,0.009752301599291796,1.6455514704248342,0.020004407524538612,9
2000-05-20,8,0.0,7.0,0.0,1.0,6.869680671487004,0.00022307768540485995,1.639202047002982,0.004178167373538547,8
2000-05-21,0,,,,,0.0,0.0,0.0,0.0,0
2000-05-22,8,0.0,8.0,0.0,0.0,4.954329012369271,0.00016816276001918595,0.004369929823041908,0.9662543846616244,8
2000-05-23,4,0.0,4.0,0.0,0.0,3.969983160495758,0.00014804211241425946,0.00025634392477513,6.206598209246295e-05,4
2000-05-24,2,0.0,1.0,0.0,1.0,0.9718071113020416,5.3412915804074146e-05,0.5875160009636602,3.5074913284915965e-05,1
2000-05-25,11,0.0,9.0,0.0,2.0,4.043385493476308,0.0003369555306562688,0.0015619577297910291,0.00017627381112106377,11
2000-05-26,8,0.0,6.0,0.0,2.0,2.017967092222534,0.00015128409268072573,0.15360529419194774,0.00012698206501227105,8
2000-05-27,5,0.0,4.0,0.0,1.0,1.9964597252928797,0.00014925336836313363,0.0007258909809023473,8.517223250237294e-05,5
2000-05-28,0,,,,,0.0,0.0,0.0,0.0,0
2000-05-29,5,0.0,3.0,2.0,0.0,2.0524558791948944,7.558710603916552e-05,0.00040749776599111965,0.07527840040347636,5
2000-05-30,9,1.0,7.0,0.0,1.0,4.015390379470773,0.9749701368309615,1.9089604286327813,0.0003568537067621451,9
2000-05-31,7,0.0,7.0,0.0,0.0,5.984969699755311,0.0006572194361069157,0.00016538221279915888,0.042684517289671854,7
2000-06-01,12,1.0,9.0,0.0,2.0,7.071526445022755,0.03942508057298241,1.8943589238424463,0.0002495351800462231,12
2000-06-02,6,0.0,3.0,1.0,2.0,1.0038861182747496,0.003646390581707195,0.0005627540267595445,0.0010513471042940502,6
2000-06-03,8,2.0,6.0,0.0,0.0,3.089820115477778,0.08671255409899445,1.1073906802521378,0.0003890300549754802,8
2000-06-04,0,,,,,0.0,0.0,0.0,0.0,0
2000-06-05,4,0.0,4.0,0.0,0.0,2.0029968464514236,9.121609218709636e-05,0.0004400937923491592,0.0025902406741806524,4
2000-06-06,5,1.0,4.0,0.0,0.0,2.2891228951048106,0.003801622906394038,0.003095620744716066,9.038307962327963e-05,5
2000-06-07,6,0.0,6.0,0.0,0.0,4.953391948714852,0.019504074739415934,0.9643869433821236,0.0001031577539833961,6
2000-06-08,2,0.0,2.0,0.0,0.0,0.9975730200239923,4.09751901315758e-05,0.0007493444190913149,3.056335208384553e-05,2
2000-06-09,7,0.0,4.0,0.0,3.0,1.0950983483526213,0.0008561104423278772,0.9599052159901476,0.0001090108116841293,7
2000-06-10,2,0.0,2.0,0.0,0.0,1.1004622653126714,0.000776440929257603,9.49976165429689e-05,3.3109638025052845e-05,2
2000-06-11,0,,,,,0.0,0.0,0.0,0.0,0
2000-06-12,0,,,,,0.0,0.0,0.0,0.0,0
2000-06-13,3,1.0,2.0,0.0,0.0,1.025999042969488,0.0044398930185705855,0.0006669512895314032,8.725453426450258e-05,3
2000-06-14,4,1.0,2.0,0.0,1.0,1.891058107376011,0.00011835295663331635,0.02286061827180665,7.207199087133631e-05,3
2000-06-15,7,3.0,3.0,0.0,1.0,1.9977789905351526,0.03722047895462291,0.0006079635122659833,0.00014181336428009672,7
2000-06-16,14,0.0,11.0,2.0,1.0,6.006762280383555,0.0006728968282912491,1.0401277980236043,0.08810179364900236,14
2000-06-17,4,1.0,3.0,0.0,0.0,2.966511357575655,0.0487762819248018,0.0005153697256899835,0.00022020213873473124,4
2000-06-18,0,,,,,0.0,0.0,0.0,0.0,0
2000-06-19,3,0.0,3.0,0.0,0.0,2.9782180190086365,5.6081320508383214e-05,7.627837112522684e-05,0.0007993786502993003,3
2000-06-20,1,0.0,1.0,0.0,0.0,0.956071674823761,2.5624449335737157e-05,2.662354199856054e-05,1.595185494807083e-05,1
2000-06-21,9,0.0,7.0,0.0,2.0,4.98873187450954,0.0004932607316731222,0.005146226891156224,0.009356953793940121,9
2000-06-22,4,0.0,2.0,0.0,2.0,1.1234558533051313,0.00437944507211785,0.9932703183803823,0.004439380307303378,4
2000-06-23,9,0.0,9.0,0.0,0.0,8.705861389636993,0.00027093439166492317,0.00044875531239085825,0.00023087814406608231,9
2000-06-24,10,0.0,7.0,0.0,3.0,4.961675031827326,0.006262341737965294,1.9548882290364415,0.01929889274288137,10
2000-06-25,0,,,,,0.0,0.0,0.0,0.0,0
2000-06-26,12,1.0,10.0,1.0,0.0,6.917414665949764,0.00025460220967943314,2.6797576451026544,0.00026064814937847285,12
2000-06-27,17,0.0,14.0,1.0,2.0,13.010694525197323,0.000420833728639991,0.004161082017162369,0.024091120631965075,17
2000-06-28,3,0.0,3.0,0.0,0.0,1.932839080924168,0.000225654750465723,6.070248673495371e-05,4.663746767619159e-05,3
2000-06-29,6,0.0,6.0,0.0,0.0,5.9830926060676575,9.434585808776319e-05,0.9250224714014622,0.7441386355530994,6
2000-06-30,14,2.0,10.0,0.0,2.0,6.182364691558177,0.058823816330914144,0.8945776741566075,0.0004061463087054433,14
2000-07-01,5,0.0,5.0,0.0,0.0,3.9876261152094226,1.007982920295035,1.820555529619014,6.92739286023425e-05,5
2000-07-02,0,,,,,0.0,0.0,0.0,0.0,0
2000-07-03,1,1.0,0.0,0.0,0.0,1.9652468836284243e-05,1.996857099584304e-05,1.7767297322279774e-05,1.5889385394984856e-05,1
2000-07-04,13,1.0,10.0,0.0,2.0,5.792817358351385,0.0005165594302524562,0.05036668383399943,0.0002796009121084353,13
2000-07-05,4,3.0,0.0,0.0,1.0,9.791671072889585e-05,0.07444427312293547,0.0001536427535029361,5.7131694120471366e-05,4
2000-07-06,7,0.0,7.0,0.0,0.0,4.528221782296896,0.0002891783451559394,0.00039739046587774465,0.00010552403182373382,7
2000-07-07,13,0.0,9.0,2.0,2.0,6.022000792570906,0.03812315549839678,1.9328398803336313,0.0248919675359501,13
2000-07-08,3,0.0,3.0,0.0,0.0,2.8917661905288696,0.0001534519251435995,0.00010326842311769724,5.493784192367457e-05,3
2000-07-09,0,,,,,0.0,0.0,0.0,0.0,0
2000-07-10,2,1.0,1.0,0.0,0.0,0.9935341121617967,5.6347824283875525e-05,6.279231456574053e-05,3.0127261197776534e-05,2
2000-07-11,13,1.0,12.0,0.0,0.0,11.098145097872475,0.001601889761332039,0.006983252831559982,0.0002082193159367307,13
2000-07-12,1,0.0,1.0,0.0,0.0,0.3710873425006866,2.8445285352063365e-05,3.792404095293023e-05,1.9354232790647075e-05,1
2000-07-13,12,0.0,12.0,0.0,0.0,9.971781018190086,0.08084690829218724,0.8781092489489309,0.0002514906464057276,11
2000-07-14,14,1.0,12.0,0.0,1.0,9.011975352796071,0.00031032952028908767,2.0073077249962807,0.00021114276114531094,14
2000-07-15,3,0.0,3.0,0.0,0.0,1.9574329882743764,0.00020138045874773525,0.00041123678965953995,4.858035663346528e-05,3
2000-07-16,0,,,,,0.0,0.0,0.0,0.0,0
2000-07-17,1,0.0,1.0,0.0,0.0,0.9960970282554626,1.893982698675245e-05,1.658754081290681e-05,1.4977545106376056e-05,1
2000-07-18,9,0.0,7.0,1.0,1.0,3.2446479711215943,0.005814826361529319,0.02254227476623778,0.01721573411668936,9
2000-07-19,4,0.0,4.0,0.0,0.0,3.0518684163689613,6.434284478018526e-05,8.739359509490896e-05,5.467444316309411e-05,4
2000-07-20,10,3.0,5.0,0.0,2.0,3.172774386577657,1.913711929283636,0.0011040243771274498,0.00016304830751323607,9
2000-07-21,1,0.0,1.0,0.0,0.0,0.9605640769004822,2.584078902145848e-05,2.6574711228022352e-05,1.592866647115443e-05,1
2000-07-22,3,0.0,3.0,0.0,0.0,2.2209324538707733,0.00044270686521480097,0.2700293197303836,6.012714948155917e-05,3
2000-07-23,0,,,,,0.0,0.0,0.0,0.0,0
2000-07-24,0,,,,,0.0,0.0,0.0,0.0,0
2000-07-25,22,1.0,20.0,1.0,0.0,18.13418145989999,0.008982782410384854,0.9610625947043444,0.026021878160463443,22
2000-07-26,3,0.0,3.0,0.0,0.0,2.0106228198856115,5.895817048440222e-05,4.490508581511676e-05,4.193635777482996e-05,3
2000-07-27,9,0.0,7.0,0.0,2.0,6.318950358519942,0.003239077589569162,0.001513033364972081,0.0001935886330102221,9
2000-07-28,6,0.0,4.0,0.0,2.0,1.9995740397080226,0.00012014099229418207,0.028385356523358315,9.551649964123499e-05,6
2000-07-29,10,0.0,7.0,0.0,3.0,1.992941820699343,0.00038522812883456047,0.22123184402880686,0.00016462316398246912,10
2000-07-30,0,,,,,0.0,0.0,0.0,0.0,0
2000-07-31,1,0.0,1.0,0.0,0.0,0.0006716253701597,1.6002863048925065e-05,2.1195000954321586e-05,1.6352523743989877e-05,1
2000-08-01,6,1.0,3.0,0.0,2.0,1.0963209503743199,0.09782800877292173,0.0019499733716656425,8.82318909134483e-05,6
2000-08-02,10,0.0,7.0,1.0,2.0,4.600203095198594,0.0002186042838729918,0.43814009641573626,0.009319471114395097,10
2000-08-03,13,1.0,8.0,1.0,3.0,3.937726183939957,1.0019997699264418,2.594414208324451,0.04125355209816894,13
2000-08-04,13,0.0,12.0,0.0,1.0,10.0446112082318,0.00038464044882857706,0.000712502374881289,0.009825736940001557,13
2000-08-05,19,2.0,15.0,1.0,1.0,12.82793800303989,0.9693698625487741,1.7040984283921716,0.012307153217989125,19
2000-08-06,0,,,,,0.0,0.0,0.0,0.0,0
2000-08-07,8,0.0,6.0,0.0,2.0,3.2033353619699483,1.964146888468349,0.3055118028423748,0.0003233753222956732,8
2000-08-08,4,1.0,1.0,0.0,2.0,1.0039776853791407,0.03887752126865955,0.0015476579646927803,5.728057203668868e-05,4
2000-08-09,9,1.0,6.0,1.0,1.0,4.213166240848295,0.04347296838841423,0.007460743499905063,0.013508242423085726,9
2000-08-10,16,0.0,16.0,0.0,0.0,7.92904195189476,0.0004274021339369938,0.0005478313432831783,0.0003083074898313498,16
2000-08-11,6,0.0,4.0,1.0,1.0,0.9963220799127156,0.0003257305788792435,1.053696044012213,0.0014164960739434654,6
2000-08-12,2,0.0,0.0,1.0,1.0,3.5809776818496175e-05,3.595907946873922e-05,0.0317937479703687,5.992746537231142e-05,2
2000-08-13,0,,,,,0.0,0.0,0.0,0.0,0
2000-08-14,2,0.0,1.0,1.0,0.0,0.004878927942627306,0.0030179102486726267,3.542210833984427e-05,8.541831175534753e-05,2
2000-08-15,0,,,,,0.0,0.0,0.0,0.0,0
2000-08-16,2,0.0,2.0,0.0,0.0,1.971007227897644,4.4933958633919246e-05,0.0006077493217162014,0.0001240866195074999,2
2000-08-17,6,0.0,6.0,0.0,0.0,3.8724494855850935,0.0006589019312741298,0.0009324060138168214,0.0005337650527507392,6
2000-08-18,8,0.0,8.0,0.0,0.0,7.965258181095123,0.0001898936043289723,0.00019604571389209013,0.005010986757042587,8
2000-08-19,2,1.0,1.0,0.0,0.0,1.011556077748537,0.9800065619801899,0.0003288956268078895,7.001565882092109e-05,2
2000-08-20,0,,,,,0.0,0.0,0.0,0.0,0
2000-08-21,1,0.0,1.0,0.0,0.0,0.9972224831581116,0.0003124163486063,4.147343497606926e-05,1.890535168058705e-05,1
2000-08-22,3,0.0,2.0,0.0,1.0,0.9992765489605517,8.319612970808521e-05,0.004486272318899821,0.00023113438692234605,2
2000-08-23,3,0.0,2.0,0.0,1.0,0.9976564085736754,5.578203854383901e-05,0.008412766615947424,0.0059369777382016235,3
2000-08-24,2,0.0,2.0,0.0,0.0,1.9452040791511536,0.00018186366105502156,0.0006500512608908474,3.2890098736970685e-05,2
2000-08-25,0,,,,,0.0,0.0,0.0,0.0,0
2000-08-26,0,,,,,0.0,0.0,0.0,0.0,0
2000-08-27,0,,,,,0.0,0.0,0.0,0.0,0
2000-08-28,0,,,,,0.0,0.0,0.0,0.0,0
2000-08-29,3,0.0,2.0,0.0,1.0,2.1135163009166718,5.77807459194446e-05,0.9994096703703691,5.146303101355443e-05,3
2000-08-30,4,0.0,4.0,0.0,0.0,2.9937079676165013,8.221806274377741e-05,0.008779440189755242,0.00014709473180109955,4
2000-08-31,2,0.0,1.0,0.0,1.0,0.02171504099715093,2.9089944291627035e-05,0.3774550301459385,2.5762716177268885e-05,2
2000-09-01,1,0.0,1.0,0.0,0.0,0.0016362462192773,5.111684731673449e-05,8.999728743219748e-05,2.5625387934269384e-05,1
2000-09-02,0,,,,,0.0,0.0,0.0,0.0,0
2000-09-03,0,,,,,0.0,0.0,0.0,0.0,0
2000-09-04,0,,,,,0.0,0.0,0.0,0.0,0
2000-09-05,0,,,,,0.0,0.0,0.0,0.0,0
2000-09-06,1,0.0,1.0,0.0,0.0,0.1788647174835205,1.8612485291669145e-05,1.8723369066719897e-05,1.668037111812737e-05,1
2000-09-07,2,0.0,2.0,0.0,0.0,8.856976637616754e-05,2.865977330657188e-05,3.082959756284254e-05,2.6501616957830265e-05,2
2000-09-08,2,0.0,2.0,0.0,0.0,0.03635355446021996,3.879634095937945e-05,7.33935485186521e-05,0.01549792873174735,2
2000-09-09,1,0.0,0.0,0.0,1.0,0.0135088134557008,1.8886221369029957e-05,0.999480128288269,1.567253093526233e-05,1
2000-09-10,0,,,,,0.0,0.0,0.0,0.0,0
2000-09-11,1,0.0,1.0,0.0,0.0,0.8468188643455505,0.0001585397403687,8.708897803444415e-05,2.259750363009516e-05,1
2000-09-12,2,0.0,2.0,0.0,0.0,0.9957311408361419,6.573678092536284e-05,0.001025425764964818,3.923431177099701e-05,2
2000-09-13,10,0.0,9.0,0.0,1.0,7.855092609766871,0.9899035882772292,0.8244006463883123,0.00014420585193875013,10
2000-09-14,1,0.0,1.0,0.0,0.0,0.7552811503410339,1.6154262993950397e-05,0.0001502355444245,1.3807145478494933e-05,1
2000-09-15,3,0.0,1.0,2.0,0.0,0.0017859436266007551,8.300546141981613e-05,0.00012922522364533506,0.028836592100560547,3
2000-09-16,8,0.0,6.0,2.0,0.0,1.2475750364483247,0.0017791305353965778,0.0044745646027875945,0.1123219398377841,8
2000-09-17,0,,,,,0.0,0.0,0.0,0.0,0
2000-09-18,1,0.0,1.0,0.0,0.0,0.0016362814931198,5.111682185088284e-05,8.999746933113784e-05,2.5625351554481316e-05,1
2000-09-19,4,0.0,4.0,0.0,0.0,1.9687605624785647,0.00010238612230750732,0.0012960207150171598,8.133344999805558e-05,3
2000-09-20,18,1.0,17.0,0.0,0.0,14.970196229398425,0.9882401432532789,1.9353862619082063,0.0058214946393490815,18
2000-09-21,6,0.0,5.0,0.0,1.0,2.9133239317088737,0.0001560686760058161,0.9941593052826647,0.00010523703258513706,6
2000-09-22,8,0.0,4.0,0.0,4.0,3.9903873799594294,0.00015362342037406052,0.0002076864202535944,0.00013388287152338307,8
2000-09-23,2,0.0,1.0,0.0,1.0,0.0061945599154568,0.00018148484195983777,0.001749261609802432,2.918307563959388e-05,2
2000-09-24,0,,,,,0.0,0.0,0.0,0.0,0
2000-09-25,1,0.0,1.0,0.0,0.0,0.0016362814931198,5.111682185088284e-05,8.999746933113784e-05,2.5625351554481316e-05,1
2000-09-26,3,0.0,2.0,0.0,1.0,0.9989366170757421,7.285916035471018e-05,0.808300045076976,4.448554500413593e-05,3
2000-09-27,10,0.0,6.0,0.0,4.0,2.817027644598056,0.0002790851931422367,2.7782426959402073,0.000369154109648578,10
2000-09-28,8,2.0,5.0,0.0,1.0,2.358554213031311,0.012629246757569261,0.9562802075797662,0.013741949245741042,8
2000-09-29,2,0.0,2.0,0.0,0.0,0.9943769471719861,0.0050087311828974,0.0009818894686759133,6.601232144021196e-05,2
2000-09-30,6,0.0,6.0,0.0,0.0,2.9951439646538347,0.00022131978130346397,0.00042242308700220335,0.00012129095375712497,6
2000-10-01,0,,,,,0.0,0.0,0.0,0.0,0
2000-10-02,5,0.0,5.0,0.0,0.0,4.8470834493637085,0.0001770829112501815,1.0346028336025483,9.045781371241901e-05,5
2000-10-03,8,0.0,7.0,0.0,1.0,2.9207236237798497,0.0019712232988240187,0.013647137911902847,0.00011730358892236836,8
2000-10-04,3,0.0,1.0,2.0,0.0,0.006421432319257274,5.911065090913326e-05,0.00016060933194239624,0.0061239948845467,3
2000-10-05,3,0.0,3.0,0.0,0.0,0.9064873047318542,0.000299536162856336,0.00011315607844153419,4.251092377671739e-05,3
2000-10-06,10,0.0,3.0,1.0,6.0,0.014405553494725503,0.0001811676456782152,0.025985131387642423,0.0017750146180333032,10
2000-10-07,8,0.0,6.0,2.0,0.0,5.970562743746996,0.0001594089189893566,0.00026955885550703146,1.4382735971557847,8
2000-10-08,0,,,,,0.0,0.0,0.0,0.0,0
2000-10-09,2,0.0,2.0,0.0,0.0,1.9236319661140442,0.00021122133148301588,0.0013453534193103001,2.8502176064648665e-05,2
2000-10-10,3,0.0,2.0,0.0,1.0,1.0079107714791462,8.100456398096868e-05,8.622427230875473e-05,5.00507549077156e-05,3
2000-10-11,8,1.0,7.0,0.0,0.0,3.124134216806851,0.9841620659153705,0.09420845302156518,0.00014697861206514062,8
2000-10-12,2,1.0,0.0,0.0,1.0,8.500588046445046e-05,4.985781015420798e-05,0.13052986188995416,2.797425440803636e-05,2
2000-10-13,2,0.0,1.0,0.0,1.0,3.3850114050437696e-05,3.182053296768572e-05,3.393189581402112e-05,2.6476058337721042e-05,2
2000-10-14,3,0.0,3.0,0.0,0.0,2.9495235681533813,6.341593871184159e-05,5.8014877140522e-05,4.779529717779951e-05,3
2000-10-15,0,,,,,0.0,0.0,0.0,0.0,0
2000-10-16,1,0.0,1.0,0.0,0.0,0.9941144585609436,1.3547050912166014e-05,0.0508098676800727,1.3382957149588036e-05,1
2000-10-17,3,0.0,2.0,0.0,1.0,0.9717305541744282,5.638162929244572e-05,0.0007984472013048631,4.3951341467618477e-05,3
2000-10-18,2,0.0,1.0,0.0,1.0,0.9960655216127632,6.484110599558335e-05,0.9997052683029323,3.63712042599218e-05,2
2000-10-19,5,2.0,3.0,0.0,0.0,1.2106076402124013,1.9428922531697028,0.00017838019084592815,7.416266998916399e-05,5
2000-10-20,5,1.0,2.0,1.0,1.0,0.034273119872523225,0.00011385894867999014,0.002071525630526516,0.0006747547176927899,5
2000-10-21,10,0.0,8.0,0.0,2.0,3.8411728053088154,0.0007118874473234534,0.00027485187820275314,0.00015730612722109072,10
2000-10-22,0,,,,,0.0,0.0,0.0,0.0,0
2000-10-23,3,1.0,2.0,0.0,0.0,8.85221925273072e-05,6.311358083621599e-05,5.833927389176097e-05,4.0289952266903135e-05,3
2000-10-24,3,0.0,3.0,0.0,0.0,2.959552526473999,6.443968595704064e-05,0.009375835881655798,4.4950260416953824e-05,3
2000-10-25,0,,,,,0.0,0.0,0.0,0.0,0
2000-10-26,5,0.0,5.0,0.0,0.0,3.0149386092671193,0.0023176727827376197,0.8792025546954391,0.032513285451386764,5
2000-10-27,2,0.0,2.0,0.0,0.0,1.1019427627325058,0.0138338319957255,0.0011521033011376,9.507331105851335e-05,2
2000-10-28,3,0.0,2.0,0.0,1.0,1.958613035385497,1.9101982020638388,0.0012048757635056892,4.0305503716808744e-05,3
2000-10-29,0,,,,,0.0,0.0,0.0,0.0,0
2000-10-30,0,,,,,0.0,0.0,0.0,0.0,0
2000-10-31,12,2.0,9.0,0.0,1.0,5.227477395688765,0.017043155119608574,0.9891197008455492,0.06900955044875438,12
2000-11-01,2,0.0,2.0,0.0,0.0,1.9904367923736572,0.008559443720514476,0.00015099892698344775,3.211388502677437e-05,2
2000-11-02,7,2.0,2.0,0.0,3.0,1.0071468733540312,0.027685084756740176,0.0002983012727781598,0.00010657044094841694,7
2000-11-03,4,0.0,3.0,0.0,1.0,1.9968251699228858,7.492961412935983e-05,0.0010272511408402035,0.0002048784608631752,4
2000-11-04,12,0.0,10.0,0.0,2.0,8.027304834609822,0.9529907713767898,0.09752647236382468,0.0004944825923302795,12
2000-11-05,0,,,,,0.0,0.0,0.0,0.0,0
2000-11-06,3,0.0,3.0,0.0,0.0,1.973514084937051,0.00019277579667683503,0.00016894075270100238,4.424345934239682e-05,3
2000-11-07,6,1.0,4.0,0.0,1.0,2.107239805802237,0.02861381928050829,0.00019747015539905988,0.0066025767528116825,6
2000-11-08,4,0.0,2.0,1.0,1.0,0.26584930496028386,0.00013485619547282113,0.9942496581243178,0.002056146169707042,4
2000-11-09,1,0.0,1.0,0.0,0.0,0.0027599975001066,6.8527580879163e-05,5.873609916307032e-05,1.7492078768555075e-05,1
2000-11-10,8,0.0,7.0,1.0,0.0,5.892067392924218,0.00017444294280721806,1.9214147272687112,0.011484975060738981,8
2000-11-11,12,1.0,9.0,0.0,2.0,5.91835762107621,0.0004119854129384684,0.559428931266666,0.0005948612451901986,12
2000-11-12,0,,,,,0.0,0.0,0.0,0.0,0
2000-11-13,3,1.0,2.0,0.0,0.0,1.9796464350074527,0.9896643874853908,6.482895878434647e-05,4.2374490476504434e-05,3
2000-11-14,11,0.0,10.0,1.0,0.0,8.02830944516245,0.00025941000967577565,0.000286694958958833,0.02485298365718329,11
2000-11-15,3,0.0,3.0,0.0,0.0,2.855267345905304,0.00013130414845363703,0.0007209770519692064,0.00025502781500104355,3
2000-11-16,12,3.0,9.0,0.0,0.0,4.914228915091371,0.09414192908843656,0.006176643109938235,0.0003720110698849917,12
2000-11-17,0,,,,,0.0,0.0,0.0,0.0,0
2000-11-18,4,0.0,4.0,0.0,0.0,2.993373998448078,7.026570710877422e-05,0.00010754129471024498,6.0130619203846436e-05,4
2000-11-19,0,,,,,0.0,0.0,0.0,0.0,0
2000-11-20,0,,,,,0.0,0.0,0.0,0.0,0
2000-11-21,7,0.0,5.0,1.0,1.0,0.05259761404704464,0.0001196303774122498,0.00020857206800428685,0.00017116932940552942,7
2000-11-22,22,0.0,15.0,0.0,7.0,9.011021076948964,0.0009637035655031031,3.9656665099246307,0.0003265530431235675,22
2000-11-23,17,2.0,14.0,1.0,0.0,11.894848625155646,0.9467165548612684,0.7904721272898314,0.023633210562365885,17
2000-11-24,11,1.0,3.0,3.0,4.0,0.5458886228570915,0.004498024507483902,0.9817377693379965,0.024606206880889523,10
2000-11-25,2,0.0,2.0,0.0,0.0,0.1047500441782175,0.00013531720105674317,6.432596819649916e-05,3.3791749956435524e-05,2
2000-11-26,0,,,,,0.0,0.0,0.0,0.0,0
2000-11-27,1,0.0,0.0,0.0,1.0,1.7620881408220157e-05,1.8199836631538343e-05,0.0015250478172674,1.3340486475499349e-05,0
2000-11-28,9,1.0,6.0,0.0,2.0,1.0418670475755787,0.016181574933398116,1.8713523992837509,0.0001283425899600843,9
2000-11-29,9,2.0,6.0,0.0,1.0,1.7302292485564974,1.980560642329692,0.0004317039820307192,0.0001560492464705021,9
2000-11-30,7,0.0,7.0,0.0,0.0,3.9704843786967103,0.00012209525812068023,0.03763059394259459,0.0011312668584650392,7
2000-12-01,5,0.0,3.0,0.0,2.0,1.0009070853830053,0.00014573662338079885,0.9240859653755249,8.452913789369632e-05,5
2000-12-02,9,2.0,6.0,0.0,1.0,2.199523808898448,0.06486907144972047,0.9882902656900114,0.0016936416495808386,9
2000-12-03,0,,,,,0.0,0.0,0.0,0.0,0
2000-12-04,6,0.0,5.0,0.0,1.0,1.9819647895965318,0.008880800163751593,0.00019805965166597161,8.510878978995606e-05,6
2000-12-05,5,0.0,1.0,1.0,3.0,1.0376369259483906,0.00016509533452335745,2.7958525231060776,0.04397040264939277,5
2000-12-06,5,0.0,5.0,0.0,0.0,4.28007248044014,0.0005954205043963019,0.00016477533790748566,0.00010888426913879812,5
2000-12-07,6,0.0,2.0,0.0,4.0,1.0584967300619608,0.0031190198933471963,2.838320370978181,0.0001276287684959243,6
2000-12-08,0,,,,,0.0,0.0,0.0,0.0,0
2000-12-09,3,0.0,3.0,0.0,0.0,2.996088147163391,5.318449257174507e-05,0.00011288117639196571,0.000130422157781127,3
2000-12-10,0,,,,,0.0,0.0,0.0,0.0,0
2000-12-11,2,0.0,0.0,0.0,2.0,0.01027645826980002,6.212562948348932e-05,0.0989761005912441,0.00011311379967082759,2
2000-12-12,5,0.0,4.0,0.0,1.0,3.744728763938838,0.00010338965330447535,0.0036072485127078605,0.0006711637488478921,5
2000-12-13,5,0.0,1.0,0.0,4.0,1.096885325247058,0.00010940938227577135,2.8276520512226853,0.00014663521869806573,5
2000-12-14,3,0.0,2.0,1.0,0.0,1.9981325021071825,0.00023667768709851293,0.00012061602683388628,0.03763669337968165,3
2000-12-15,3,0.0,1.0,1.0,1.0,0.9966268915777619,0.0003081633913097577,0.40073824853243417,0.0022898025817994156,3
2000-12-16,5,0.0,3.0,0.0,2.0,1.0169068181912735,0.014188348879542852,0.4514032015940756,0.0006635291556448856,4
2000-12-17,0,,,,,0.0,0.0,0.0,0.0,0
2000-12-18,2,0.0,1.0,0.0,1.0,8.588061427872162e-05,3.1749019399285316e-05,5.1333396186237223e-05,5.5189282647916116e-05,2
2000-12-19,5,0.0,5.0,0.0,0.0,4.840243458747864,0.00010306522744940594,0.00010751261834229808,0.18827735761078643,5
2000-12-20,1,0.0,1.0,0.0,0.0,0.9943334460258484,1.9011036783922464e-05,1.90403461601818e-05,1.640077607589774e-05,1
2000-12-21,4,0.0,4.0,0.0,0.0,3.9796290397644043,0.00018769078269541826,0.00013088054402032867,0.0454261874783696,3
2000-12-22,3,0.0,1.0,0.0,2.0,0.46003385196127045,0.01851816659655005,0.9963232321242685,0.0018559549253040193,3
2000-12-23,4,0.0,2.0,1.0,1.0,0.0196821884601374,0.0017381166962876552,0.0126337510009761,0.013739119322053664,4
2000-12-24,0,,,,,0.0,0.0,0.0,0.0,0
2000-12-25,1,0.0,1.0,0.0,0.0,0.0014115631347522,1.9317591068102047e-05,5.850154047948308e-05,1.4350800483953208e-05,1
2000-12-26,0,,,,,0.0,0.0,0.0,0.0,0
2000-12-27,8,4.0,3.0,1.0,0.0,0.9861864916529155,0.0061574114952235685,0.01150032699661079,0.0010140729273188237,8
2000-12-28,9,0.0,8.0,0.0,1.0,6.109601716023462,0.00024367157129745465,0.0018185453627665264,0.00014991804710007273,9
2000-12-29,7,2.0,5.0,0.0,0.0,4.759458863700274,0.9881038408748282,1.1640628898258,0.00010252175889036153,7
2000-12-30,3,0.0,3.0,0.0,0.0,2.8165921568870544,6.070078052289318e-05,6.574973122042138e-05,4.9618757657299284e-05,3
2000-12-31,0,,,,,0.0,0.0,0.0,0.0,0
2001-01-01,1,1.0,0.0,0.0,0.0,2.219694397354033e-05,2.9730314054177143e-05,2.3860691726440564e-05,1.4998357073636726e-05,1
2001-01-02,5,0.0,4.0,0.0,1.0,3.117931535905882,0.00010562115494394675,0.006748447372956387,7.320065196836367e-05,5
2001-01-03,2,0.0,2.0,0.0,0.0,1.976848840713501,4.124324186705053e-05,8.579063251090702e-05,3.9309267776843626e-05,2
2001-01-04,17,0.0,15.0,0.0,2.0,12.9155052504575,0.00032980944979499327,2.258754127729844,0.03679915542033982,17
2001-01-05,0,,,,,0.0,0.0,0.0,0.0,0
2001-01-06,0,,,,,0.0,0.0,0.0,0.0,0
2001-01-07,0,,,,,0.0,0.0,0.0,0.0,0
2001-01-08,4,0.0,2.0,0.0,2.0,0.15535713150165964,0.006090734050303476,1.8464352053124455,0.00014062903665035265,4
2001-01-09,16,0.0,14.0,0.0,2.0,11.935527677676873,0.00034109902389900526,0.0038458855733550035,0.002664696919055066,16
2001-01-10,2,0.0,2.0,0.0,0.0,1.7160344123840332,0.06861804225627562,6.004006718285382e-05,4.727418672700878e-05,2
2001-01-11,1,0.0,1.0,0.0,0.0,0.0001036266330629,1.2722505744022785e-05,1.3323201528692152e-05,1.2580037946463564e-05,1
2001-01-12,7,1.0,6.0,0.0,0.0,4.9627773887477815,0.9923594193314784,0.0005039449497416394,0.00010546164867264451,7
2001-01-13,5,0.0,5.0,0.0,0.0,4.981531143188477,0.005925952176767068,0.0003091934304392515,7.463533165719127e-05,5
2001-01-14,0,,,,,0.0,0.0,0.0,0.0,0
2001-01-15,1,0.0,1.0,0.0,0.0,0.9976518154144288,1.4502385056403e-05,4.704542880062945e-05,1.741661617415957e-05,1
2001-01-16,3,0.0,2.0,0.0,1.0,1.9703617037630465,7.301009463844821e-05,0.947044571323204,5.351621439331211e-05,3
2001-01-17,3,0.0,3.0,0.0,0.0,0.8414772376418113,7.375655331998132e-05,0.00011880700549227186,4.580286986310966e-05,3
2001-01-18,10,0.0,7.0,1.0,2.0,3.112306053488282,0.022250132833505413,0.9279488117035725,0.005756990331974471,10
2001-01-19,7,0.0,6.0,0.0,1.0,3.995408851551474,0.0001835675157053629,0.04558476937381759,0.0020961282980350763,7
2001-01-20,1,0.0,1.0,0.0,0.0,0.0475778505206108,2.186811252613552e-05,6.663939711870626e-05,1.346611952612875e-05,1
2001-01-21,0,,,,,0.0,0.0,0.0,0.0,0
2001-01-22,1,0.0,1.0,0.0,0.0,0.9992706775665284,1.734946999931708e-05,1.7324373402516358e-05,0.037498764693737,1
2001-01-23,1,0.0,1.0,0.0,0.0,0.971668303012848,2.981959914905019e-05,4.231039565638639e-05,2.1923466192674823e-05,1
2001-01-24,3,1.0,1.0,0.0,1.0,0.03572814354447463,0.011428497868109727,0.005534720523428275,4.4227740545466077e-05,3
2001-01-25,14,0.0,13.0,0.0,1.0,8.505570949899266,0.9844898552109952,2.0518352587805566,0.051365181007895395,14
2001-01-26,11,0.0,7.0,1.0,3.0,5.864727983300327,0.0002329099388589384,1.7650930029903975,0.9399327747896677,11
2001-01-27,11,1.0,7.0,0.0,3.0,5.635739172168542,0.9829714089737536,0.9338856599679273,0.00015188039651548024,11
2001-01-28,0,,,,,0.0,0.0,0.0,0.0,0
2001-01-29,4,1.0,3.0,0.0,0.0,2.880970276230073,0.005496400433912537,0.0006342430333460406,5.8801790146389976e-05,4
2001-01-30,19,0.0,19.0,0.0,0.0,11.794456756440923,0.9786846585584498,0.0014250423901101988,0.007120052184290889,19
2001-01-31,8,1.0,7.0,0.0,0.0,6.039590718690306,0.8876686760195298,0.0001618129881535424,0.00011905303927051138,8
2001-02-01,4,0.0,3.0,0.0,1.0,1.0347763283334643,0.00013113010754750576,0.00022040380463287399,6.322312128759222e-05,4
2001-02-02,8,0.0,8.0,0.0,0.0,7.822223424911499,0.0005378110163291513,0.0016958176383922205,0.003910791835551149,8
2001-02-03,17,1.0,13.0,0.0,3.0,8.710865542034298,1.0359833899019575,0.0718650085291298,0.009532161001516127,17
2001-02-04,0,,,,,0.0,0.0,0.0,0.0,0
2001-02-05,1,0.0,1.0,0.0,0.0,0.9973391890525818,0.9813945293426514,1.489875194238266e-05,1.2438951671356335e-05,1
2001-02-06,17,0.0,15.0,1.0,1.0,13.560977514058322,0.011113583024779774,0.003099094772551166,0.0005019547124901804,17
2001-02-07,3,0.0,2.0,0.0,1.0,0.0010736377225838587,5.3104664402781054e-05,0.9662346253353463,4.072516458109021e-05,3
2001-02-08,4,0.0,4.0,0.0,0.0,3.8140860199928284,0.00010724358253355604,0.0015074812035890364,5.960805810900638e-05,4
2001-02-09,4,1.0,3.0,0.0,0.0,1.211697488557547,0.9512685671797954,0.0007657363148608978,5.577872070716694e-05,3
2001-02-10,10,2.0,6.0,1.0,1.0,3.020620806259103,0.042330814503656965,0.8727867577945289,0.006791181874177652,10
2001-02-11,0,,,,,0.0,0.0,0.0,0.0,0
2001-02-12,2,0.0,2.0,0.0,0.0,1.9955154657363892,4.9449892685515806e-05,3.836219366348814e-05,2.9449928661051672e-05,2
2001-02-13,5,0.0,5.0,0.0,0.0,3.9028183290502056,0.003530465497533328,0.0009703289524621852,7.828167599654989e-05,5
2001-02-14,1,0.0,1.0,0.0,0.0,0.9978551864624025,1.8193053620052524e-05,2.18544064409798e-05,1.5054062714625616e-05,1
2001-02-15,8,1.0,5.0,2.0,0.0,1.8334215050999771,0.015056132675453898,0.001987257684959212,0.024068170620012024,8
2001-02-16,8,0.0,7.0,0.0,1.0,1.0021007720206392,0.00031235232199833263,0.8370876236986078,0.000498824329952182,7
2001-02-17,2,0.0,2.0,0.0,0.0,0.9973793801946159,4.3422616727184504e-05,3.0164535928633995e-05,2.6798858016263697e-05,2
2001-02-18,0,,,,,0.0,0.0,0.0,0.0,0
2001-02-19,4,1.0,3.0,0.0,0.0,3.035972997546196,0.963788180375559,0.00010111509436683264,0.05202947213638246,4
2001-02-20,5,0.0,4.0,0.0,1.0,0.14569603536801862,9.98819014057517e-05,0.0003469004659562695,7.28797422198113e-05,4
2001-02-21,4,0.0,3.0,0.0,1.0,2.9586488590575755,0.9747254250760304,0.9938931634569598,6.78135529597057e-05,4
2001-02-22,7,1.0,4.0,0.0,2.0,1.0622343649920365,0.000146827005664818,0.005690208885425651,0.00012054474700562423,7
2001-02-23,4,0.0,3.0,1.0,0.0,1.0005189555304241,7.04667863828945e-05,0.00010584636493149446,0.023711020035989322,4
2001-02-24,0,,,,,0.0,0.0,0.0,0.0,0
2001-02-25,0,,,,,0.0,0.0,0.0,0.0,0
2001-02-26,3,0.0,3.0,0.0,0.0,1.9160518281914847,0.0001215942047565477,8.071830416156445e-05,4.543473187368363e-05,2
2001-02-27,10,0.0,9.0,1.0,0.0,8.878477438745904,0.000250752957072109,0.0011281203805991603,1.1295211582018965,10
2001-02-28,8,0.0,8.0,0.0,0.0,5.755413070321084,0.0026290071327818927,0.004516226465056996,0.00010994321564794518,8
2001-03-01,9,0.0,8.0,0.0,1.0,3.0261221820001083,0.0018991343695233085,0.1283347129319736,0.00013649514312419342,9
2001-03-02,10,0.0,10.0,0.0,0.0,8.861841632198775,0.00042850898717005384,0.004698003246630487,0.00017288986236962955,10
2001-03-03,2,0.0,2.0,0.0,0.0,1.9295404553413391,9.073208457266446e-05,0.004375927444925764,3.0341660931298975e-05,2
2001-03-04,0,,,,,0.0,0.0,0.0,0.0,0
2001-03-05,3,0.0,2.0,1.0,0.0,0.99935643804929,5.425267409009393e-05,0.0016924101219046195,0.04075652947813066,3
2001-03-06,6,1.0,2.0,1.0,2.0,1.9631578704356796,0.010157670934859116,0.9526419387984789,0.006156259034469199,6
2001-03-07,8,2.0,5.0,1.0,0.0,3.042785303094206,0.0005205922989261243,0.00036756005647469256,0.3885235631069008,8
2001-03-08,19,0.0,11.0,2.0,6.0,8.689110892248209,0.0018920448574135137,3.4622729472976053,0.8904159567091482,19
2001-03-09,5,0.0,5.0,0.0,0.0,2.9780196307619917,0.007530931234214135,0.0005145019404152985,8.371167587029049e-05,5
2001-03-10,3,1.0,2.0,0.0,0.0,1.0523499697446823,0.9789652920135269,9.769985990715213e-05,4.179526513325982e-05,3
2001-03-11,0,,,,,0.0,0.0,0.0,0.0,0
2001-03-12,4,0.0,3.0,1.0,0.0,2.9862241606533644,7.652862950635608e-05,0.9183496313944487,0.011170788277013344,4
2001-03-13,1,0.0,0.0,1.0,0.0,9.316299838246778e-05,1.4398080566024872e-05,1.7607939298613928e-05,0.0236660689115524,1
2001-03-14,5,0.0,4.0,0.0,1.0,1.044253474290599,0.006338683300782335,0.00029387884569577303,7.886815637903055e-05,5
2001-03-15,11,0.0,9.0,0.0,2.0,8.944243568712409,0.0002571576578702661,0.17168846940785437,0.0016148433460329214,11
2001-03-16,6,0.0,5.0,0.0,1.0,3.9761280814309425,0.00011225277557969093,0.4680104639119235,9.156255146081094e-05,6
2001-03-17,8,0.0,7.0,1.0,0.0,3.023468111961847,0.992010161244252,0.0003304942129033492,0.03069516079540333,8
2001-03-18,0,,,,,0.0,0.0,0.0,0.0,0
2001-03-19,6,1.0,5.0,0.0,0.0,4.857109695672989,0.976488633673398,0.017272010794840646,8.479652296955464e-05,6
2001-03-20,12,1.0,11.0,0.0,0.0,8.8287399020046,0.8898986310814501,0.0019459133836789875,0.00046968882179489364,12
2001-03-21,16,2.0,13.0,1.0,0.0,6.8073235111551185,1.488687614775699,0.000756183595512983,0.09828513743923382,16
2001-03-22,13,0.0,13.0,0.0,0.0,10.564351369350332,0.002994858059536824,0.0008999199635582045,0.00019527515541994944,13
2001-03-23,9,0.0,9.0,0.0,0.0,4.449254449789805,0.00027098326972918585,0.00021069656031613704,0.0047564693468301784,9
2001-03-24,17,0.0,17.0,0.0,0.0,15.277168706059456,0.9744907247477385,0.0007213384242277243,0.00032546641159569845,17
2001-03-25,0,,,,,0.0,0.0,0.0,0.0,0
2001-03-26,1,0.0,1.0,0.0,0.0,0.9994010925292968,2.0202465748297985e-05,0.0006135610747151,1.3543776731239632e-05,1
2001-03-27,0,,,,,0.0,0.0,0.0,0.0,0
2001-03-28,2,0.0,2.0,0.0,0.0,1.9477165937423704,0.0006272684549912,0.00013371398381423205,2.7479447453515604e-05,2
2001-03-29,2,0.0,2.0,0.0,0.0,0.9892255766317247,0.0037532546266446,0.0006713678449159264,8.69543900989811e-05,2
2001-03-30,7,0.0,6.0,0.0,1.0,1.382483072029572,0.0001413006157235941,0.0004460118816494714,0.00012035653071507113,7
2001-03-31,12,0.0,10.0,0.0,2.0,5.945098362513817,0.009932018918334267,2.7202833983428714,0.0002479951817804249,12
2001-04-01,0,,,,,0.0,0.0,0.0,0.0,0
2001-04-02,0,,,,,0.0,0.0,0.0,0.0,0
2001-04-03,0,,,,,0.0,0.0,0.0,0.0,0
2001-04-04,2,0.0,2.0,0.0,0.0,1.9981598854064944,3.976905099989381e-05,4.095605982001871e-05,2.8581905098690186e-05,2
2001-04-05,18,0.0,17.0,0.0,1.0,16.147202471038327,0.9934470811613209,3.1319654772478316,0.007755463409011902,17
2001-04-06,16,2.0,13.0,0.0,1.0,9.772202921973076,1.0172950149462847,1.844086781278747,0.006225867662578724,16
2001-04-07,8,1.0,5.0,1.0,1.0,4.7427864534110995,0.9926642178852487,0.8854699849525786,0.00507657435900903,8
2001-04-08,0,,,,,0.0,0.0,0.0,0.0,0
2001-04-09,4,0.0,2.0,0.0,2.0,7.126854507077951e-05,6.347092858050019e-05,9.597689131624065e-05,5.1878469093935564e-05,0
2001-04-10,6,1.0,4.0,0.0,1.0,2.181895828754932,0.9768144608024157,0.8477869726229983,0.01965535908584563,4
2001-04-11,5,0.0,3.0,0.0,2.0,2.9519693028087204,0.00010206833940173965,0.00019677186082844855,8.498029001202667e-05,5
2001-04-12,2,1.0,1.0,0.0,0.0,0.00032940235178099747,0.9361947439665528,3.289928190497449e-05,2.4856196432665456e-05,2
2001-04-13,8,2.0,5.0,0.0,1.0,3.771407881868072,1.9647653919801087,0.0027085737146986958,0.008122378542793674,8
2001-04-14,3,0.0,2.0,1.0,0.0,1.9956994878375554,4.859326236328343e-05,0.050845493477936474,0.026237971806040025,3
2001-04-15,0,,,,,0.0,0.0,0.0,0.0,0
2001-04-16,4,0.0,4.0,0.0,0.0,2.9986551713664085,0.01051093084060985,0.00015621522652509157,7.09033938619541e-05,4
2001-04-17,4,0.0,3.0,1.0,0.0,2.992628788735601,6.778066108381609e-05,0.004931648556521237,0.042426031044669604,4
2001-04-18,2,0.0,1.0,0.0,1.0,0.999004150788096,3.639392616605619e-05,0.0008397766341659005,2.9254784749355167e-05,2
2001-04-19,5,0.0,2.0,0.0,3.0,1.9556084200103212,0.00014319066758616827,0.02539116708976482,7.397039553325158e-05,5
2001-04-20,7,0.0,5.0,0.0,2.0,2.86721820384264,0.9841206566125037,1.8961835723775946,0.00010561858380242484,7
2001-04-21,3,1.0,2.0,0.0,0.0,1.9912887743121246,0.41366222471879155,0.00010028896213043481,4.902766704617534e-05,3
2001-04-22,0,,,,,0.0,0.0,0.0,0.0,0
2001-04-23,0,,,,,0.0,0.0,0.0,0.0,0
2001-04-24,6,0.0,6.0,0.0,0.0,5.84277468919754,0.00012408209295244887,0.8544147753873402,0.0020661468270190397,6
2001-04-25,15,3.0,7.0,2.0,3.0,5.918545764687224,2.0081409163221906,0.04820512082915224,0.05738312701123499,15
2001-04-26,0,,,,,0.0,0.0,0.0,0.0,0
2001-04-27,3,0.0,3.0,0.0,0.0,0.9298309770965715,0.0007908238931121676,0.0024958849789981203,0.00415669764879567,3
2001-04-28,7,0.0,7.0,0.0,0.0,5.908965330105275,0.057177077202140866,0.00017527182171761524,0.002927423064647832,7
2001-04-29,0,,,,,0.0,0.0,0.0,0.0,0
2001-04-30,1,0.0,1.0,0.0,0.0,0.9984363913536072,2.5461595214437693e-05,2.726203456404619e-05,1.7225271221832372e-05,1
2001-05-01,2,0.0,2.0,0.0,0.0,1.9696560502052307,5.519572187040467e-05,5.8870184147963294e-05,3.7246047213557176e-05,2
2001-05-02,3,0.0,3.0,0.0,0.0,1.994417812777101,7.299125900317449e-05,0.00010808956540131476,5.387643977883272e-05,3
2001-05-03,6,0.0,6.0,0.0,0.0,5.990327000617981,0.000131880896333314,0.00011148238263558596,8.787396473053377e-05,6
2001-05-04,4,0.0,4.0,0.0,0.0,1.995943706808248,0.00011116108362330124,0.00015612312381563243,6.421498892450472e-05,4
2001-05-05,9,1.0,4.0,1.0,3.0,2.0090067914989045,0.00021036121870565694,0.5141655863699268,0.06598356711674566,9
2001-05-06,0,,,,,0.0,0.0,0.0,0.0,0
2001-05-07,1,0.0,0.0,0.0,1.0,1.9019604224013165e-05,1.7242471585632302e-05,0.0001776193821569,1.4917077351128682e-05,1
2001-05-08,1,0.0,1.0,0.0,0.0,0.0002366510016145,1.9110353605356067e-05,2.2605263438890688e-05,1.3729205420531798e-05,1
2001-05-09,5,0.0,3.0,0.0,2.0,2.0615827586334485,0.00012343010894255713,0.04559287195843341,7.198403545771725e-05,4
2001-05-10,1,0.0,1.0,0.0,0.0,0.9707958698272704,2.592133751022629e-05,4.785128112416714e-05,1.440239248040598e-05,1
2001-05-11,3,1.0,0.0,0.0,2.0,0.0016903033611014608,0.013291245802974989,0.00015061772865010425,4.6863873649272136e-05,3
2001-05-12,3,0.0,2.0,1.0,0.0,1.0032339501449314,0.008709979995728598,0.9607499819358054,0.00106713892364488,3
2001-05-13,0,,,,,0.0,0.0,0.0,0.0,0
2001-05-14,5,0.0,5.0,0.0,0.0,3.012495220882556,0.00031298330213755165,0.0006339305782602946,7.620595351909287e-05,5
2001-05-15,2,0.0,2.0,0.0,0.0,1.9932317733764648,0.9775680410402855,0.0033393461799277923,2.787743778753793e-05,2
2001-05-16,2,0.0,2.0,0.0,0.0,1.9929174780845642,3.06500323858927e-05,4.0432725654682145e-05,0.004834454729461787,2
2001-05-17,3,0.0,3.0,0.0,0.0,0.3713564598692755,6.30217109574005e-05,7.632861706952099e-05,4.558041564450832e-05,3
2001-05-18,15,0.0,14.0,0.0,1.0,7.935955754772294,0.0005417930879047751,2.8937914645357523,0.0002545256957091624,15
2001-05-19,3,0.0,3.0,0.0,0.0,2.9577194452285767,7.35739195079077e-05,8.287421223940328e-05,5.4799671488581225e-05,3
2001-05-20,0,,,,,0.0,0.0,0.0,0.0,0
2001-05-21,1,0.0,0.0,0.0,1.0,0.0001083207243937,1.4703336091770323e-05,0.3762045502662658,1.2811874512408394e-05,1
2001-05-22,6,2.0,3.0,0.0,1.0,1.9976156080665528,0.01209898851811866,0.02103346848707587,0.13789229234498623,6
2001-05-23,9,2.0,5.0,0.0,2.0,3.868818597769859,0.00021841810666956007,0.9711713916967708,0.0002637808356666496,9
2001-05-24,6,0.0,5.0,0.0,1.0,2.0031782541263965,0.0003979126286139429,0.9110906688620161,0.00011069333049817942,6
2001-05-25,5,0.0,4.0,1.0,0.0,2.0230746505840216,0.00019960976896982174,0.05677029967227995,0.9917991631191398,5
2001-05-26,5,0.0,4.0,1.0,0.0,2.04679047281752,0.00012214570415380877,0.0014787492054892013,0.0005768796272604516,5
2001-05-27,0,,,,,0.0,0.0,0.0,0.0,0
2001-05-28,9,1.0,8.0,0.0,0.0,5.998583558659448,0.9893210932223155,1.9425117681985284,0.00014762706268811598,9
2001-05-29,5,0.0,4.0,0.0,1.0,1.0721012426220113,0.0023079866441548277,0.056285136793121575,7.266005377459805e-05,5
2001-05-30,4,0.0,2.0,1.0,1.0,1.968337237874948,0.0029448506556944824,0.962615081509284,0.010832872357241275,4
2001-05-31,13,0.0,13.0,0.0,0.0,11.50224195420742,0.00044659296872850973,1.0577958632929947,0.00021754810768470634,13
2001-06-01,2,0.0,2.0,0.0,0.0,1.9974427819252012,6.474988367699552e-05,5.9925094319623895e-05,3.3060662644857075e-05,2
2001-06-02,7,0.0,7.0,0.0,0.0,4.940387190785259,0.0001533231625217013,0.9560830608897958,0.00016887504352780525,7
2001-06-03,0,,,,,0.0,0.0,0.0,0.0,0
2001-06-04,6,0.0,4.0,0.0,2.0,2.9922886932145047,0.0007143233851819076,1.0010389259032308,9.677861180534819e-05,6
2001-06-05,6,0.0,5.0,0.0,1.0,3.8051872362666477,0.0031324909150497633,0.12512223847625129,0.00010033696617028909,6
2001-06-06,5,0.0,5.0,0.0,0.0,4.758986473083496,0.0036736261790790946,0.00035424928864809523,9.071058775589336e-05,5
2001-06-07,4,0.0,4.0,0.0,0.0,2.009602212870959,0.0007706106189288132,0.00016930103993217926,0.000878978782566195,4
2001-06-08,20,1.0,16.0,1.0,2.0,10.896571641273113,0.957496438617454,0.9403721192948066,0.008140309995724078,20
2001-06-09,3,0.0,3.0,0.0,0.0,2.004599037580192,7.363440454355441e-05,8.337387043866329e-05,4.810166865354404e-05,3
2001-06-10,0,,,,,0.0,0.0,0.0,0.0,0
2001-06-11,5,0.0,5.0,0.0,0.0,3.9202740835025907,0.00011678020018734969,0.0009287724151362877,0.02290228345918868,5
2001-06-12,14,2.0,12.0,0.0,0.0,7.098799365339801,1.9559046880985989,0.04204245201253794,0.00025765603459149133,14
2001-06-13,2,0.0,1.0,1.0,0.0,0.0008483516430714817,2.9117770282027777e-05,3.325234320072923e-05,0.023678507463046086,2
2001-06-14,2,0.0,2.0,0.0,0.0,0.9988318847317712,4.660739432438277e-05,7.236625970108435e-05,3.135914903396042e-05,2
2001-06-15,7,0.0,7.0,0.0,0.0,5.945153557357116,0.016100365937745546,0.3881207292461112,0.00010739880144683411,7
2001-06-16,9,2.0,6.0,0.0,1.0,6.024552504886742,0.08728147295096272,0.0029894347317166517,0.0003998450392827332,9
2001-06-17,0,,,,,0.0,0.0,0.0,0.0,0
2001-06-18,4,0.0,2.0,0.0,2.0,1.9878460937179623,0.00028043729435006757,0.01136941468394068,5.351020263333339e-05,4
2001-06-19,9,0.0,9.0,0.0,0.0,5.9978973681445495,0.9716790058901095,0.08440471979338318,0.2614074963648818,9
2001-06-20,10,0.0,9.0,0.0,1.0,6.820918810903095,0.00043923266821359027,1.3474347947303613,0.0001811553365769214,10
2001-06-21,6,0.0,3.0,1.0,2.0,1.9984588406150579,0.00013867261259292718,0.1399297420484798,0.01121357082956811,6
2001-06-22,8,0.0,8.0,0.0,0.0,6.2282346790671,0.00021169554747757502,0.0014684794623461216,0.03653903772283225,8
2001-06-23,9,1.0,8.0,0.0,0.0,7.117740897461772,0.04344266745829366,0.018830429489753202,0.00041580664674248683,9
2001-06-24,0,,,,,0.0,0.0,0.0,0.0,0
2001-06-25,1,0.0,1.0,0.0,0.0,2.7304738978273235e-05,1.83845404535532e-05,1.938829882419668e-05,1.3468618817569222e-05,1
2001-06-26,3,0.0,1.0,0.0,2.0,0.9871325355488806,0.01000425899474062,2.0007548155263066,8.108643305604346e-05,3
2001-06-27,2,0.0,2.0,0.0,0.0,1.0062197288498282,4.9172005674336106e-05,9.518369552097283e-05,0.0011184787126693656,2
2001-06-28,17,0.0,15.0,2.0,0.0,13.419042436098607,0.00042409277284605196,0.01601484902130302,0.012721003028673185,17
2001-06-29,3,0.0,3.0,0.0,0.0,2.9944989681243896,6.670218499493785e-05,5.85977340961108e-05,5.184538531466387e-05,3
2001-06-30,5,0.0,5.0,0.0,0.0,4.264002650976181,0.0021333057575246357,0.0006962414208828039,0.029170194239668483,5
2001-07-01,0,,,,,0.0,0.0,0.0,0.0,0
2001-07-02,0,,,,,0.0,0.0,0.0,0.0,0
2001-07-03,0,,,,,0.0,0.0,0.0,0.0,0
2001-07-04,20,2.0,18.0,0.0,0.0,5.072560026237624,0.03417689655452628,0.005739388072469663,0.0011938415327676507,19
2001-07-05,22,1.0,19.0,0.0,2.0,5.020783306332304,0.11358227442178698,2.047209049786033,0.00264492145834076,22
2001-07-06,7,0.0,7.0,0.0,0.0,4.274825605505612,0.00019508102832332952,0.00019690205317601794,0.0017394474461979639,7
2001-07-07,11,0.0,10.0,0.0,1.0,9.982577055692673,0.00024172511893993942,0.8132861377180233,0.9214840910044586,11
2001-07-08,0,,,,,0.0,0.0,0.0,0.0,0
2001-07-09,3,0.0,1.0,1.0,1.0,1.0007095336914062,0.024976273833090003,0.06643202116720201,0.0064294023486581135,3
2001-07-10,8,0.0,8.0,0.0,0.0,6.87109400308691,0.00018349299534747843,0.0017559245970914287,0.06615619055992272,8
2001-07-11,9,0.0,8.0,0.0,1.0,3.784468829715479,0.000844412405967867,0.06980004900651678,0.0001322178768532467,9
2001-07-12,1,0.0,0.0,0.0,1.0,0.0004254234372638,0.0001785264466889,0.989757776260376,1.5872847143327817e-05,1
2001-07-13,8,0.0,7.0,0.0,1.0,2.234281075765466,0.001244392744410949,0.009220119638484842,0.0001570003232700401,8
2001-07-14,14,2.0,11.0,0.0,1.0,7.5958046573068705,0.923205550539933,2.2905840642379185,0.5267009013277857,14
2001-07-15,0,,,,,0.0,0.0,0.0,0.0,0
2001-07-16,4,0.0,4.0,0.0,0.0,1.2357275043614209,0.00032263307366517906,0.0010285997796017506,7.719181394350016e-05,4
2001-07-17,3,1.0,1.0,1.0,0.0,0.001760204071615497,0.04323615776411307,0.0001576231952640228,0.030269420678450763,3
2001-07-18,6,0.0,3.0,2.0,1.0,1.0014402601955226,0.00011709077443811111,0.00014881955394230317,0.18308177586823146,6
2001-07-19,14,0.0,12.0,0.0,2.0,8.771178510236496,0.00030679666178912157,0.10840426680624617,0.00029405654277070425,14
2001-07-20,10,1.0,6.0,1.0,2.0,5.880204167697229,0.7175246008810063,1.029766889138045,0.02390106424718388,10
2001-07-21,4,0.0,4.0,0.0,0.0,3.987526297569275,6.212569041963434e-05,1.7104006415684125,5.5416316172340885e-05,4
2001-07-22,0,,,,,0.0,0.0,0.0,0.0,0
2001-07-23,5,0.0,3.0,1.0,1.0,2.952770215943019,0.00010099405608343659,0.9560321421522531,0.002391336432083297,5
2001-07-24,4,0.0,4.0,0.0,0.0,1.9947438550298102,0.0003018229017470166,0.00011102669850515667,0.0009273868909075915,4
2001-07-25,5,0.0,3.0,0.0,2.0,2.966073576499184,9.363530443806667e-05,1.8706635993803502,7.084338903950993e-05,5
2001-07-26,4,0.0,4.0,0.0,0.0,3.9959635138511658,0.005081289613371992,0.020566285929817064,6.0768552430090494e-05,4
2001-07-27,8,0.0,6.0,0.0,2.0,5.877194842278186,0.00018347155219089473,1.0679834349211885,0.0002480971170370569,8
2001-07-28,3,0.0,3.0,0.0,0.0,2.961422026157379,7.19449653843185e-05,8.788668856141157e-05,5.908658931730315e-05,3
2001-07-29,0,,,,,0.0,0.0,0.0,0.0,0
2001-07-30,4,0.0,4.0,0.0,0.0,2.005062237381935,7.524597822339274e-05,0.001397598534822337,0.00021925692726647476,4
2001-07-31,17,0.0,14.0,1.0,2.0,9.140824656155019,0.0008665059831399436,1.216208895359159,0.011397301776014437,17
2001-08-01,1,0.0,1.0,0.0,0.0,0.9758203625679016,0.0002565354225225,6.857124390080571e-05,1.3860900253348518e-05,1
2001-08-02,11,0.0,7.0,1.0,3.0,4.025536042790918,0.9714234119592218,1.1450656479773895,0.010505398513487188,11
2001-08-03,1,0.0,1.0,0.0,0.0,0.0004707131010945,4.382082988740876e-05,9.017439151648432e-05,1.9393393813516013e-05,1
2001-08-04,7,0.0,1.0,0.0,6.0,1.010376416488725,0.00012728556066576857,1.4759038579213664,9.615064300305676e-05,7
2001-08-05,0,,,,,0.0,0.0,0.0,0.0,0
2001-08-06,4,0.0,1.0,1.0,2.0,0.9717644837310219,8.443861679552356e-05,0.0004368078080005823,8.449705273960717e-05,4
2001-08-07,6,0.0,6.0,0.0,0.0,4.979140638122772,0.00012176775817351881,0.0001020505669657723,8.930571857490577e-05,6
2001-08-08,18,2.0,12.0,3.0,1.0,10.824882895103656,0.025365197226164794,0.9801052549300948,1.9754539376517641,18
2001-08-09,10,0.0,9.0,0.0,1.0,8.845288073387565,0.0014135094988887325,0.0006422938859031503,0.00016897622208489338,10
2001-08-10,5,2.0,1.0,1.0,1.0,1.006464523514296,0.05675256233098469,0.04192305203650895,9.039454289450077e-05,5
2001-08-11,5,2.0,3.0,0.0,0.0,1.9868862480470852,0.006468273237260154,0.0018035925113507071,8.860226535034599e-05,5
2001-08-12,0,,,,,0.0,0.0,0.0,0.0,0
2001-08-13,8,3.0,4.0,0.0,1.0,3.9860040674047923,0.00017478949666838162,0.00014653498328698333,0.00011411085415602429,8
2001-08-14,8,1.0,4.0,0.0,3.0,2.941181061467432,0.9878042712098248,0.9973637237926595,0.0007932152138890793,8
2001-08-15,3,0.0,3.0,0.0,0.0,1.9992345147766173,0.0012149003596277,0.0003450157837505499,0.00019394634728077357,3
2001-08-16,12,1.0,8.0,2.0,1.0,7.935921271776351,0.000300257785966096,0.000808489244263867,0.006669736685580523,12
2001-08-17,6,0.0,6.0,0.0,0.0,1.0109335360211844,0.00010944134101009695,0.001373116855575056,8.897779298422392e-05,6
2001-08-18,3,1.0,1.0,0.0,1.0,5.538321056519635e-05,5.719281762139872e-05,5.9816886277985766e-05,4.339329825597815e-05,3
2001-08-19,0,,,,,0.0,0.0,0.0,0.0,0
2001-08-20,1,0.0,1.0,0.0,0.0,0.983774483203888,1.4234616173780523e-05,0.9701144695281982,1.3871194823877886e-05,1
2001-08-21,1,0.0,1.0,0.0,0.0,0.9996744394302368,0.9834945797920228,1.6022233467083424e-05,1.3098727322358172e-05,1
2001-08-22,4,1.0,0.0,0.0,3.0,0.00016234475151575992,0.9491166208963477,0.038891743275598786,6.0515946643135976e-05,4
2001-08-23,17,3.0,6.0,4.0,4.0,5.96351633098493,1.045222908103824,0.009704262533887101,0.18206888064287305,7
2001-08-24,1,0.0,1.0,0.0,0.0,2.859098640328739e-05,1.7444361219531856e-05,1.5190042176982388e-05,1.313509710598737e-05,0
2001-08-25,2,0.0,0.0,1.0,1.0,0.00011855258162540849,4.9998827307717875e-05,0.9970147691201419,0.0028523545024653867,1
2001-08-26,0,,,,,0.0,0.0,0.0,0.0,0
2001-08-27,0,,,,,0.0,0.0,0.0,0.0,0
2001-08-28,2,0.0,2.0,0.0,0.0,1.9930731058120728,3.8680915167788044e-05,4.076279219589196e-05,3.239264879084658e-05,2
2001-08-29,1,0.0,1.0,0.0,0.0,0.9985305070877076,1.9112723748548888e-05,2.40558001678437e-05,1.6840036551002413e-05,1
2001-08-30,3,0.0,3.0,0.0,0.0,2.043500192463398,5.1693828936549835e-05,0.9786577938193659,4.564635401038686e-05,3
2001-08-31,2,0.0,2.0,0.0,0.0,0.9985561005669298,3.3482411708973814e-05,4.0178374547394924e-05,2.945738651760621e-05,2
2001-09-01,1,0.0,1.0,0.0,0.0,0.9997989535331726,0.0002723158104345,4.033845470985398e-05,2.426686114631593e-05,1
2001-09-02,0,,,,,0.0,0.0,0.0,0.0,0
2001-09-03,0,,,,,0.0,0.0,0.0,0.0,0
2001-09-04,0,,,,,0.0,0.0,0.0,0.0,0
2001-09-05,3,0.0,2.0,0.0,1.0,1.5702216580975799,0.002304702582478041,0.9925565334997372,5.295517257764004e-05,3
2001-09-06,0,,,,,0.0,0.0,0.0,0.0,0
2001-09-07,0,,,,,0.0,0.0,0.0,0.0,0
2001-09-08,10,0.0,9.0,0.0,1.0,8.349152561277151,0.046520936597516827,0.9284969526852362,0.03665271489990114,10
2001-09-09,0,,,,,0.0,0.0,0.0,0.0,0
2001-09-10,2,0.0,2.0,0.0,0.0,1.002356270328164,0.0001167544505733531,0.0351369575364514,4.69544993393356e-05,2
2001-09-11,1,0.0,1.0,0.0,0.0,0.9690320491790771,0.0002644660125952,6.809467595303431e-05,1.4360896784637587e-05,1
2001-09-12,1,0.0,1.0,0.0,0.0,0.9945231080055236,1.942084782058373e-05,0.0010161334648728,1.3049534572928678e-05,1
2001-09-13,2,0.0,2.0,0.0,0.0,1.9952329993247984,6.033738281985279e-05,4.645672015612945e-05,3.63438120984938e-05,2
2001-09-14,5,0.0,4.0,0.0,1.0,3.0666433948681515,0.0005365193910619371,0.0002641251812747214,0.004803513558726911,5
2001-09-15,1,0.0,1.0,0.0,0.0,0.9994189143180848,8.21430076030083e-05,5.737873289035633e-05,2.3077494915924035e-05,1
2001-09-16,0,,,,,0.0,0.0,0.0,0.0,0
2001-09-17,2,0.0,1.0,0.0,1.0,0.9984068148332882,4.191537846054416e-05,0.017461663801441225,3.0411772058869246e-05,2
2001-09-18,5,1.0,3.0,0.0,1.0,1.014770128937016,0.06206681833646137,0.9635515428581127,0.013981499855617547,4
2001-09-19,4,0.0,3.0,1.0,0.0,2.7599793245026376,9.009257883008104e-05,0.00017380965073243715,0.045775329346724895,4
2001-09-20,16,0.0,16.0,0.0,0.0,11.910418033385213,0.00043896458100787557,3.669386509191099,0.0011420281816752853,16
2001-09-21,3,0.0,3.0,0.0,0.0,0.9883964953478424,0.0034573302036732655,0.00022952116705710068,7.554351941507775e-05,3
2001-09-22,0,,,,,0.0,0.0,0.0,0.0,0
2001-09-23,0,,,,,0.0,0.0,0.0,0.0,0
2001-09-24,9,0.0,9.0,0.0,0.0,5.2950855527305976,0.00021046132587798638,0.8356180139398929,0.00014385770919034258,9
2001-09-25,3,0.0,2.0,0.0,1.0,1.990063020513844,4.951461414748337e-05,0.9635192545374592,4.478910796024138e-05,3
2001-09-26,8,0.0,8.0,0.0,0.0,4.931074667838402,0.0004165158879913794,0.0012696526937359873,0.00016110945580294356,8
2001-09-27,6,1.0,5.0,0.0,0.0,0.9942959811414765,0.0001578377314217505,0.00012150803740951233,0.04522986006304557,6
2001-09-28,1,0.0,0.0,0.0,1.0,0.0131210479885339,1.804859311960172e-05,0.9555477499961852,2.1043413653387688e-05,1
2001-09-29,0,,,,,0.0,0.0,0.0,0.0,0
2001-09-30,0,,,,,0.0,0.0,0.0,0.0,0
2001-10-01,4,0.0,4.0,0.0,0.0,2.9800422735552274,8.036184317461448e-05,0.0002887207883758462,0.03404377051811025,4
2001-10-02,12,1.0,7.0,4.0,0.0,2.2275864947441733,0.0002742629021668108,0.00035332874904270284,0.0483118988749991,12
2001-10-03,6,0.0,4.0,0.0,2.0,3.3986221931991167,0.0006417890963348246,0.6488328420855396,8.683060150360689e-05,6
2001-10-04,2,0.0,2.0,0.0,0.0,1.9753770828247073,0.0002978716993311496,0.00036456956149769277,2.671461788850138e-05,2
2001-10-05,3,0.0,3.0,0.0,0.0,2.931376576423645,0.0035241384539403003,0.00018979741435027277,7.364251541730482e-05,3
2001-10-06,4,0.0,3.0,0.0,1.0,2.9402613631136774,0.00019110488392469341,0.001124568989325755,5.8802651437872555e-05,4
2001-10-07,0,,,,,0.0,0.0,0.0,0.0,0
2001-10-08,2,0.0,2.0,0.0,0.0,1.5795307755470276,5.073989996162709e-05,4.9508331358083524e-05,3.411095531191677e-05,2
2001-10-09,3,0.0,0.0,2.0,1.0,0.00013145996126695536,5.506908564711921e-05,0.00025213528897431356,0.023752510791382478,2
2001-10-10,5,2.0,2.0,0.0,1.0,1.0172364959144033,0.9799545349451364,0.029120574820808365,8.9767377176031e-05,5
2001-10-11,0,,,,,0.0,0.0,0.0,0.0,0
2001-10-12,7,2.0,4.0,1.0,0.0,3.2567574560671346,0.9483566332146436,0.0043874271759705066,0.0005492438513100945,7
2001-10-13,11,0.0,9.0,0.0,2.0,6.307627988047898,0.0002949800982605666,2.4618288660458347,0.00018179295329900924,11
2001-10-14,0,,,,,0.0,0.0,0.0,0.0,0
2001-10-15,15,1.0,14.0,0.0,0.0,13.884409220190719,0.9350882653543523,0.0005810732800454321,0.0002359265181439696,15
2001-10-16,9,1.0,6.0,1.0,1.0,0.010445023002830348,0.00018482930499885697,0.0006184952071633772,0.03249407068597062,9
2001-10-17,7,0.0,7.0,0.0,0.0,5.988506933674216,0.03783101818771679,0.0004793141579283853,0.8803533971968136,7
2001-10-18,11,0.0,11.0,0.0,0.0,9.96356746123638,0.00023856978987168986,0.0003073412644880591,0.00018922484923677985,11
2001-10-19,4,0.0,2.0,1.0,1.0,1.9444799623852305,8.480354790663114e-05,0.00011832431664515752,0.002345038315979734,4
2001-10-20,5,0.0,4.0,0.0,1.0,0.9914458860894229,0.00010625199502101168,0.00011011798960680608,8.192040058929706e-05,5
2001-10-21,0,,,,,0.0,0.0,0.0,0.0,0
2001-10-22,3,0.0,3.0,0.0,0.0,2.9256128668785095,0.00012754419367411174,0.0002883560446206946,5.850864272360923e-05,3
2001-10-23,20,0.0,16.0,0.0,4.0,12.76101435032615,0.003986416983025253,4.5981947457567,0.0004037671560581657,20
2001-10-24,2,0.0,0.0,0.0,2.0,3.766123336390592e-05,5.949561091256328e-05,0.0002875574355129582,4.770114719576668e-05,2
2001-10-25,3,0.0,0.0,1.0,2.0,0.00030483703267232754,5.8516258832241874e-05,0.0007412942595692538,0.0023251560105563038,2
2001-10-26,3,0.0,3.0,0.0,0.0,2.0753803476691246,9.271810722566443e-05,0.9583793622605297,4.205399818602018e-05,3
2001-10-27,12,0.0,10.0,0.0,2.0,7.29076776560396,0.16864985758911638,2.0287854232519744,0.00041078829963225877,12
2001-10-28,0,,,,,0.0,0.0,0.0,0.0,0
2001-10-29,5,0.0,4.0,0.0,1.0,3.985411583125824,0.00012603944742295425,0.8588441308984329,0.005122718396705662,5
2001-10-30,8,0.0,7.0,0.0,1.0,5.904988817390404,0.00020625185788958333,0.010762451596747165,0.00015041176084196195,8
2001-10-31,17,2.0,13.0,1.0,1.0,9.957684903443806,0.03535069464123784,4.038608690496403,0.9343162472787299,17
2001-11-01,8,1.0,5.0,0.0,2.0,4.982952413374732,0.8471365178093038,0.9676445163204335,0.00157488717741207,8
2001-11-02,14,0.0,14.0,0.0,0.0,10.751704772468656,0.9817625664354637,4.3042939491642755,0.8275063037935979,14
2001-11-03,5,1.0,4.0,0.0,0.0,3.9899908443294407,0.0062954995246399525,1.6852811368244147,0.00010159804060094757,5
2001-11-04,0,,,,,0.0,0.0,0.0,0.0,0
2001-11-05,5,0.0,4.0,0.0,1.0,0.6987514403990642,0.00027058024897994753,0.07427238858326733,0.00017879207734945564,5
2001-11-06,8,0.0,6.0,1.0,1.0,3.972697817865992,0.9678960598494086,0.06523859597109534,0.00022118334891274571,8
2001-11-07,18,3.0,12.0,0.0,3.0,5.019258111517047,1.068340003140292,0.09026633004759757,0.0003246113810746465,7
2001-11-08,12,2.0,1.0,2.0,7.0,1.0118753702463437,0.0035722397660719538,3.965774949025217,0.0003307603928988101,4
2001-11-09,8,0.0,7.0,1.0,0.0,4.044636447193625,0.0027026392917831915,0.9313051510061997,0.017370965440932157,6
2001-11-10,20,1.0,17.0,0.0,2.0,10.907780910343718,0.9580716565151306,1.5951807058736447,0.0004342686443123724,20
2001-11-11,0,,,,,0.0,0.0,0.0,0.0,0
2001-11-12,7,0.0,7.0,0.0,0.0,5.970927469898015,0.0001300138083024649,0.00014448635556618683,0.00011377132796042133,7
2001-11-13,5,1.0,4.0,0.0,0.0,3.9844350791117904,0.0001685789175098762,0.00013174420564610045,7.944856770336628e-05,5
2001-11-14,7,0.0,6.0,0.0,1.0,3.097628249139234,0.0044241984342078934,0.0018709191772358822,0.00011850768169097137,7
2001-11-15,8,1.0,7.0,0.0,0.0,5.178478239664401,0.00021155160357011482,0.00030304823849292,0.0001552716503283591,8
2001-11-16,11,0.0,10.0,0.0,1.0,7.092419275501015,0.038220449606342036,0.042071024151482395,0.0001985233320738189,11
2001-11-17,12,0.0,10.0,0.0,2.0,9.330683323729318,0.00030306547341751866,0.056629692910064276,0.00018601074862090172,12
2001-11-18,0,,,,,0.0,0.0,0.0,0.0,0
2001-11-19,1,0.0,1.0,0.0,0.0,0.9912497997283936,2.5530916900606823e-05,5.182336462894455e-05,1.5400462871184573e-05,1
2001-11-20,4,0.0,2.0,2.0,0.0,0.02889934230915961,0.0043289928389639905,0.0006667434463451661,0.02401377618843973,4
2001-11-21,7,0.0,6.0,0.0,1.0,5.721549455425702,0.8384231319669198,0.000970031642282225,0.0006505789742732,7
2001-11-22,13,0.0,10.0,2.0,1.0,7.182916344425394,0.0005202528291191914,1.8841711425902758,0.930655673624642,13
2001-11-23,15,1.0,14.0,0.0,0.0,12.639612345903517,0.011338607222569352,0.0005916894697293174,0.00030513780529872747,15
2001-11-24,7,0.0,6.0,0.0,1.0,2.0192022588271357,0.00039561478115493124,0.010871609714740719,0.00013548663082474377,7
2001-11-25,0,,,,,0.0,0.0,0.0,0.0,0
2001-11-26,12,0.0,11.0,0.0,1.0,6.813088652445003,0.00034178843088739086,0.0015008601731095951,0.00020720888278447092,12
2001-11-27,7,0.0,7.0,0.0,0.0,5.962536726263352,0.00020247666179784574,0.29044920030901256,0.060762704310945964,7
2001-11-28,12,0.0,10.0,0.0,2.0,7.785341685703315,0.0005115233871037858,0.005169485166334041,0.0002160823660233291,12
2001-11-29,6,1.0,5.0,0.0,0.0,3.909263069392182,0.9411707303843286,0.0003345087097841096,0.0012678957773459031,6
2001-11-30,1,1.0,0.0,0.0,0.0,0.001818481949158,0.0200115572661161,0.0011400547809898,5.63147223147098e-05,1
2001-12-01,15,0.0,13.0,0.0,2.0,6.864743303391151,0.008910120524887875,1.9517020399816827,0.00027327706084179226,15
2001-12-02,0,,,,,0.0,0.0,0.0,0.0,0
2001-12-03,3,0.0,0.0,1.0,2.0,0.0001187438792840112,5.061113915871829e-05,0.4348363987210177,0.011238531464186859,3
2001-12-04,17,0.0,15.0,1.0,1.0,12.892023865055307,0.990147056589194,0.01238771540920406,0.014470442584752002,17
2001-12-05,11,0.0,10.0,0.0,1.0,8.963787426240742,0.0003545430317899445,0.9703242875784781,0.08723688303962254,11
2001-12-06,1,0.0,1.0,0.0,0.0,0.0004246092285029,3.203318192390725e-05,4.037143662571907e-05,1.4331366401165724e-05,1
2001-12-07,12,0.0,12.0,0.0,0.0,9.072899548220448,0.00023796529239916708,0.9056100274246999,0.0005900125424886612,12
2001-12-08,10,0.0,8.0,0.0,2.0,6.979651922933044,0.00028580047637660755,0.005199434644964537,0.1907646289255353,10
2001-12-09,0,,,,,0.0,0.0,0.0,0.0,0
2001-12-10,5,0.0,4.0,0.0,1.0,1.83468109703972,0.0001220821150127449,0.0009015133855427444,7.581371755804867e-05,4
2001-12-11,2,0.0,1.0,0.0,1.0,0.9960837234466452,3.600567106332164e-05,0.00040686476859250003,7.739585998933762e-05,2
2001-12-12,5,0.0,5.0,0.0,0.0,3.019593776007241,0.0002478639189575348,0.00017282229782722425,7.74302216086653e-05,5
2001-12-13,15,0.0,12.0,0.0,3.0,8.965125971451926,0.0005896358552489611,0.9959843108117635,0.0007378761993094638,15
2001-12-14,17,1.0,12.0,2.0,2.0,6.897491624542454,0.0003356122078912449,0.9213342053435554,0.083508398077356,17
2001-12-15,17,0.0,17.0,0.0,0.0,13.68878800099992,0.0005934960545345477,0.925292367125621,0.9666039711846678,17
2001-12-16,0,,,,,0.0,0.0,0.0,0.0,0
2001-12-17,5,0.0,4.0,1.0,0.0,3.9717240545724053,0.00012969455110578565,0.0012764145612890858,0.002362279284170574,5
2001-12-18,7,0.0,4.0,1.0,2.0,3.073728115112317,0.00042931981079161907,0.9833073458885337,0.1427491766980893,7
2001-12-19,2,1.0,1.0,0.0,0.0,1.0087851705029605,0.019638997740912514,0.00026899531258092426,8.664709821459837e-05,2
2001-12-20,11,1.0,8.0,0.0,2.0,6.6027780375343355,0.0012704075406871984,0.00036067440305482,0.0564612669440975,11
2001-12-21,24,1.0,20.0,1.0,2.0,19.78480369481258,0.03396222757601203,1.810479652502181,0.06330588069249635,24
2001-12-22,10,0.0,10.0,0.0,0.0,7.567080796463415,0.0002191233797930181,0.0025365654037159133,0.0031535891212114424,10
2001-12-23,0,,,,,0.0,0.0,0.0,0.0,0
2001-12-24,7,1.0,6.0,0.0,0.0,4.992934520705603,0.9795217703876914,0.9364744462563976,0.00011600421930779703,7
2001-12-25,2,1.0,1.0,0.0,0.0,1.9171695709228516,0.9867538740063538,0.0010022277583629346,0.00047474448638240054,2
2001-12-26,10,0.0,10.0,0.0,0.0,9.01836932450533,0.00019535063802322838,1.7998514849023195,0.00015497167896683095,10
2001-12-27,12,0.0,10.0,0.0,2.0,6.982113451851546,0.0002878767700167373,0.8153718665034829,0.0001921111170304357,12
2001-12-28,9,0.0,8.0,0.0,1.0,6.035963233802249,0.00016362982387363445,0.00022930829254619312,0.006931121581146518,9
2001-12-29,28,2.0,21.0,1.0,4.0,13.329871131239997,0.02567722209641927,5.713057005946211,0.035779552734311375,21
2001-12-30,0,,,,,0.0,0.0,0.0,0.0,0
2001-12-31,1,1.0,0.0,0.0,0.0,2.2465219444711693e-05,2.6828460249817e-05,2.0038427464896813e-05,2.109203524014447e-05,1
2002-01-01,1,0.0,1.0,0.0,0.0,0.1052530854940414,0.0085476776584982,0.0008846505661495,8.056529622990638e-05,1
2002-01-02,0,,,,,0.0,0.0,0.0,0.0,0
2002-01-03,0,,,,,0.0,0.0,0.0,0.0,0
2002-01-04,3,0.0,3.0,0.0,0.0,1.8958644850572457,0.007061723395963731,0.049516610351929516,5.0243344958289526e-05,3
2002-01-05,14,0.0,13.0,0.0,1.0,10.868503764613706,0.0003050581653951667,1.1739591328314414,0.00022435150458477437,14
2002-01-06,0,,,,,0.0,0.0,0.0,0.0,0
2002-01-07,2,0.0,1.0,0.0,1.0,0.1746012493968009,0.1089980040997033,0.9962334912361258,4.364117012300994e-05,2
2002-01-08,4,1.0,3.0,0.0,0.0,2.9866682254942134,0.9410549170897866,9.236412370228209e-05,5.9964225329167675e-05,4
2002-01-09,9,0.0,9.0,0.0,0.0,0.0838156677782532,0.0026408963894934,0.0040507947851431,0.0006250652950257063,9
2002-01-10,0,,,,,0.0,0.0,0.0,0.0,0
2002-01-11,15,0.0,14.0,0.0,1.0,12.007427422577166,0.003823379028290124,1.1627023692508371,0.08913313958692,15
2002-01-12,16,0.0,12.0,1.0,3.0,9.154242399540635,0.00038272955589491175,1.197993633448277,0.010465704690431926,16
2002-01-13,0,,,,,0.0,0.0,0.0,0.0,0
2002-01-14,1,0.0,0.0,1.0,0.0,0.0002628599177114,4.48957180196885e-05,5.900554606341757e-05,0.9512889981269836,1
2002-01-15,8,0.0,7.0,0.0,1.0,6.988719434870291,0.0001951378535522963,0.9101452209033596,0.001701345355286155,8
2002-01-16,1,0.0,0.0,1.0,0.0,4.026504393550567e-05,1.3422682059172075e-05,1.5454847016371787e-05,0.0297330841422081,1
2002-01-17,3,0.0,3.0,0.0,0.0,2.784283995628357,5.5036267440300435e-05,0.10454454859609535,4.306154733058065e-05,3
2002-01-18,3,0.0,3.0,0.0,0.0,2.0249240435659885,0.006370548469931142,1.8526248335329,4.549962795863394e-05,3
2002-01-19,5,0.0,5.0,0.0,0.0,4.933824837207794,0.00015964814701874275,0.00017471708451921586,7.815326443960657e-05,5
2002-01-20,0,,,,,0.0,0.0,0.0,0.0,0
2002-01-21,5,0.0,5.0,0.0,0.0,4.847527384757996,0.00012431799950718414,0.001926157834532037,6.842779566795798e-05,5
2002-01-22,23,0.0,20.0,0.0,3.0,17.175061787711456,0.9863320536787796,3.8128133899508603,0.009827545970438136,23
2002-01-23,3,0.0,3.0,0.0,0.0,0.0866311185636731,5.197924747335492e-05,6.0703485360136256e-05,4.46374260718585e-05,3
2002-01-24,12,0.0,12.0,0.0,0.0,5.825145804708882,0.0002925874541688245,0.00040984144106914755,0.01894378282395333,12
2002-01-25,10,0.0,9.0,1.0,0.0,8.01633201353252,0.0025070921710720743,0.9026905738528512,0.03380983445003943,10
2002-01-26,5,0.0,5.0,0.0,0.0,2.0096153693375527,0.0001016515634546522,0.0017925446445587177,8.025239822018193e-05,5
2002-01-27,0,,,,,0.0,0.0,0.0,0.0,0
2002-01-28,2,0.0,1.0,1.0,0.0,0.9925336238084128,0.00031606047923557853,0.0006020570344844139,0.023679881887801426,2
2002-01-29,8,0.0,3.0,1.0,4.0,3.7691226071328856,0.004266015415851021,2.0053036126701045,0.0010103362255904152,8
2002-01-30,10,0.0,9.0,0.0,1.0,8.15444746288631,0.0002487431647750782,0.00023775632871547714,0.0390414355260873,10
2002-01-31,8,0.0,7.0,1.0,0.0,4.9787473433680125,0.00021440198634081753,0.0010363559340474658,0.03768069679517786,8
2002-02-01,16,0.0,14.0,1.0,1.0,11.974606822739588,0.0003140825101581868,0.9927529896203848,0.028524406864562108,15
2002-02-02,10,0.0,8.0,0.0,2.0,7.876363088853395,0.00021910328905505594,0.9684279344928651,0.0060335314101391535,10
2002-02-03,0,,,,,0.0,0.0,0.0,0.0,0
2002-02-04,6,0.0,6.0,0.0,0.0,5.7190393805503845,0.00021868263320357073,0.00028455790379666723,0.00016100807533803163,6
2002-02-05,17,0.0,11.0,3.0,3.0,8.860603682142028,0.0016659636476105768,0.9988859800105271,0.03866979338454245,17
2002-02-06,4,1.0,3.0,0.0,0.0,2.001715994956612,8.968182646640344e-05,0.0026417385251987727,6.156818108138395e-05,4
2002-02-07,11,0.0,8.0,1.0,2.0,4.904092212338583,0.008911651834750919,0.988771047530463,0.02479390089956717,11
2002-02-08,6,0.0,6.0,0.0,0.0,4.9645271764020436,0.0004158531555730886,0.0003105015366599651,0.00017879448660087566,6
2002-02-09,12,0.0,12.0,0.0,0.0,10.020174955017865,0.00027398138809076045,0.7785559377989555,0.8606519918885168,12
2002-02-10,0,,,,,0.0,0.0,0.0,0.0,0
2002-02-11,3,1.0,2.0,0.0,0.0,0.9999944743922242,6.596829553018324e-05,0.00030854480792176975,4.260766672814498e-05,3
2002-02-12,5,0.0,5.0,0.0,0.0,2.9852458840614418,0.00010395901881565806,0.0001279928874282632,8.393786265514791e-05,5
2002-02-13,3,0.0,3.0,0.0,0.0,2.9967092871665955,4.9606831453274935e-05,0.00015400218217109796,0.025404455014722764,3
2002-02-14,6,0.0,6.0,0.0,0.0,4.986932116094976,0.00023217091711554157,0.00031635740560886124,0.11979322710249102,6
2002-02-15,25,0.0,23.0,0.0,2.0,10.639655146531368,0.004716263484624466,0.5663925375083633,0.0015634860792488319,25
2002-02-16,8,0.0,8.0,0.0,0.0,7.968745827674866,0.00013599371868622256,0.8765744984939373,0.03379915145978873,8
2002-02-17,0,,,,,0.0,0.0,0.0,0.0,0
2002-02-18,5,0.0,5.0,0.0,0.0,4.464563190937042,0.000218565808609128,0.0001793279643607093,8.273250750789884e-05,5
2002-02-19,3,0.0,2.0,1.0,0.0,0.9926682552177226,4.8488574066141155e-05,8.667202200740576e-05,0.0009203913705277581,3
2002-02-20,3,0.0,3.0,0.0,0.0,2.954241454601288,7.168286902015097e-05,0.0012432975490809435,0.005547846963054211,3
2002-02-21,13,0.0,11.0,0.0,2.0,8.980303562319023,0.00028828181802964536,1.0011032139409506,0.04486825979256511,13
2002-02-22,26,1.0,24.0,1.0,0.0,21.93815422667103,0.9593260853926039,0.5684548178051041,0.5569959587401169,26
2002-02-23,2,0.0,1.0,0.0,1.0,0.0103560585412196,3.9955773900146596e-05,0.9676156249406631,2.7153433620696887e-05,2
2002-02-24,0,,,,,0.0,0.0,0.0,0.0,0
2002-02-25,13,0.0,13.0,0.0,0.0,10.931771208677674,0.0004974602388755862,1.5870012564409985,0.00030286959827208193,13
2002-02-26,13,0.0,13.0,0.0,0.0,12.852813065052032,0.0002840597644535592,0.00029023676688666455,0.00021162512985029025,13
2002-02-27,14,0.0,13.0,0.0,1.0,5.292862814552791,0.0037559633256023122,0.0009680716102592891,0.0002998935742652975,14
2002-02-28,24,0.0,6.0,2.0,16.0,2.2985320042334925,0.002036916525867084,2.1271068141777496,0.001328684729742215,23
2002-03-01,20,0.0,19.0,0.0,1.0,13.91148441034602,0.0004046335898237885,1.8368111233266968,0.06887536700742185,20
2002-03-02,2,0.0,2.0,0.0,0.0,1.9901354312896729,3.558905882528052e-05,3.430592914810404e-05,3.074841879424639e-05,2
2002-03-03,0,,,,,0.0,0.0,0.0,0.0,0
2002-03-04,4,0.0,4.0,0.0,0.0,3.9888824820518494,7.594664020871278e-05,0.005394088868342703,0.0033720184546835313,4
2002-03-05,24,0.0,22.0,0.0,2.0,18.880812893567054,0.045135302951165815,2.9649368251730266,0.00045147721357352566,24
2002-03-06,7,0.0,4.0,1.0,2.0,1.9958661490600205,0.000123500227346085,1.4155126345867757,0.037614105492138984,7
2002-03-07,1,0.0,1.0,0.0,0.0,0.0040582446381449,1.8325619748793542e-05,2.5535386157571335e-05,1.5299718143069185e-05,1
2002-03-08,17,0.0,16.0,0.0,1.0,9.9660022320586,0.0003404069602765958,0.01644343965017429,0.0037183908007136063,17
2002-03-09,6,0.0,4.0,0.0,2.0,3.7881965910492,0.0024057858045125223,0.47263136309629755,9.840636630542576e-05,5
2002-03-10,0,,,,,0.0,0.0,0.0,0.0,0
2002-03-11,8,1.0,7.0,0.0,0.0,5.241789203348162,0.9597343247914978,0.07329611254863261,0.9335513325340797,8
2002-03-12,12,0.0,12.0,0.0,0.0,9.995988607173786,2.8785050563055847,0.8364949156930377,0.00017770195699995384,12
2002-03-13,4,1.0,2.0,0.0,1.0,2.8907941459401627,0.9904078461768221,0.09930637972138344,6.526551533170277e-05,4
2002-03-14,8,0.0,7.0,0.0,1.0,4.925615280095371,0.00022621876451012213,0.0025887448846332924,0.00012300643265916733,8
2002-03-15,12,1.0,8.0,0.0,3.0,7.914814155577915,0.9625596926061916,3.636348438012646,0.08391836556529583,12
2002-03-16,8,0.0,7.0,0.0,1.0,3.304871052532689,0.0001927902667375747,0.9768986765029694,0.00015643579172319733,8
2002-03-17,0,,,,,0.0,0.0,0.0,0.0,0
2002-03-18,1,0.0,1.0,0.0,0.0,3.0231276468839496e-05,2.464891440467909e-05,1.849112959462218e-05,2.276400846312754e-05,0
2002-03-19,6,0.0,5.0,1.0,0.0,4.928667127722292,0.00014931667465134524,0.07765117243434343,0.023742229431263664,6
2002-03-20,1,0.0,1.0,0.0,0.0,0.5582892298698425,1.6077186955953948e-05,3.154380101477727e-05,0.0098105669021606,1
2002-03-21,8,2.0,3.0,1.0,2.0,1.9721218417616908,0.08671106745805444,0.9338582618274811,0.03445291209573028,8
2002-03-22,13,1.0,9.0,1.0,2.0,8.016907355495277,0.9596233934435077,2.805598933971851,0.014137485484752533,13
2002-03-23,5,0.0,3.0,0.0,2.0,2.9940353776910342,9.294721257901983e-05,0.05750114112834117,0.00010654919606167823,5
2002-03-24,0,,,,,0.0,0.0,0.0,0.0,0
2002-03-25,0,,,,,0.0,0.0,0.0,0.0,0
2002-03-26,20,0.0,19.0,1.0,0.0,14.761384244875444,1.0054139323419804,0.6962585258261239,0.0013617570593850812,20
2002-03-27,11,0.0,8.0,1.0,2.0,6.308119142848227,0.9819158668624368,0.9983195138320298,0.0022774450917495315,11
2002-03-28,5,0.0,5.0,0.0,0.0,4.963705122470856,9.966687321139034e-05,0.07692963198678616,7.379451926681213e-05,5
2002-03-29,7,1.0,3.0,2.0,1.0,3.1432384950130654,0.9622131262231051,0.001544603379443206,0.266124610709994,7
2002-03-30,6,0.0,6.0,0.0,0.0,3.963363728926197,0.0001186859626614023,0.0445002004162233,0.008048603662245964,6
2002-03-31,0,,,,,0.0,0.0,0.0,0.0,0
2002-04-01,0,,,,,0.0,0.0,0.0,0.0,0
2002-04-02,8,0.0,7.0,0.0,1.0,6.115527953021228,0.9672261893338145,1.0415979028512083,0.0017202675317093486,8
2002-04-03,1,0.0,1.0,0.0,0.0,2.2597989300265908e-05,1.7610927898203954e-05,2.162721102649812e-05,1.3935435163148211e-05,1
2002-04-04,8,1.0,5.0,0.0,2.0,3.020469545124797,0.941146527606179,1.8595297605879746,0.00011559187350940192,8
2002-04-05,3,0.0,2.0,0.0,1.0,0.003060866371015389,5.716484065487747e-05,7.673992513446137e-05,4.261369213054422e-05,3
2002-04-06,1,0.0,1.0,0.0,0.0,0.9985793828964232,2.2235853975871574e-05,1.6552721717744134e-05,1.3427490557660349e-05,1
2002-04-07,0,,,,,0.0,0.0,0.0,0.0,0
2002-04-08,2,0.0,2.0,0.0,0.0,1.9876575469970703,3.496803492453182e-05,0.060063682452891905,2.9921256100351457e-05,2
2002-04-09,12,0.0,7.0,3.0,2.0,6.217790784512545,0.0005082650905023911,0.0022748376723028653,1.004827355503039,11
2002-04-10,4,0.0,2.0,0.0,2.0,0.0012755911302518,6.942053914826829e-05,0.0017347823850286269,0.00015424463344968653,4
2002-04-11,5,1.0,3.0,1.0,0.0,1.1108688599633751,1.0017344380066788,0.000465770526716295,0.0114802623411377,5
2002-04-12,8,1.0,5.0,1.0,1.0,4.985730170663373,0.023940216313349,2.7596272720875277,0.0007127530052456895,8
2002-04-13,7,0.0,7.0,0.0,0.0,5.007234304153826,0.00014728320456924848,0.0020378681401780323,0.00010531803673075046,7
2002-04-14,0,,,,,0.0,0.0,0.0,0.0,0
2002-04-15,4,0.0,4.0,0.0,0.0,3.867381453514099,6.959450729482342e-05,0.0417241137765813,0.000969500229075475,4
2002-04-16,13,0.0,8.0,3.0,2.0,3.705352079690783,0.0002455620569890016,1.743754435859955,0.04608284905225431,13
2002-04-17,6,0.0,5.0,0.0,1.0,3.960206222254783,0.0041783508786465235,0.9969570512421342,0.0023127658369047972,6
2002-04-18,3,1.0,2.0,0.0,0.0,0.9561211128311696,0.941383467419655,0.0008307494317705142,5.630691066471627e-05,3
2002-04-19,9,0.0,9.0,0.0,0.0,5.928147383034229,0.0002618758244352648,0.0003860246561089298,0.00015825939772184938,9
2002-04-20,7,0.0,7.0,0.0,0.0,5.175537221133709,0.003183123393682596,0.0009844316809902527,0.000238552644077572,7
2002-04-21,0,,,,,0.0,0.0,0.0,0.0,0
2002-04-22,0,,,,,0.0,0.0,0.0,0.0,0
2002-04-23,0,,,,,0.0,0.0,0.0,0.0,0
2002-04-24,0,,,,,0.0,0.0,0.0,0.0,0
2002-04-25,14,1.0,13.0,0.0,0.0,11.957697035977617,0.0680786106559023,0.0024008647797017,0.0011611119762163892,14
2002-04-26,9,0.0,7.0,1.0,1.0,6.782179763757085,0.00016860567029652884,0.0013628779961436328,3.789846573397881,9
2002-04-27,7,0.0,6.0,1.0,0.0,4.043922165394179,0.00014423236825678032,0.9306762778369375,0.002162425766982754,7
2002-04-28,0,,,,,0.0,0.0,0.0,0.0,0
2002-04-29,12,0.0,9.0,0.0,3.0,8.70310510712443,0.006244747508389833,1.9630549691173655,0.047170320544864655,12
2002-04-30,13,0.0,0.0,0.0,13.0,1.0164294256828716,0.001606869604074725,2.0280347964726384,0.00018825862935045734,13
2002-05-01,4,0.0,1.0,0.0,3.0,1.0146188740036448,0.00011069012361986097,2.0224546750905574,0.00010650687727320474,4
2002-05-02,10,1.0,9.0,0.0,0.0,8.287647841963917,1.9197007784587186,0.0013170268703102887,0.016346045653335476,10
2002-05-03,0,,,,,0.0,0.0,0.0,0.0,0
2002-05-04,2,0.0,1.0,0.0,1.0,0.9693284854292868,4.147132858633995e-05,0.938726887536177,0.015867454085309835,2
2002-05-05,0,,,,,0.0,0.0,0.0,0.0,0
2002-05-06,7,0.0,7.0,0.0,0.0,4.582621306180954,0.0001560061500640586,0.02213115598715359,0.00011532570351846516,7
2002-05-07,10,0.0,10.0,0.0,0.0,7.946602430194616,0.06595901193304589,0.9604140050523711,0.02030559605282171,10
2002-05-08,15,0.0,14.0,0.0,1.0,10.820490810667252,0.0028687697977146376,0.00878661490059989,0.057526745936229334,15
2002-05-09,2,0.0,2.0,0.0,0.0,1.9901848435401917,3.658880996226799e-05,4.083839485247154e-05,3.1753097573528066e-05,2
2002-05-10,3,0.0,3.0,0.0,0.0,1.9955421380363987,0.001363598428724707,0.0025923943840096618,4.129513217776548e-05,3
2002-05-11,3,0.0,3.0,0.0,0.0,0.0347574690822511,0.00028226389440526745,0.0001499586614954751,0.002245779645818315,3
2002-05-12,0,,,,,0.0,0.0,0.0,0.0,0
2002-05-13,1,0.0,1.0,0.0,0.0,0.9978880286216736,2.008490810112562e-05,1.682870242802892e-05,1.5326004358939826e-05,1
2002-05-14,5,0.0,3.0,0.0,2.0,2.994429117661639,7.720100438746158e-05,0.008812535957986091,0.7536984586386097,5
2002-05-15,8,0.0,7.0,1.0,0.0,6.873965502723877,0.0037085597305121327,0.0001827738760766806,0.02529934678022974,8
2002-05-16,2,0.0,1.0,0.0,1.0,0.0020842468256887497,5.844751649419777e-05,0.9878588201790989,3.376173754077172e-05,2
2002-05-17,12,0.0,10.0,1.0,1.0,9.95689782997215,0.0044230184730621284,0.001629356436751488,1.7729064637787815,12
2002-05-18,3,0.0,3.0,0.0,0.0,2.0279288552701473,7.752259807602968e-05,7.777349856041837e-05,4.29513320341357e-05,3
2002-05-19,0,,,,,0.0,0.0,0.0,0.0,0
2002-05-20,6,0.0,6.0,0.0,0.0,5.87905079126358,0.00012126498313591583,0.9870298659134278,9.121890980168246e-05,6
2002-05-21,5,0.0,4.0,1.0,0.0,1.0018665827337825,0.00016648492419335525,0.00197900633429517,0.0009532267440590452,5
2002-05-22,4,0.0,4.0,0.0,0.0,3.9499897360801697,0.9804955991403403,0.9691588271634827,5.6541228332207545e-05,4
2002-05-23,8,1.0,6.0,0.0,1.0,3.0161309909763077,0.011477600459329527,0.978833320992635,0.0001291243333980674,8
2002-05-24,8,2.0,5.0,0.0,1.0,4.9639148221504,1.9462299546157737,0.024135796986229203,0.00010978189857269172,8
2002-05-25,7,0.0,7.0,0.0,0.0,5.098759718239307,0.9769329530563482,0.006064416943445309,0.03442855981938916,7
2002-05-26,0,,,,,0.0,0.0,0.0,0.0,0
2002-05-27,6,0.0,5.0,0.0,1.0,4.913489614878927,0.00016059952940850053,0.002469514767653812,0.031523421370366116,6
2002-05-28,7,0.0,4.0,2.0,1.0,2.8914391480320774,0.0068005154189448545,0.004586737044519341,0.022335219974593073,7
2002-05-29,8,0.0,5.0,0.0,3.0,3.992968296806793,0.981774896516981,1.9985538603123132,0.00019938661171181593,8
2002-05-30,7,0.0,4.0,0.0,3.0,2.981917793826142,0.031167873083177127,1.3232666207750299,0.0001070941834768746,7
2002-05-31,7,0.0,5.0,1.0,1.0,3.973856577591505,0.0003886141757902043,0.060139992003314456,0.05485470373332639,7
2002-06-01,2,0.0,2.0,0.0,0.0,1.9517918825149536,7.070137326081749e-05,0.002525859144952763,2.8189965632918756e-05,2
2002-06-02,0,,,,,0.0,0.0,0.0,0.0,0
2002-06-03,4,0.0,2.0,1.0,1.0,0.9991058288142084,6.900056905578822e-05,0.9643467111982318,0.0009316679097537211,4
2002-06-04,1,0.0,0.0,1.0,0.0,8.954518125392497e-05,1.4304746400739532e-05,1.8532509784563445e-05,0.0023000237997621,1
2002-06-05,4,0.0,4.0,0.0,0.0,3.9424970149993896,0.0005055798701504948,0.00025143718630704973,7.53034619265236e-05,4
2002-06-06,11,1.0,10.0,0.0,0.0,7.469319276046008,0.9413003238432793,0.05303727396039889,0.0010263639233015658,11
2002-06-07,14,2.0,11.0,0.0,1.0,10.934205150042544,1.0235800823766112,0.02114743035599516,0.0003529081059240875,14
2002-06-08,3,1.0,2.0,0.0,0.0,1.9857809806708246,0.03940743534076302,0.00033377805630147316,5.1979379350086674e-05,3
2002-06-09,0,,,,,0.0,0.0,0.0,0.0,0
2002-06-10,2,0.0,2.0,0.0,0.0,1.0308700650930405,5.061712545284536e-05,0.015757288907479947,5.360272461985006e-05,2
2002-06-11,20,1.0,17.0,0.0,2.0,15.353626737080049,0.9914232122555402,3.038458003360574,0.0046343718940987395,20
2002-06-12,3,0.0,2.0,0.0,1.0,1.9713533751200885,6.193503031681757e-05,0.0029894791678088204,4.4887922740599606e-05,3
2002-06-13,5,0.0,0.0,4.0,1.0,0.0019812581303993906,8.431760034000035e-05,0.0009050955268320764,0.09297124397653521,5
2002-06-14,6,0.0,2.0,0.0,4.0,1.1266109066064018,0.00012236522070452338,0.9988864148799621,9.350827622256475e-05,6
2002-06-15,0,,,,,0.0,0.0,0.0,0.0,0
2002-06-16,0,,,,,0.0,0.0,0.0,0.0,0
2002-06-17,0,,,,,0.0,0.0,0.0,0.0,0
2002-06-18,9,1.0,6.0,1.0,1.0,4.8342782873951355,0.0003454550742389857,0.0006704704264848254,0.03769574226862458,9
2002-06-19,1,0.0,1.0,0.0,0.0,0.0252206474542617,2.409891203569714e-05,1.987661380553618e-05,1.875342786661349e-05,1
2002-06-20,1,0.0,1.0,0.0,0.0,0.9779186844825744,1.795637399482075e-05,2.0589759515132755e-05,1.4031289538252167e-05,1
2002-06-21,2,0.0,1.0,0.0,1.0,0.9916208779541194,4.307590643293224e-05,0.0010958320344797,2.9612223443109542e-05,2
2002-06-22,3,0.0,0.0,0.0,3.0,0.00033912215803850657,9.858374141913373e-05,0.0609982988535192,5.240118753135903e-05,3
2002-06-23,0,,,,,0.0,0.0,0.0,0.0,0
2002-06-24,8,2.0,4.0,0.0,2.0,3.8701794854368927,1.9247651647474413,0.1119118364549648,0.00012109426734241424,8
2002-06-25,18,1.0,15.0,1.0,1.0,10.748366865162097,0.9975082288883641,0.024239830550868504,0.03974708290388645,17
2002-06-26,11,0.0,7.0,0.0,4.0,3.0678093547830936,0.00027506062178872526,2.1206209205302002,0.06401371745596388,11
2002-06-27,11,1.0,9.0,0.0,1.0,6.470475860827719,0.04348782019587815,0.003394561728782632,0.004450050930245097,11
2002-06-28,9,1.0,8.0,0.0,0.0,7.806286455335794,0.9411518090646496,1.795026342761048,0.00015003748194430955,9
2002-06-29,3,1.0,1.0,0.0,1.0,0.0029172756767364,0.6611109233708702,0.006986259264522084,0.00013924887571186822,3
2002-06-30,0,,,,,0.0,0.0,0.0,0.0,0
2002-07-01,4,0.0,3.0,0.0,1.0,1.9880850613717485,7.322345572902123e-05,0.21197936829958045,5.726003109884914e-05,4
2002-07-02,2,0.0,2.0,0.0,0.0,0.0012646696923183695,3.24494467349723e-05,5.248408342595212e-05,3.948929770558607e-05,2
2002-07-03,4,0.0,1.0,1.0,2.0,0.9910217226497481,0.00010314239534636727,0.32854716957444896,0.02371478106852007,4
2002-07-04,1,0.0,1.0,0.0,0.0,0.977262794971466,0.0002340215141884,0.0001051355211529,2.089528425130993e-05,1
2002-07-05,6,1.0,5.0,0.0,0.0,4.673095524805831,0.9411353802352097,0.0002435728001728421,0.0001701149121799972,6
2002-07-06,4,0.0,2.0,2.0,0.0,1.7214189541809901,0.00011056654057028936,0.00012662194239965174,0.002348186362723819,4
2002-07-07,0,,,,,0.0,0.0,0.0,0.0,0
2002-07-08,1,0.0,1.0,0.0,0.0,0.9684697985649108,2.832128848240245e-05,0.0001415095612173,2.1263500457280315e-05,1
2002-07-09,9,0.0,9.0,0.0,0.0,4.046795107449725,0.00024003010366868693,0.0016889389971765263,0.00018974980412167497,9
2002-07-10,7,0.0,2.0,0.0,5.0,1.0694212415255602,0.0007243507625388694,2.0261045289662434,0.00014092499714024598,7
2002-07-11,18,1.0,15.0,0.0,2.0,12.855853761790058,2.9768503833583964,1.0000920469756238,1.111959502361969,18
2002-07-12,30,2.0,26.0,1.0,1.0,24.443167766106853,5.861531327353077,1.3930264265636652,0.0692106973392582,30
2002-07-13,3,0.0,2.0,0.0,1.0,0.25952245324697276,6.829917583672795e-05,0.958356123051999,4.344547232904006e-05,3
2002-07-14,0,,,,,0.0,0.0,0.0,0.0,0
2002-07-15,10,1.0,3.0,3.0,3.0,1.4679096171239507,0.9411424712234294,2.6484809833636973,0.029944183550469322,10
2002-07-16,10,2.0,6.0,0.0,2.0,3.9823177576927264,0.888676391379704,0.10085545918263951,0.00014445708984567318,10
2002-07-17,0,,,,,0.0,0.0,0.0,0.0,0
2002-07-18,23,2.0,15.0,4.0,2.0,12.939322308429837,0.0463977981507923,0.5107327811701906,0.6802968215033613,22
2002-07-19,10,0.0,8.0,0.0,2.0,7.910830349497701,2.9316094903915655,0.9433866981771644,0.00029188527969377766,10
2002-07-20,2,0.0,0.0,0.0,2.0,0.009917327202856499,6.793053762521595e-05,1.8323503136634827,3.741248292499222e-05,2
2002-07-21,0,,,,,0.0,0.0,0.0,0.0,0
2002-07-22,11,0.0,11.0,0.0,0.0,10.073091864585876,0.00025354058288939996,0.9464216400974692,1.895845287547672,11
2002-07-23,17,0.0,14.0,1.0,2.0,7.10483273085083,0.9764565801087883,0.021484392897036544,0.0005056662712376598,17
2002-07-24,10,1.0,8.0,0.0,1.0,6.775819954229519,0.0023183805406005904,0.9985424650840284,0.0032770691050244684,10
2002-07-25,28,1.0,27.0,0.0,0.0,25.236170643753212,2.897437003448431,2.7444956485906,2.0958738332683424,28
2002-07-26,18,0.0,13.0,1.0,4.0,9.835925488259818,0.0011936190185223591,2.948715549775443,1.9381352661375786,18
2002-07-27,6,1.0,4.0,0.0,1.0,4.7467937823385,0.9900732898586283,0.012778699985574266,0.0005072207022748422,6
2002-07-28,0,,,,,0.0,0.0,0.0,0.0,0
2002-07-29,7,0.0,7.0,0.0,0.0,5.870766250853194,0.0008152304881149791,0.002075718561172626,0.00012584589603648055,7
2002-07-30,19,2.0,16.0,1.0,0.0,12.915046857802736,0.9221834785785176,1.8646802714083603,3.293737772901295,19
2002-07-31,4,0.0,4.0,0.0,0.0,3.996095061302185,0.962080893442362,0.004832143880776017,0.026505446719965964,4
2002-08-01,8,0.0,4.0,2.0,2.0,3.087955186896579,0.006296323321293983,1.0103345412971971,0.03687568657096561,8
2002-08-02,12,0.0,11.0,1.0,0.0,7.83667107023757,0.00020147263876424404,0.3426674653464942,0.9657389281737776,12
2002-08-03,10,0.0,10.0,0.0,0.0,8.93688513059169,0.00034909546411651226,1.8933343263342974,0.8886930660883081,10
2002-08-04,0,,,,,0.0,0.0,0.0,0.0,0
2002-08-05,7,0.0,7.0,0.0,0.0,5.97573126363568,0.000131430746478145,0.8660763645348197,0.060721637609276395,7
2002-08-06,11,0.0,10.0,0.0,1.0,8.959934332873672,0.00021908224698563572,0.4516803286423964,0.7499657467706129,11
2002-08-07,35,0.0,33.0,1.0,1.0,29.486471882431943,0.0017569935253049745,2.066300636481173,0.49912553453668773,35
2002-08-08,17,0.0,16.0,1.0,0.0,13.991855928914447,0.000812521026091368,0.2136581447630303,0.9635025084144215,17
2002-08-09,6,0.0,5.0,1.0,0.0,4.650506798932838,0.00011806024394900305,0.972181155846556,0.4266606469709585,6
2002-08-10,3,1.0,1.0,0.0,1.0,0.0033797529176807,0.0029134212454663107,0.9941805755888706,4.5147653509047814e-05,2
2002-08-11,0,,,,,0.0,0.0,0.0,0.0,0
2002-08-12,1,0.0,1.0,0.0,0.0,0.8939760327339172,0.8752300143241882,8.390982111450285e-05,1.2673039236688057e-05,1
2002-08-13,2,0.0,2.0,0.0,0.0,0.008164774255419576,7.17419261491159e-05,4.031511889479589e-05,2.848020722012734e-05,2
2002-08-14,4,0.0,4.0,0.0,0.0,1.766806157771498,0.003668222176202029,0.00012016075561405161,5.883030917175347e-05,3
2002-08-15,2,0.0,1.0,1.0,0.0,0.00013561064770328812,2.8339239179331344e-05,3.1399379622598644e-05,0.023679945609728716,2
2002-08-16,4,0.0,2.0,2.0,0.0,0.00012061275992891751,5.530681573873153e-05,8.221414009312866e-05,0.0010817275287990482,4
2002-08-17,2,0.0,2.0,0.0,0.0,0.9736972947848698,3.36203465849394e-05,6.485562516900245e-05,0.45918726760100975,2
2002-08-18,0,,,,,0.0,0.0,0.0,0.0,0
2002-08-19,4,0.0,3.0,0.0,1.0,2.9949573439371306,0.00013122039854351897,0.014389031854079788,5.773583416157635e-05,4
2002-08-20,4,0.0,4.0,0.0,0.0,3.984293758869171,0.00018190236005466431,0.00018780116442940198,6.171518361952621e-05,4
2002-08-21,1,0.0,1.0,0.0,0.0,0.977262794971466,0.0002340215141884,0.0001051355211529,2.089528425130993e-05,1
2002-08-22,8,0.0,7.0,1.0,0.0,4.968853767255496,0.00013262137781566707,0.03133171540684972,0.012780079406183992,8
2002-08-23,10,0.0,5.0,2.0,3.0,1.9946244831280635,0.0016380480828956073,1.7338503757473518,0.02395275624530765,10
2002-08-24,3,0.0,2.0,0.0,1.0,1.919995054136962,0.0002681466667126219,0.6734482608862891,4.394130337459501e-05,3
2002-08-25,0,,,,,0.0,0.0,0.0,0.0,0
2002-08-26,5,2.0,2.0,0.0,1.0,1.0009089006616705,0.016538261982532183,0.9489546939621505,0.053740827498586434,5
2002-08-27,4,0.0,4.0,0.0,0.0,2.9591105932486244,9.370928819407709e-05,0.00011888885637745261,1.781622697194507,3
2002-08-28,3,0.0,3.0,0.0,0.0,1.9923101855201821,0.016298161002850933,0.9119392891407189,4.9715113163983915e-05,3
2002-08-29,0,,,,,0.0,0.0,0.0,0.0,0
2002-08-30,1,0.0,1.0,0.0,0.0,2.5593479222152386e-05,1.436965885659447e-05,1.6122574379551224e-05,1.2617373613466045e-05,1
2002-08-31,1,0.0,1.0,0.0,0.0,0.0538340844213962,2.095629861287307e-05,6.171392305986956e-05,1.3594581105280668e-05,1
2002-09-01,0,,,,,0.0,0.0,0.0,0.0,0
2002-09-02,0,,,,,0.0,0.0,0.0,0.0,0
2002-09-03,3,0.0,2.0,0.0,1.0,1.997601969003881,0.00010834904060175177,0.7546438241261056,3.96713758163969e-05,3
2002-09-04,1,0.0,1.0,0.0,0.0,0.0007224944420158,1.9383713151910346e-05,5.5459171562688425e-05,1.3858309102943169e-05,1
2002-09-05,0,,,,,0.0,0.0,0.0,0.0,0
2002-09-06,9,0.0,8.0,1.0,0.0,7.976593300700188,0.00016594478529441403,0.8456518319671885,1.032181997466978,9
2002-09-07,1,0.0,1.0,0.0,0.0,0.9837454557418824,2.291760392836295e-05,0.0003617022885009,1.4082740563026164e-05,1
2002-09-08,0,,,,,0.0,0.0,0.0,0.0,0
2002-09-09,4,0.0,4.0,0.0,0.0,3.987602412700653,6.187152484926628e-05,8.981175415101461e-05,0.16197401727549723,4
2002-09-10,8,0.0,6.0,0.0,2.0,3.959540282608941,0.00015470051130250795,1.7433215698983986,0.00011930755772482371,8
2002-09-11,5,0.0,5.0,0.0,0.0,4.761744260787964,0.008080526395133274,0.9545257615045556,0.19842818936376713,5
2002-09-12,7,0.0,6.0,1.0,0.0,5.868139901052928,0.00012125172634114278,2.4742721510629053,0.0007015801529631521,7
2002-09-13,3,0.0,2.0,0.0,1.0,0.039209461538121,7.63019470468862e-05,0.004697827334893962,5.200180657993769e-05,3
2002-09-14,2,0.0,2.0,0.0,0.0,1.9922111034393308,4.0271263060276397e-05,9.050617882166989e-05,9.167019197775517e-05,2
2002-09-15,0,,,,,0.0,0.0,0.0,0.0,0
2002-09-16,1,0.0,0.0,0.0,1.0,0.000372599257389,3.145674418192357e-05,0.9990320801734924,0.0001762741449056,1
2002-09-17,8,0.0,6.0,0.0,2.0,5.944094257502002,0.0002091479809678276,3.945022802145104,1.9725975406872749,8
2002-09-18,10,1.0,8.0,0.0,1.0,4.996304286352824,0.0436621636954441,0.9967692436339349,1.649583239522144,10
2002-09-19,6,0.0,6.0,0.0,0.0,5.490346252918243,0.015510473410358822,0.0003280757491665771,0.005890992842978357,6
2002-09-20,5,0.0,5.0,0.0,0.0,3.994635783135891,0.00013405630852503236,0.9545894944694738,0.01185935067405799,5
2002-09-21,1,0.0,1.0,0.0,0.0,0.9152897596359252,0.0007241337443701,4.357185025583021e-05,1.4862435818940868e-05,1
2002-09-22,0,,,,,0.0,0.0,0.0,0.0,0
2002-09-23,5,0.0,4.0,1.0,0.0,3.9747636924112157,8.867600445228163e-05,1.9147214985168828,0.008103113468678157,5
2002-09-24,2,0.0,2.0,0.0,0.0,0.9686627653427422,4.020760843559401e-05,5.843925100634806e-05,3.185459081578301e-05,2
2002-09-25,7,0.0,6.0,1.0,0.0,1.9087826250142823,0.0028345411501504492,0.002023688102781199,0.004429457082551353,7
2002-09-26,2,1.0,1.0,0.0,0.0,4.779050868819468e-05,4.409998655319214e-05,3.998330248577986e-05,2.7615713406703435e-05,2
2002-09-27,6,0.0,2.0,1.0,3.0,0.9998679184809589,0.00016443896856799256,0.09404610629280787,0.008756792733947758,6
2002-09-28,7,0.0,6.0,1.0,0.0,3.0040691588656045,0.00013430698436422972,0.9274826966411638,0.002257517486213864,7
2002-09-29,0,,,,,0.0,0.0,0.0,0.0,0
2002-09-30,6,0.0,5.0,0.0,1.0,4.900773868022952,0.03301035613912971,0.1729454820306271,1.1762215818489494,6
2002-10-01,1,0.0,0.0,0.0,1.0,0.0019560260698199,2.272026176797226e-05,0.9669029116630554,1.567073013575282e-05,1
2002-10-02,7,0.0,6.0,1.0,0.0,2.001836153169279,0.00033129549228753827,0.0005665068238158318,0.029898924531153073,7
2002-10-03,5,1.0,1.0,0.0,3.0,0.9304686490995662,0.00011375816666259198,1.9632353574979788,7.345821722992696e-05,5
2002-10-04,3,0.0,1.0,0.0,2.0,0.9370380195614415,0.00010143197869183496,0.0020733870805995985,5.0788277803803794e-05,3
2002-10-05,2,0.0,2.0,0.0,0.0,1.9335482716560364,6.0278662203927524e-05,0.00010161121463170275,5.223867447057273e-05,2
2002-10-06,0,,,,,0.0,0.0,0.0,0.0,0
2002-10-07,3,0.0,3.0,0.0,0.0,1.9793229818169493,9.344282807433046e-05,8.969694499683101e-05,4.281015935703181e-05,3
2002-10-08,0,,,,,0.0,0.0,0.0,0.0,0
2002-10-09,2,0.0,1.0,0.0,1.0,0.9994471904938108,4.655631346395239e-05,0.9987196759084327,4.3751047996920533e-05,2
2002-10-10,3,0.0,1.0,0.0,2.0,0.000495503241836461,5.202129432291258e-05,0.9208883826358942,4.269043529347982e-05,3
2002-10-11,9,1.0,5.0,0.0,3.0,4.867353426898262,0.9534117859220714,1.9956931547367276,0.00043709657984434424,9
2002-10-12,3,0.0,3.0,0.0,0.0,0.9219438609725329,0.00010445929001434706,0.028711980703519633,4.6263535296020564e-05,3
2002-10-13,0,,,,,0.0,0.0,0.0,0.0,0
2002-10-14,2,0.0,2.0,0.0,0.0,1.9820635318756104,3.875710353895556e-05,0.05266014731023452,0.9805146984890599,2
2002-10-15,4,0.0,4.0,0.0,0.0,3.017172684893012,0.00012095949023205321,0.0005106185853946846,6.635056524828542e-05,4
2002-10-16,16,0.0,15.0,1.0,0.0,11.811690082704445,0.021266351302983818,0.3480926652191551,0.0004946248272971788,15
2002-10-17,3,0.0,3.0,0.0,0.0,2.973769724369049,0.00028176962223365996,0.0014250323110899374,4.146299579588231e-05,3
2002-10-18,16,0.0,16.0,0.0,0.0,13.693008994217962,0.9817388295359705,0.001803010643925402,0.007382778734608974,16
2002-10-19,11,1.0,8.0,0.0,2.0,3.5333572130148236,0.9578801108355037,0.0072297327096744165,0.0002244214883830864,11
2002-10-20,0,,,,,0.0,0.0,0.0,0.0,0
2002-10-21,8,0.0,5.0,0.0,3.0,4.940620526787825,0.0005980574696875852,0.18378937993111308,0.00016373928428947693,8
2002-10-22,1,0.0,1.0,0.0,0.0,0.0269083157181739,0.0042769815772771,0.0005948571488261,5.3807994845556095e-05,1
2002-10-23,23,1.0,22.0,0.0,0.0,20.799683947581798,0.044219699736458944,2.2682747111775816,0.0005690606767529518,23
2002-10-24,4,0.0,4.0,0.0,0.0,2.8857423035660754,0.00010652241962816335,0.0002388466236880049,0.00010386926078354008,3
2002-10-25,12,0.0,9.0,2.0,1.0,5.295547424439064,0.0002452931476000231,0.9724775166687322,0.004639672704797439,9
2002-10-26,11,0.0,8.0,1.0,2.0,4.756734715600032,0.0004709400491265052,0.9684833043938847,0.023295226680602184,11
2002-10-27,0,,,,,0.0,0.0,0.0,0.0,0
2002-10-28,0,,,,,0.0,0.0,0.0,0.0,0
2002-10-29,11,1.0,5.0,1.0,4.0,3.037766458228361,0.6079473273366602,3.963724450828522,0.038049545435569425,11
2002-10-30,13,2.0,8.0,3.0,0.0,5.013631082370921,0.009263215481951154,0.012515886832261318,0.10973488847957906,13
2002-10-31,10,0.0,10.0,0.0,0.0,2.4870650051161642,0.0036766971616088028,0.7960346330619359,0.00023508021604357054,10
2002-11-01,11,1.0,10.0,0.0,0.0,8.912436093698489,0.0213034680491544,0.7845231422234062,0.12571638619647268,11
2002-11-02,4,0.0,4.0,0.0,0.0,3.9333912134170532,7.036161059659207e-05,0.001117645086196539,5.9230213992123026e-05,4
2002-11-03,0,,,,,0.0,0.0,0.0,0.0,0
2002-11-04,0,,,,,0.0,0.0,0.0,0.0,0
2002-11-05,30,0.0,23.0,4.0,3.0,18.617706374383488,0.0007923326165836381,0.864948416829065,0.0706750468852985,30
2002-11-06,2,1.0,0.0,1.0,0.0,0.0006781519332434,0.011898106298758595,0.0008365582907572,0.0008870261262927544,2
2002-11-07,4,0.0,4.0,0.0,0.0,1.9877916721306974,7.347882910835324e-05,0.9599313211247137,6.24345966571127e-05,4
2002-11-08,4,0.0,4.0,0.0,0.0,1.4221483713445195,0.0013810427590214376,0.0001576949580339715,0.00010560270311543718,3
2002-11-09,3,0.0,3.0,0.0,0.0,1.9789552334987093,4.732972320198314e-05,0.947325289473156,4.1192680328094866e-05,3
2002-11-10,0,,,,,0.0,0.0,0.0,0.0,0
2002-11-11,3,1.0,1.0,0.0,1.0,1.0023661819286642,0.005585570594121185,0.9516819204600323,4.2123167077079415e-05,3
2002-11-12,13,0.0,8.0,3.0,2.0,7.974067681192538,0.0002941838911283412,0.0451988693112069,0.02762811908542037,13
2002-11-13,6,0.0,4.0,0.0,2.0,3.9173202699057583,0.0002652069470058771,0.993971979512935,0.00011818409166153288,6
2002-11-14,0,,,,,0.0,0.0,0.0,0.0,0
2002-11-15,3,0.0,2.0,0.0,1.0,1.0296984021551907,8.034228449105285e-05,0.9961656194445823,4.5267309360497165e-05,3
2002-11-16,7,0.0,7.0,0.0,0.0,4.615144568902906,0.0001320748579018982,0.001832883797760442,0.001029367346745824,7
2002-11-17,0,,,,,0.0,0.0,0.0,0.0,0
2002-11-18,10,0.0,7.0,1.0,2.0,2.2158303308751783,0.000321741970765288,0.35965550709988736,0.0010227230577583152,10
2002-11-19,14,1.0,11.0,1.0,1.0,10.888275240946314,0.9707377407530656,1.7935284651393886,0.001438584991774293,14
2002-11-20,7,0.0,7.0,0.0,0.0,5.787239558812871,0.0002112827887685853,0.00020577541363309138,0.00010580733032838907,7
2002-11-21,6,0.0,3.0,1.0,2.0,2.9520693295053206,0.00021220519738560228,0.012702923670076263,0.051714375978008244,6
2002-11-22,10,3.0,5.0,0.0,2.0,5.564978210379195,1.8418271410391753,0.0027350227155693036,0.00014864109016343718,10
2002-11-23,9,0.0,9.0,0.0,0.0,7.130678530782462,2.9355692984327106,0.0008388972582905809,0.0006250185460884034,9
2002-11-24,0,,,,,0.0,0.0,0.0,0.0,0
2002-11-25,6,0.0,5.0,0.0,1.0,3.5012705345834547,0.022401092026484538,0.0006096132965466503,9.323279755335534e-05,6
2002-11-26,6,0.0,6.0,0.0,0.0,3.710430421080673,0.9799108437528048,0.0006037738130544244,9.223050710716052e-05,6
2002-11-27,30,0.0,29.0,0.0,1.0,23.538825768006063,1.9627759410550423,0.002103850860293948,0.0005691366559403832,30
2002-11-28,5,0.0,4.0,0.0,1.0,2.329433543331106,0.0003766385616472503,0.0008314483548019431,7.441307843691902e-05,5
2002-11-29,2,0.0,2.0,0.0,0.0,1.0523250624537468,0.0018486954832041477,6.728831795044243e-05,3.588741674320772e-05,2
2002-11-30,4,0.0,3.0,0.0,1.0,1.6178584996669085,0.004071433049830311,0.017518282489618103,9.20831680559786e-05,1
2002-12-01,0,,,,,0.0,0.0,0.0,0.0,0
2002-12-02,0,,,,,0.0,0.0,0.0,0.0,0
2002-12-03,17,1.0,13.0,2.0,1.0,11.855264178126163,0.9792612008041032,0.3522768161692509,0.006996773352511656,17
2002-12-04,15,1.0,10.0,1.0,3.0,3.231554677306121,0.002810762971421236,0.9627726743419768,0.00034095205319317756,14
2002-12-05,2,0.0,1.0,1.0,0.0,1.002178733702749,0.005984936025924933,0.0002207911184085746,0.005562503640248899,2
2002-12-06,3,0.0,2.0,1.0,0.0,1.9968373640658683,0.00010556918005022453,0.00011307830391160678,0.011171973663294832,3
2002-12-07,3,0.0,3.0,0.0,0.0,2.9303424954414368,5.8444029491511174e-05,0.9401905914091913,4.3024433580285404e-05,3
2002-12-08,0,,,,,0.0,0.0,0.0,0.0,0
2002-12-09,7,1.0,6.0,0.0,0.0,5.922561675310135,0.9795598982364025,0.020667014878199424,9.818006856221473e-05,7
2002-12-10,12,0.0,11.0,1.0,0.0,8.029339221762712,0.00030317805976665113,0.0011097068945673475,0.0010882618762479773,11
2002-12-11,3,0.0,1.0,0.0,2.0,0.8344621394062415,0.00013317190678208135,1.0034639412951947,0.00010536540867178701,3
2002-12-12,3,0.0,1.0,0.0,2.0,0.9982664698964072,0.0012603621480593002,1.029763296130113,4.284606075088959e-05,3
2002-12-13,4,0.0,4.0,0.0,0.0,2.9811819053647923,7.75828348196228e-05,0.17506833952029396,5.562394017033512e-05,4
2002-12-14,6,0.0,6.0,0.0,0.0,2.6637917806510814,0.00012510511987784412,0.00030429864818870556,0.00251015531284788,6
2002-12-15,0,,,,,0.0,0.0,0.0,0.0,0
2002-12-16,3,0.0,2.0,0.0,1.0,1.9377968707121906,0.0008576435866415587,0.07797638993724823,0.00044230897947268854,3
2002-12-17,7,0.0,5.0,1.0,1.0,2.3769939100020565,0.00012515821981651243,1.0718762458564015,0.02374874202268981,7
2002-12-18,13,0.0,10.0,3.0,0.0,5.219515482658608,0.0002647414376042434,0.00036473864020081237,0.014426417872527644,12
2002-12-19,2,0.0,1.0,0.0,1.0,0.003684606635943,3.9015396396280266e-05,0.6956738208227762,4.231799903209321e-05,2
2002-12-20,5,0.0,3.0,0.0,2.0,0.08702232353243723,0.0035366031152079336,0.31535324588003266,8.223680288210744e-05,5
2002-12-21,2,0.0,2.0,0.0,0.0,1.0003912272513842,0.00026093742962979565,3.759317041840404e-05,0.00019483114738241204,2
2002-12-22,0,,,,,0.0,0.0,0.0,0.0,0
2002-12-23,4,1.0,1.0,1.0,1.0,0.008238192896897055,0.04299840255953304,0.95155172228624,0.03165866504059521,0
2002-12-24,15,0.0,11.0,0.0,4.0,6.457978918882873,0.0003483810496618389,1.9829554145326251,0.0003456890881352062,9
2002-12-25,12,1.0,8.0,0.0,3.0,5.733810275836731,0.9897092980254456,1.6183651951450884,0.00018403514513920527,8
2002-12-26,4,3.0,0.0,0.0,1.0,0.04892940299941976,0.08660617550049209,0.9634675441920989,0.0003044801233044122,2
2002-12-27,7,0.0,6.0,0.0,1.0,3.029874880066927,0.007025332281045632,0.020871606608124947,0.00014392987759492826,7
2002-12-28,0,,,,,0.0,0.0,0.0,0.0,0
2002-12-29,0,,,,,0.0,0.0,0.0,0.0,0
2002-12-30,1,0.0,0.0,1.0,0.0,0.0001095350162358,1.5213244296319315e-05,1.9012268239748664e-05,0.0345167480409145,1
2002-12-31,2,1.0,1.0,0.0,0.0,1.9340936541557312,0.9866971201645355,3.717903746291995e-05,2.8290147383813743e-05,2
2003-01-01,6,0.0,4.0,0.0,2.0,2.9777053901125328,0.0029459348625095224,0.885680900502848,0.0010396561547167283,6
2003-01-02,0,,,,,0.0,0.0,0.0,0.0,0
2003-01-03,11,0.0,8.0,1.0,2.0,0.00038007354123692494,0.00018903736690845108,0.00027792864420916885,0.023817328151380907,11
2003-01-04,4,0.0,4.0,0.0,0.0,3.00494646653533,7.07145591150038e-05,7.226853631436825e-05,5.976577631372493e-05,4
2003-01-05,0,,,,,0.0,0.0,0.0,0.0,0
2003-01-06,10,0.0,10.0,0.0,0.0,9.82433545589447,0.008150578373715127,0.0009540763712715874,0.00020249589761078823,10
2003-01-07,37,1.0,33.0,3.0,0.0,32.27522638712799,2.9517448694814448,1.4725030720992431,0.05302463205862254,37
2003-01-08,1,0.0,1.0,0.0,0.0,0.9758105278015136,3.687685239128768e-05,0.0002280928747495,0.0001379826426273,1
2003-01-09,1,1.0,0.0,0.0,0.0,2.873087396437768e-05,0.0001040147617459,2.7089959985460155e-05,1.645955489948392e-05,1
2003-01-10,0,,,,,0.0,0.0,0.0,0.0,0
2003-01-11,1,0.0,1.0,0.0,0.0,0.7735146284103394,2.7817017326015048e-05,4.0200782677857205e-05,1.6690753909642808e-05,1
2003-01-12,0,,,,,0.0,0.0,0.0,0.0,0
2003-01-13,0,,,,,0.0,0.0,0.0,0.0,0
2003-01-14,12,1.0,11.0,0.0,0.0,9.891015430224797,0.0002787937119137496,0.6289341278170467,0.09964632263654472,12
2003-01-15,7,1.0,4.0,2.0,0.0,4.921179482484149,0.9750100147266493,0.00016472591778438073,0.08460468182056476,7
2003-01-16,0,,,,,0.0,0.0,0.0,0.0,0
2003-01-17,11,0.0,11.0,0.0,0.0,7.259321199962869,0.0014115680096437894,0.002310726715222616,0.0004826426493308936,11
2003-01-18,0,,,,,0.0,0.0,0.0,0.0,0
2003-01-19,0,,,,,0.0,0.0,0.0,0.0,0
2003-01-20,3,0.0,1.0,1.0,1.0,0.9992409435653826,5.636586502077989e-05,0.9749344367919547,7.53705126044224e-05,1
2003-01-21,22,2.0,18.0,1.0,1.0,13.496621316297023,2.9530576620454667,0.17395509308971654,0.023975078100193028,22
2003-01-22,4,0.0,4.0,0.0,0.0,2.9435621444135904,8.050674841797445e-05,0.6592861631270353,6.851100897620199e-05,4
2003-01-23,0,,,,,0.0,0.0,0.0,0.0,0
2003-01-24,0,,,,,0.0,0.0,0.0,0.0,0
2003-01-25,2,0.0,1.0,0.0,1.0,0.9310243910294959,3.978888616984477e-05,0.9938944168388844,0.005947509887846522,2
2003-01-26,0,,,,,0.0,0.0,0.0,0.0,0
2003-01-27,0,,,,,0.0,0.0,0.0,0.0,0
2003-01-28,3,0.0,2.0,1.0,0.0,1.0268816368679836,5.5541603614983615e-05,7.051487591525074e-05,0.04338918246048704,3
2003-01-29,3,1.0,2.0,0.0,0.0,1.015443942276761,0.9294461861991294,0.0011766372917917465,6.657204176008236e-05,3
2003-01-30,8,0.0,6.0,0.0,2.0,3.469250674257637,0.00022474686011264566,1.0338404429930959,0.00013052477152086794,8
2003-01-31,1,0.0,1.0,0.0,0.0,4.4048290874343365e-05,2.4256514734588563e-05,2.417953874100931e-05,1.3949235835752916e-05,1
2003-02-01,9,1.0,8.0,0.0,0.0,7.062678395421244,0.008785340641225018,0.008337283074069883,0.02391659777094872,9
2003-02-02,0,,,,,0.0,0.0,0.0,0.0,0
2003-02-03,0,,,,,0.0,0.0,0.0,0.0,0
2003-02-04,5,0.0,5.0,0.0,0.0,2.5887424307875335,0.00022873376201459837,0.001412032703228617,0.0001034566203088616,5
2003-02-05,1,0.0,0.0,1.0,0.0,3.624905730248429e-05,1.4345770978252403e-05,3.5392869904171675e-05,0.0008905080030672,1
2003-02-06,4,0.0,3.0,0.0,1.0,2.3119349383632652,0.0001044532564264955,0.01652694216681989,0.0002265872799398058,4
2003-02-07,0,,,,,0.0,0.0,0.0,0.0,0
2003-02-08,2,0.0,2.0,0.0,0.0,1.1631809175014496,4.8117370170075446e-05,6.688051507808268e-05,2.740751369856298e-05,2
2003-02-09,0,,,,,0.0,0.0,0.0,0.0,0
2003-02-10,1,0.0,1.0,0.0,0.0,0.9944989681243896,1.972668542293832e-05,0.0013073193840682,1.5134279237827286e-05,1
2003-02-11,1,0.0,1.0,0.0,0.0,0.0005158067215234,1.655388950894121e-05,1.822473495849408e-05,1.2905465155199636e-05,1
2003-02-12,4,0.0,2.0,0.0,2.0,0.04065122431347835,8.092622738331556e-05,0.003694370694574817,5.552826860366622e-05,4
2003-02-13,5,0.0,3.0,1.0,1.0,1.976138560436084,0.0007518140937463464,0.024302509362314453,0.0009579869001753587,5
2003-02-14,29,2.0,27.0,0.0,0.0,27.35601194895571,1.9634312875441537,0.03516519090135212,0.015887124101027328,29
2003-02-15,8,0.0,7.0,1.0,0.0,5.914174398880277,0.0002884970008380138,0.12758796170783157,0.012019794802654261,8
2003-02-16,0,,,,,0.0,0.0,0.0,0.0,0
2003-02-17,3,0.0,2.0,1.0,0.0,1.9472441067482573,0.005493389719049414,0.0002580626351117842,0.017158016024040983,3
2003-02-18,17,0.0,6.0,2.0,9.0,2.9798790206968984,0.006669503675766314,3.1210330830308517,0.03580371894076941,9
2003-02-19,9,1.0,5.0,0.0,3.0,4.877347822122829,0.000236070000937616,1.0176249997912237,0.00018425283087708522,9
2003-02-20,11,1.0,8.0,0.0,2.0,7.768474445794709,0.961443634259922,1.0482711209861004,0.0001643959985813126,11
2003-02-21,3,0.0,3.0,0.0,0.0,1.9569045247044417,4.297766281524673e-05,0.9791837047705485,4.509976315603126e-05,3
2003-02-22,3,0.0,2.0,0.0,1.0,1.9793831151764607,7.866407850087853e-05,0.004545382167634589,7.56574754632311e-05,3
2003-02-23,0,,,,,0.0,0.0,0.0,0.0,0
2003-02-24,2,0.0,2.0,0.0,0.0,1.9874762296676636,5.1218841690570116e-05,3.773985918087419e-05,3.1279387258109637e-05,2
2003-02-25,3,0.0,3.0,0.0,0.0,2.973444640636444,6.570929690496996e-05,0.9702920213094329,4.573302976496052e-05,3
2003-02-26,9,0.0,9.0,0.0,0.0,7.809159427881241,0.056886799478888805,0.930254854776649,0.001630915101486438,9
2003-02-27,3,0.0,2.0,0.0,1.0,0.046179291743101154,0.0027118363450426035,0.9773634207449504,5.8257470300304703e-05,3
2003-02-28,5,1.0,3.0,1.0,0.0,3.905860007747833,0.9720028912133785,0.00024221448802559203,0.023721618658782945,5
2003-03-01,1,0.0,1.0,0.0,0.0,2.350821159780025e-05,1.459475424780976e-05,1.528283246443607e-05,1.2692959899140988e-05,1
2003-03-02,0,,,,,0.0,0.0,0.0,0.0,0
2003-03-03,3,0.0,2.0,0.0,1.0,0.0940397568429033,6.010707875248045e-05,0.052889374988808364,5.2396466344362125e-05,2
2003-03-04,14,0.0,7.0,0.0,7.0,4.101510131255054,0.031070132528838838,3.3769470048173384,0.02175219319997267,14
2003-03-05,6,0.0,6.0,0.0,0.0,5.036501958966255,0.0009792064392968043,0.0012629578413906,0.00011303295832476577,6
2003-03-06,6,0.0,6.0,0.0,0.0,3.980952301330035,0.00012459556273825,2.7721063290227903,8.488391995342681e-05,6
2003-03-07,16,0.0,15.0,1.0,0.0,1.95152071081975,0.00046855988330207765,0.08875394545248128,0.011404871479498915,16
2003-03-08,3,0.0,2.0,0.0,1.0,1.9977870828042796,0.0057142519672197176,0.0009459583816349634,4.5166583731770515e-05,3
2003-03-09,0,,,,,0.0,0.0,0.0,0.0,0
2003-03-10,12,2.0,9.0,0.0,1.0,4.5286532156169415,1.928808785966794,1.84413485146797,0.00019455172696325462,12
2003-03-11,1,0.0,1.0,0.0,0.0,0.0006137363961897,1.474116106692236e-05,1.4828755411144812e-05,1.2123802662244998e-05,1
2003-03-12,34,1.0,23.0,0.0,10.0,19.786872492531984,1.0211341233407436,6.993090629241123,0.0018642193435880147,34
2003-03-13,7,0.0,4.0,3.0,0.0,3.0027837755897053,0.00014781863683310803,0.0002606931229820475,0.05335516655213717,7
2003-03-14,3,0.0,3.0,0.0,0.0,2.885639905929565,9.137675806414336e-05,0.00017790228230296634,9.094568486034404e-05,3
2003-03-15,0,,,,,0.0,0.0,0.0,0.0,0
2003-03-16,0,,,,,0.0,0.0,0.0,0.0,0
2003-03-17,2,0.0,2.0,0.0,0.0,0.9184915497899055,3.179971372446744e-05,5.866926767339464e-05,2.883131855924148e-05,2
2003-03-18,4,0.0,3.0,1.0,0.0,2.9491716717784584,8.375567085749935e-05,0.010308001701559917,0.0018329000413357809,4
2003-03-19,1,0.0,1.0,0.0,0.0,0.9680176377296448,2.577501436462626e-05,4.6086195652605966e-05,1.982377034437377e-05,1
2003-03-20,1,0.0,1.0,0.0,0.0,0.9975208640098572,1.666462230787147e-05,1.690657518338412e-05,1.5675699614803307e-05,1
2003-03-21,9,0.0,8.0,0.0,1.0,7.6358488757632585,0.00017262976962229004,0.03540287657051497,0.00015406789043481695,9
2003-03-22,1,0.0,1.0,0.0,0.0,0.0004723385209217,1.6632573533570394e-05,2.483609932824038e-05,1.7117625247919932e-05,1
2003-03-23,0,,,,,0.0,0.0,0.0,0.0,0
2003-03-24,2,2.0,0.0,0.0,0.0,0.9999873600900174,1.9375961422920227,0.00032959166856010003,2.539455635997001e-05,2
2003-03-25,4,0.0,4.0,0.0,0.0,1.9733965224877466,0.00012582466024468886,0.0006064946101103577,5.6787343964970205e-05,4
2003-03-26,10,1.0,7.0,0.0,2.0,4.94559732408743,0.0007824948552297114,0.974847811618019,0.00015758634890516987,10
2003-03-27,4,0.0,4.0,0.0,0.0,2.9345589905860834,0.00015717040878371336,0.0001375787705910625,0.0028057598137820215,4
2003-03-28,5,1.0,1.0,1.0,2.0,0.9996528674528236,0.0015617122662660095,1.8080168207343374,0.0006844693116362716,4
2003-03-29,3,0.0,3.0,0.0,0.0,1.9523833161219952,0.0007442862788593583,0.010344562550017073,5.792509728053119e-05,3
2003-03-30,0,,,,,0.0,0.0,0.0,0.0,0
2003-03-31,0,,,,,0.0,0.0,0.0,0.0,0
2003-04-01,2,0.0,2.0,0.0,0.0,1.9187279939651487,3.896747148246504e-05,0.0204258449375628,2.6501253159949556e-05,2
2003-04-02,2,0.0,2.0,0.0,0.0,1.035464245826006,0.0043108761947223285,0.0006468492265412024,7.05298316461267e-05,2
2003-04-03,0,,,,,0.0,0.0,0.0,0.0,0
2003-04-04,21,0.0,17.0,0.0,4.0,12.883853847162754,0.00040616658134240424,4.376324040382314,0.0006833291645306793,18
2003-04-05,1,0.0,1.0,0.0,0.0,0.9960402250289916,2.37025033129612e-05,2.3625414542038925e-05,1.575202441017609e-05,1
2003-04-06,0,,,,,0.0,0.0,0.0,0.0,0
2003-04-07,4,1.0,3.0,0.0,0.0,2.5376297533512115,0.9795139261150325,0.004745814934721935,9.602086174709257e-05,4
2003-04-08,36,3.0,31.0,0.0,2.0,29.47960521587993,1.9733786829301603,4.813287754273913,0.0015182169418038872,36
2003-04-09,14,1.0,6.0,1.0,6.0,3.3936108829802833,0.04374900712627997,2.9545489324591467,0.0006854968605691957,14
2003-04-10,11,1.0,6.0,0.0,4.0,4.884875476715024,0.0005767540033046747,3.229603125844733,0.00017155126170109725,11
2003-04-11,9,1.0,7.0,0.0,1.0,6.321997870461928,2.9327158146024885,0.9278080695548849,0.0011733597702913653,9
2003-04-12,6,0.0,3.0,1.0,2.0,0.9915428382118988,9.399894497619243e-05,0.0862378540914505,0.02373465118853343,6
2003-04-13,0,,,,,0.0,0.0,0.0,0.0,0
2003-04-14,2,0.0,2.0,0.0,0.0,1.95701664686203,2.996109651576262e-05,0.9578434413415378,8.419270216108998e-05,2
2003-04-15,2,0.0,1.0,1.0,0.0,0.00045485878945321877,2.8943327379238326e-05,4.538981920632068e-05,0.02367834327287706,2
2003-04-16,12,3.0,8.0,0.0,1.0,10.02871041220169,2.9474050987728333,1.9496645046892807,0.0014227156716515187,12
2003-04-17,0,,,,,0.0,0.0,0.0,0.0,0
2003-04-18,1,0.0,0.0,0.0,1.0,1.3771685189567506e-05,1.392082322126953e-05,0.0004087742709089,1.5093502042873295e-05,1
2003-04-19,3,1.0,2.0,0.0,0.0,1.5262132436037064,0.9779636899365868,0.000634399086266055,4.885655016551027e-05,3
2003-04-20,0,,,,,0.0,0.0,0.0,0.0,0
2003-04-21,2,0.0,2.0,0.0,0.0,1.9951085448265076,3.639707119873492e-05,0.0008801408130238085,0.0003464333622104982,2
2003-04-22,15,0.0,14.0,1.0,0.0,10.919647143222392,0.9832675563575323,1.9920185212777137,0.005725307461943796,15
2003-04-23,17,2.0,12.0,3.0,0.0,12.295432145170707,1.9311455059651053,1.0215172830921797,0.07681594038513127,17
2003-04-24,1,0.0,1.0,0.0,0.0,0.977262556552887,0.0002340227802051,0.0001051347717293,2.089530426019337e-05,1
2003-04-25,6,0.0,6.0,0.0,0.0,4.813701396500619,0.978640768103105,0.0022760147494407836,0.00011771697154472349,6
2003-04-26,1,0.0,1.0,0.0,0.0,2.7825373763334937e-05,1.6924408555496484e-05,1.884636185423005e-05,1.2958970728504935e-05,1
2003-04-27,0,,,,,0.0,0.0,0.0,0.0,0
2003-04-28,2,0.0,2.0,0.0,0.0,0.982248646672815,0.0003624903092713147,0.0006648851849602999,5.2749291171494406e-05,2
2003-04-29,2,2.0,0.0,0.0,0.0,3.929718877770938e-05,5.58532901777653e-05,4.467390499485191e-05,2.9645131689903792e-05,2
2003-04-30,4,1.0,2.0,0.0,1.0,0.9521354281896491,8.808862639853032e-05,0.0006807266727263732,0.00023135051469570797,4
2003-05-01,7,0.0,6.0,0.0,1.0,5.934079585651489,0.000161927589942934,1.9784422068551066,0.00010030402245320147,7
2003-05-02,0,,,,,0.0,0.0,0.0,0.0,0
2003-05-03,3,0.0,3.0,0.0,0.0,2.9852488040924072,0.000270648688456211,0.0004419985816639236,4.7319658733613323e-05,3
2003-05-04,0,,,,,0.0,0.0,0.0,0.0,0
2003-05-05,10,1.0,1.0,1.0,7.0,0.9160921075435907,0.02068552792115944,0.4198014604862691,0.017284538849708004,1
2003-05-06,2,0.0,2.0,0.0,0.0,1.0300126522779465,6.150599438115023e-05,9.031513764057308e-05,4.948761124978773e-05,2
2003-05-07,2,1.0,1.0,0.0,0.0,1.0207808148115873,0.0432977925902378,0.0003089910987909715,0.0001531043008071135,2
2003-05-08,4,0.0,2.0,2.0,0.0,1.7932578370528063,6.02400723437313e-05,0.0017452566353311988,0.012633279110559524,4
2003-05-09,6,0.0,3.0,1.0,2.0,0.006329864791041309,0.0002441736050968757,0.9185808492329667,0.0516270510406684,6
2003-05-10,1,0.0,1.0,0.0,0.0,0.9618799686431884,3.0458919354714453e-05,5.930076076765545e-05,3.0315228286781348e-05,1
2003-05-11,0,,,,,0.0,0.0,0.0,0.0,0
2003-05-12,9,4.0,5.0,0.0,0.0,5.0689596850425005,3.879580562521369,1.8987492255546383,0.0001233778184541734,9
2003-05-13,0,,,,,0.0,0.0,0.0,0.0,0
2003-05-14,6,0.0,6.0,0.0,0.0,5.975618660449982,0.00017577098515175749,0.03328838509514741,8.64794665176305e-05,6
2003-05-15,4,2.0,2.0,0.0,0.0,2.0038397894240916,0.034558260065750676,0.0034413522498652357,5.8346510741102975e-05,4
2003-05-16,1,0.0,1.0,0.0,0.0,0.95891535282135,4.080517464899458e-05,0.0022682477720081,0.0012463043676689,1
2003-05-17,4,0.0,2.0,2.0,0.0,1.9813864775387628,0.00022526411430582035,0.0002401407873548087,0.012266885709322956,4
2003-05-18,0,,,,,0.0,0.0,0.0,0.0,0
2003-05-19,1,1.0,0.0,0.0,0.0,0.0244358070194721,0.0432813316583633,0.0002855764178093,0.0001379256864311,1
2003-05-20,6,0.0,6.0,0.0,0.0,4.99200542923063,9.941859570972156e-05,0.02005525857202872,0.0014810903321630443,6
2003-05-21,7,0.0,5.0,2.0,0.0,2.991055429309199,0.00041290733861379614,0.0007792569504089539,0.26748250941818696,6
2003-05-22,5,0.0,4.0,0.0,1.0,2.984236466032599,9.879806020762771e-05,0.006314113194093803,7.97145667092991e-05,5
2003-05-23,3,0.0,0.0,0.0,3.0,0.00012178833640064113,5.185207191971131e-05,0.03010198590345669,4.651152175938478e-05,0
2003-05-24,3,0.0,1.0,1.0,1.0,0.5503434951642703,5.9120746300322935e-05,0.11684407621578419,0.003287511467533391,3
2003-05-25,0,,,,,0.0,0.0,0.0,0.0,0
2003-05-26,1,0.0,1.0,0.0,0.0,0.9981327056884766,0.0021377590019255,0.0001017580725601,2.599958133941982e-05,1
2003-05-27,12,0.0,5.0,0.0,7.0,3.28609749377847,0.0005837408116347599,4.075797791387231,0.0002062886705971323,12
2003-05-28,4,0.0,4.0,0.0,0.0,2.958341329358518,7.251188253576402e-05,0.6791724401919055,6.324255718936911e-05,4
2003-05-29,12,0.0,11.0,0.0,1.0,10.64955643994472,0.00032078564618132077,0.0011209242293261357,0.00028526783171400893,12
2003-05-30,7,0.0,7.0,0.0,0.0,5.962325042695738,0.00014032684885023627,0.0005165629918337666,0.00011946618997171754,7
2003-05-31,0,,,,,0.0,0.0,0.0,0.0,0
2003-06-01,0,,,,,0.0,0.0,0.0,0.0,0
2003-06-02,2,0.0,2.0,0.0,0.0,0.136264219880104,6.209409912116826e-05,6.202869553817436e-05,3.8344693166436634e-05,2
2003-06-03,2,0.0,1.0,1.0,0.0,0.9982258685922716,0.002152155206204004,0.00011936621376656692,0.023691913846050697,2
2003-06-04,3,0.0,3.0,0.0,0.0,2.090612232685089,0.00026883049213208434,0.013206755611463299,4.711876408691751e-05,3
2003-06-05,9,3.0,4.0,0.0,2.0,1.9661535746035947,1.9453533247569794,1.0085343152295534,0.0003362000716150992,9
2003-06-06,8,1.0,5.0,1.0,1.0,2.980843857549189,0.8879455103506189,0.016422758922999388,0.003356584454195313,8
2003-06-07,6,0.0,4.0,0.0,2.0,3.9782525653135967,0.003955108297304779,0.012882328119303555,9.574829437042354e-05,6
2003-06-08,0,,,,,0.0,0.0,0.0,0.0,0
2003-06-09,2,0.0,2.0,0.0,0.0,1.9942412972450256,3.426896364544518e-05,0.9486477993414156,2.9785755032207817e-05,2
2003-06-10,3,0.0,1.0,1.0,1.0,0.0008918012372304544,4.857745261688251e-05,0.9814733469738712,0.05413228550787601,3
2003-06-11,2,0.0,1.0,1.0,0.0,0.009577569508110107,3.6070026908419095e-05,3.777802339754998e-05,0.00024657317408126284,1
2003-06-12,5,1.0,3.0,1.0,0.0,1.9559584402541077,0.0002834402475855017,0.001370700772895279,0.024730923056267753,5
2003-06-13,4,0.0,1.0,2.0,1.0,0.1213481315353418,7.719012501183897e-05,0.9686697954712143,0.059610127124869815,4
2003-06-14,11,1.0,9.0,0.0,1.0,4.1057282434776425,0.12189029046839997,2.0002220363312517,0.02248017808051362,11
2003-06-15,0,,,,,0.0,0.0,0.0,0.0,0
2003-06-16,10,0.0,9.0,0.0,1.0,8.689109929837286,0.00029203027770563494,0.11058956451961421,0.0002722530080063734,10
2003-06-17,5,0.0,5.0,0.0,0.0,4.136495396494865,0.0016986828795778927,0.012161693677626059,7.488873507099925e-05,5
2003-06-18,0,,,,,0.0,0.0,0.0,0.0,0
2003-06-19,5,0.0,3.0,0.0,2.0,3.026352528948337,9.024505197885446e-05,1.1199198346657795,0.0002251703890578691,5
2003-06-20,6,0.0,6.0,0.0,0.0,4.953166820749175,0.0001467745350964833,0.011214639296667628,8.686507680977229e-05,6
2003-06-21,0,,,,,0.0,0.0,0.0,0.0,0
2003-06-22,0,,,,,0.0,0.0,0.0,0.0,0
2003-06-23,0,,,,,0.0,0.0,0.0,0.0,0
2003-06-24,11,0.0,9.0,1.0,1.0,2.3352870288508707,0.0008431454716627732,1.4816902799193485,1.00378612743134,10
2003-06-25,6,0.0,6.0,0.0,0.0,3.9530913862399752,0.00022411223835661076,0.0013727753721468176,0.00015770781465107575,6
2003-06-26,8,2.0,4.0,2.0,0.0,5.901413112151204,1.9760247139829517,0.009260246131816379,0.022350031362293393,7
2003-06-27,4,1.0,3.0,0.0,0.0,2.9772675048734527,0.9411694173286377,0.00013384631711232942,6.531997405545553e-05,4
2003-06-28,5,0.0,1.0,0.0,4.0,0.021172742832277283,0.0001226879066962283,1.920761806442897,8.082461317826528e-05,5
2003-06-29,0,,,,,0.0,0.0,0.0,0.0,0
2003-06-30,5,0.0,5.0,0.0,0.0,4.8660202622413635,9.752922960615251e-05,0.006534093703521478,0.00045579768175224057,5
2003-07-01,5,0.0,4.0,0.0,1.0,3.980143824555853,0.003086487549808132,0.36225886318698014,0.00028668292543436143,5
2003-07-02,5,0.0,5.0,0.0,0.0,2.9856404030015256,0.0014760218200535104,0.0003974293686041514,7.88053930591559e-05,4
2003-07-03,1,0.0,1.0,0.0,0.0,0.9972745776176452,1.597602567926515e-05,1.6827065337565728e-05,1.4328981706057675e-05,1
2003-07-04,5,0.0,3.0,0.0,2.0,2.9742859781836155,0.002556124522015828,0.07175034357351223,9.162138121610042e-05,5
2003-07-05,0,,,,,0.0,0.0,0.0,0.0,0
2003-07-06,0,,,,,0.0,0.0,0.0,0.0,0
2003-07-07,0,,,,,0.0,0.0,0.0,0.0,0
2003-07-08,3,1.0,2.0,0.0,0.0,1.9763040206089497,0.0028644353296839236,0.00024580306671839584,5.1498636821634136e-05,2
2003-07-09,7,0.0,1.0,1.0,5.0,0.0026249398069921382,0.00011293496481812326,0.0033512243116999916,0.016919390997827483,6
2003-07-10,9,1.0,5.0,3.0,0.0,1.1396791985789605,0.021179621606279266,0.0005124714234624657,0.040354914327508394,6
2003-07-11,4,0.0,3.0,1.0,0.0,2.9231746193108843,0.0028731274178426074,0.0002677418651728248,0.023740033689136877,4
2003-07-12,2,0.0,2.0,0.0,0.0,0.9513439010479487,4.462137439986691e-05,4.802365037903655e-05,3.99354612454772e-05,2
2003-07-13,0,,,,,0.0,0.0,0.0,0.0,0
2003-07-14,7,0.0,7.0,0.0,0.0,5.891542839934118,0.9847752753075837,0.9786373228416775,0.0001160862857432221,7
2003-07-15,2,0.0,2.0,0.0,0.0,1.9965635538101196,3.3085882023442537e-05,0.25603813572524814,2.7890808269148692e-05,2
2003-07-16,3,0.0,2.0,1.0,0.0,0.0004996537027181485,5.670211794495117e-05,4.959252510161605e-05,0.02261500341046479,2
2003-07-17,5,0.0,5.0,0.0,0.0,3.909759937730996,8.961033108789707e-05,1.8890531277320404,7.383583397313487e-05,5
2003-07-18,4,2.0,1.0,1.0,0.0,1.4511898281125468,1.9443397924924284,0.0004535172829490915,0.023842382672228227,4
2003-07-19,4,0.0,2.0,2.0,0.0,2.0002763867450994,6.563145325344522e-05,0.9329700267007864,0.04987487383368709,4
2003-07-20,0,,,,,0.0,0.0,0.0,0.0,0
2003-07-21,3,1.0,1.0,1.0,0.0,0.3695870949304662,0.9410636148477353,6.223400123417377e-05,0.02369614879717115,3
2003-07-22,15,0.0,10.0,2.0,3.0,8.953903930363595,0.0021787005644000436,1.05642067498411,0.0006274375164138383,15
2003-07-23,7,0.0,4.0,0.0,3.0,3.036550996486767,0.004845889574426045,0.8604156878936918,9.874664556264179e-05,4
2003-07-24,2,0.0,0.0,0.0,2.0,7.833307245164178e-05,8.034268466872163e-05,0.49904333055019373,2.6432282538735308e-05,1
2003-07-25,21,2.0,3.0,4.0,12.0,1.9986103601167995,0.9696187984009157,6.857278606035834,0.013506695695468585,5
2003-07-26,1,0.0,1.0,0.0,0.0,0.9984803795814514,1.6761223378125578e-05,0.9273196458816528,1.4194172763382085e-05,1
2003-07-27,0,,,,,0.0,0.0,0.0,0.0,0
2003-07-28,3,0.0,0.0,2.0,1.0,0.00018172179079550897,0.0001427531105945554,0.0008694071184435727,0.12737267348529702,3
2003-07-29,2,0.0,2.0,0.0,0.0,0.9944620221031074,3.859758908220101e-05,3.903192737197969e-05,2.785281958495034e-05,2
2003-07-30,5,2.0,1.0,1.0,1.0,0.006763066694475044,1.8622162226529326,0.036240272285795024,7.641195134056034e-05,5
2003-07-31,4,0.0,3.0,0.0,1.0,2.0065250400512014,0.0022010858174325142,0.02098416059743596,7.442221703968244e-05,3
2003-08-01,4,0.0,2.0,0.0,2.0,0.010680529932869668,0.00012875551692559384,0.052695390122607794,0.0012053877471770265,4
2003-08-02,3,0.0,3.0,0.0,0.0,0.9996452203940862,0.0003235259209759091,0.0008904531878215154,4.070302929903846e-05,3
2003-08-03,0,,,,,0.0,0.0,0.0,0.0,0
2003-08-04,8,0.0,8.0,0.0,0.0,3.9401255430311717,0.00016454849810543237,0.00032192000162467593,0.00012178963243059115,7
2003-08-05,7,1.0,5.0,0.0,1.0,3.97218048794457,0.0005775080990132668,0.06108802104427008,0.00010600502264423994,7
2003-08-06,1,0.0,1.0,0.0,0.0,0.1683201938867569,2.220373062300496e-05,5.023164339945652e-05,1.3728772501053754e-05,1
2003-08-07,4,0.0,2.0,0.0,2.0,1.9490381233990774,0.0008426225140283327,0.0002759099807007931,8.760652599448804e-05,4
2003-08-08,10,0.0,10.0,0.0,0.0,7.701409052644521,0.0002731941422098316,0.0005049258634244325,0.0002679420740605565,10
2003-08-09,16,0.0,13.0,3.0,0.0,11.779754538751147,0.0023766127578700603,0.0054815624262110054,0.0022465806005128293,16
2003-08-10,0,,,,,0.0,0.0,0.0,0.0,0
2003-08-11,3,0.0,3.0,0.0,0.0,0.03850453749873842,6.0121687056380324e-05,0.013558463418121381,3.845766877930146e-05,3
2003-08-12,10,4.0,4.0,0.0,2.0,0.04743810509444267,0.022056591493310355,0.041693100027259705,0.00013354468410398113,10
2003-08-13,0,,,,,0.0,0.0,0.0,0.0,0
2003-08-14,1,0.0,1.0,0.0,0.0,0.9834758043289183,1.5234956663334742e-05,0.0010833953274413,2.227460936410353e-05,1
2003-08-15,7,0.0,7.0,0.0,0.0,4.904923118629085,0.0012706889829131455,0.0008232512345784078,0.00010288882094755536,7
2003-08-16,3,0.0,3.0,0.0,0.0,0.06769251493460615,0.031345195357061956,6.29244477750035e-05,7.563238159491448e-05,3
2003-08-17,0,,,,,0.0,0.0,0.0,0.0,0
2003-08-18,2,0.0,2.0,0.0,0.0,1.920987010002136,4.81429942738032e-05,8.873689330357593e-05,0.00013368598411033628,2
2003-08-19,2,0.0,0.0,2.0,0.0,0.00015781996626174077,3.113172533630859e-05,3.982923044532072e-05,0.0347888162359595,2
2003-08-20,0,,,,,0.0,0.0,0.0,0.0,0
2003-08-21,2,0.0,0.0,1.0,1.0,3.790851587837096e-05,3.366341297805775e-05,4.4822243580711074e-05,5.703364604414673e-05,2
2003-08-22,2,1.0,0.0,1.0,0.0,0.0029150797017790855,0.894568234185499,4.021960012323689e-05,4.679567882703851e-05,2
2003-08-23,5,0.0,5.0,0.0,0.0,4.7737902998924255,0.00011894337694684509,0.00010021872003562748,7.306724091904471e-05,5
2003-08-24,0,,,,,0.0,0.0,0.0,0.0,0
2003-08-25,1,0.0,0.0,1.0,0.0,5.7670153182698414e-05,1.4007096979185008e-05,1.8480252037988976e-05,0.0032582087442278,1
2003-08-26,0,,,,,0.0,0.0,0.0,0.0,0
2003-08-27,0,,,,,0.0,0.0,0.0,0.0,0
2003-08-28,0,,,,,0.0,0.0,0.0,0.0,0
2003-08-29,0,,,,,0.0,0.0,0.0,0.0,0
2003-08-30,0,,,,,0.0,0.0,0.0,0.0,0
2003-08-31,0,,,,,0.0,0.0,0.0,0.0,0
2003-09-01,4,0.0,2.0,2.0,0.0,0.9922290760187025,7.692029066674877e-05,8.435625750280451e-05,0.042042149122607904,4
2003-09-02,1,0.0,1.0,0.0,0.0,4.917268597637303e-05,1.7912385374074802e-05,1.713681012915913e-05,1.2907808923046105e-05,1
2003-09-03,1,0.0,1.0,0.0,0.0,0.9968344569206238,1.888002771011088e-05,1.7668275177129544e-05,1.4466160791926086e-05,1
2003-09-04,1,0.0,0.0,0.0,1.0,0.0017533341888338,7.93587023508735e-05,0.1394275575876236,1.6837942894198932e-05,1
2003-09-05,1,0.0,1.0,0.0,0.0,0.9974489212036132,1.522598813608056e-05,5.5266831623157486e-05,1.9778515707002956e-05,1
2003-09-06,0,,,,,0.0,0.0,0.0,0.0,0
2003-09-07,0,,,,,0.0,0.0,0.0,0.0,0
2003-09-08,1,0.0,1.0,0.0,0.0,0.0001153152770712,1.7451540770707652e-05,2.161214979423676e-05,1.371043617837131e-05,1
2003-09-09,2,0.0,2.0,0.0,0.0,1.0240973737090826,0.00010119502258021384,0.001401139423251,3.651113911473658e-05,2
2003-09-10,0,,,,,0.0,0.0,0.0,0.0,0
2003-09-11,1,0.0,0.0,0.0,1.0,4.4372100092004985e-05,4.4052383600501344e-05,0.0544134266674518,1.7654674593359232e-05,1
2003-09-12,0,,,,,0.0,0.0,0.0,0.0,0
2003-09-13,3,0.0,1.0,0.0,2.0,0.006264526284212429,5.7641632338345516e-05,0.9788411846939199,4.0482552321918774e-05,3
2003-09-14,0,,,,,0.0,0.0,0.0,0.0,0
2003-09-15,0,,,,,0.0,0.0,0.0,0.0,0
2003-09-16,0,,,,,0.0,0.0,0.0,0.0,0
2003-09-17,3,0.0,3.0,0.0,0.0,2.9673714637756348,0.025735007296134357,0.0009318639777120243,4.927849568048259e-05,3
2003-09-18,5,0.0,3.0,1.0,1.0,0.0737943704625648,0.00020535059502428305,0.9808264794355637,0.018854530151656786,5
2003-09-19,13,0.0,9.0,0.0,4.0,6.030988402526417,0.0003558351045285235,2.5024446563102174,0.020360428831736433,13
2003-09-20,1,0.0,1.0,0.0,0.0,0.9761345982551576,2.2999280190560967e-05,0.0242230705916881,1.3443903299048545e-05,1
2003-09-21,0,,,,,0.0,0.0,0.0,0.0,0
2003-09-22,2,0.0,2.0,0.0,0.0,0.832843326483271,3.0417341804422904e-05,6.1676395489485e-05,2.615696757857222e-05,2
2003-09-23,1,0.0,1.0,0.0,0.0,0.03915236890316,2.3845441319281235e-05,3.983545320807025e-05,1.417975545336958e-05,1
2003-09-24,2,0.0,1.0,0.0,1.0,0.0006477118840848493,0.00016926876196519665,0.04429453316697613,3.471938816801412e-05,2
2003-09-25,0,,,,,0.0,0.0,0.0,0.0,0
2003-09-26,4,1.0,3.0,0.0,0.0,1.6640207178879791,0.002808911997817541,0.0008879875240380981,7.966718021634733e-05,4
2003-09-27,0,,,,,0.0,0.0,0.0,0.0,0
2003-09-28,0,,,,,0.0,0.0,0.0,0.0,0
2003-09-29,5,1.0,3.0,0.0,1.0,0.9996423779994075,0.3041676564262161,0.00022037098460709936,7.697253658989212e-05,4
2003-09-30,12,0.0,10.0,0.0,2.0,8.688118169055087,0.001614967088243986,1.3468970804387936,0.0003095980118814623,12
2003-10-01,3,1.0,1.0,1.0,0.0,0.00660594400324033,0.9145251393874786,0.000257561028774878,0.0004684045579778251,3
2003-10-02,10,1.0,6.0,1.0,2.0,4.889340619345603,0.9602907797470833,1.90083653297188,0.031485031522606705,10
2003-10-03,3,0.0,2.0,1.0,0.0,0.00026817093748829866,5.110391339258058e-05,9.140889778791461e-05,9.953905919246608e-05,2
2003-10-04,2,0.0,1.0,0.0,1.0,0.005093690835565196,5.855259587406181e-05,0.00034209730802098207,3.348026621097233e-05,2
2003-10-05,0,,,,,0.0,0.0,0.0,0.0,0
2003-10-06,6,0.0,5.0,0.0,1.0,2.196985383961873,0.9822560068014353,0.0002163976587326033,0.00010176179785048589,6
2003-10-07,0,,,,,0.0,0.0,0.0,0.0,0
2003-10-08,5,0.0,3.0,1.0,1.0,0.0020488111622398147,0.0001709387715891008,0.0008543316453142091,0.0014789597471462034,3
2003-10-09,1,0.0,0.0,0.0,1.0,1.8545355487731285e-05,1.7433792891097255e-05,4.6427929191850126e-05,1.3957454029878136e-05,1
2003-10-10,0,,,,,0.0,0.0,0.0,0.0,0
2003-10-11,0,,,,,0.0,0.0,0.0,0.0,0
2003-10-12,0,,,,,0.0,0.0,0.0,0.0,0
2003-10-13,1,0.0,1.0,0.0,0.0,0.990918755531311,1.558662552270107e-05,0.0002460583054926,0.0001389414974255,1
2003-10-14,0,,,,,0.0,0.0,0.0,0.0,0
2003-10-15,5,1.0,3.0,0.0,1.0,2.984034958346456,0.9303954185843396,1.014895154197802,7.135239957278827e-05,5
2003-10-16,3,0.0,3.0,0.0,0.0,0.1525687819812446,6.323011257336475e-05,0.00010875953557842877,4.781181996804662e-05,3
2003-10-17,5,2.0,0.0,0.0,3.0,0.01418352693508494,0.9877840528415619,1.090567704039131,6.78566921124002e-05,5
2003-10-18,1,0.0,1.0,0.0,0.0,0.0943573266267776,3.213725722162053e-05,2.3822198272682726e-05,1.7985499653150328e-05,1
2003-10-19,0,,,,,0.0,0.0,0.0,0.0,0
2003-10-20,4,0.0,3.0,1.0,0.0,1.0023866112805988,7.744621689198539e-05,0.00011496304978209082,0.0003556520669006289,2
2003-10-21,2,1.0,1.0,0.0,0.0,1.879342257976532,0.9851343707377964,0.0017336980217805692,2.8396352718118578e-05,2
2003-10-22,8,1.0,5.0,0.0,2.0,3.9874797177799333,0.09555842916961405,0.8193954149064666,0.0001240319388671196,8
2003-10-23,6,0.0,2.0,1.0,3.0,0.9252582405115387,0.00015391163560707355,0.9881909061859914,0.034801797560248766,5
2003-10-24,5,1.0,4.0,0.0,0.0,1.9976622392423449,0.01772151246404951,0.0008028921538424264,9.216256603394868e-05,5
2003-10-25,4,0.0,2.0,1.0,1.0,1.002391149471805,6.308055526460521e-05,0.006487027130788092,0.0055145876367532695,4
2003-10-26,0,,,,,0.0,0.0,0.0,0.0,0
2003-10-27,0,,,,,0.0,0.0,0.0,0.0,0
2003-10-28,6,1.0,5.0,0.0,0.0,4.13375451695174,0.029664834596587614,0.03053806904972578,0.0002377724586039205,6
2003-10-29,16,2.0,14.0,0.0,0.0,15.812959671020506,1.9640529817988863,0.978975589658148,0.0004067871986989234,16
2003-10-30,7,1.0,6.0,0.0,0.0,6.024120286107062,0.9815168066133992,0.9879396037576953,0.000129580233078741,7
2003-10-31,3,1.0,1.0,0.0,1.0,0.9947195943077531,8.473306843370665e-05,0.00011562282998056617,4.749092477140948e-05,3
2003-11-01,0,,,,,0.0,0.0,0.0,0.0,0
2003-11-02,0,,,,,0.0,0.0,0.0,0.0,0
2003-11-03,6,0.0,6.0,0.0,0.0,4.976504888385534,0.00011588930010475451,0.0003859699936582776,9.7873234153667e-05,6
2003-11-04,11,0.0,9.0,1.0,1.0,7.0443512697293045,0.00024664167995069874,1.7351938630517905,0.01818808955431444,9
2003-11-05,5,1.0,4.0,0.0,0.0,1.1589559083804488,0.9566549276933072,0.0006648196867897558,0.026558503679552793,5
2003-11-06,6,0.0,6.0,0.0,0.0,1.2225273757940158,0.008123154757413324,0.0008302816368086136,0.0001247972140845377,6
2003-11-07,20,1.0,16.0,0.0,3.0,8.15006896104569,0.00042439502158231335,0.09315857627188923,0.00036598750466509955,20
2003-11-08,4,0.0,4.0,0.0,0.0,3.638244152069092,0.12298414678480173,0.0021023540230088677,0.00020736894475703593,4
2003-11-09,0,,,,,0.0,0.0,0.0,0.0,0
2003-11-10,3,0.0,2.0,1.0,0.0,1.9926852853241144,5.615210739051691e-05,7.498451304854825e-05,0.0014559055116477825,3
2003-11-11,1,0.0,1.0,0.0,0.0,0.9972184896469116,1.4156476026983e-05,1.3207662959757728e-05,1.3028065950493328e-05,1
2003-11-12,10,2.0,7.0,1.0,0.0,5.017444984792746,1.0913066566963607,0.025985282705732835,0.023868511491855284,10
2003-11-13,5,0.0,3.0,1.0,1.0,1.0397670158672552,0.00010239361654384993,0.006943906617379951,0.01841179516122792,5
2003-11-14,4,0.0,3.0,0.0,1.0,2.0565320831155987,0.00010178427692153491,0.0003381740170879626,6.643209962930996e-05,4
2003-11-15,3,0.0,2.0,1.0,0.0,0.0011657913746601994,4.564080518321134e-05,6.844618383183843e-05,0.0009155405941782129,3
2003-11-16,0,,,,,0.0,0.0,0.0,0.0,0
2003-11-17,0,,,,,0.0,0.0,0.0,0.0,0
2003-11-18,5,0.0,5.0,0.0,0.0,2.921110328854411,0.00013159071568225045,0.00011190560417162487,7.584522791148629e-05,5
2003-11-19,0,,,,,0.0,0.0,0.0,0.0,0
2003-11-20,5,0.0,5.0,0.0,0.0,2.0059789182505483,0.003540620294188498,0.00038607754504476347,7.109434682206484e-05,5
2003-11-21,4,0.0,4.0,0.0,0.0,2.8419155954252346,7.938312865007902e-05,0.36031762732091005,6.078253045416204e-05,4
2003-11-22,1,0.0,1.0,0.0,0.0,0.995546817779541,1.865144440671429e-05,1.81800114660291e-05,1.61742718773894e-05,1
2003-11-23,0,,,,,0.0,0.0,0.0,0.0,0
2003-11-24,3,1.0,1.0,0.0,1.0,0.9882138472275984,0.023073152186043302,0.9926401942502707,6.673530151601881e-05,3
2003-11-25,10,0.0,7.0,2.0,1.0,4.559524044298087,0.006252511147067617,0.9730424018443955,0.007360522384260359,10
2003-11-26,6,0.0,6.0,0.0,0.0,1.0322451033862303,0.0013284613705763562,0.0009315871066063688,0.0013792227546218672,6
2003-11-27,12,0.0,12.0,0.0,0.0,10.9284068637171,0.013555616415032957,2.8688890794264807,0.00030512695957434974,12
2003-11-28,4,0.0,3.0,0.0,1.0,1.9830218907518429,7.322500641748775e-05,0.0004070075847266369,6.182223023643019e-05,4
2003-11-29,11,0.0,10.0,0.0,1.0,5.581933154724538,0.018140660165954385,1.0169654989913395,0.04233440280040646,11
2003-11-30,0,,,,,0.0,0.0,0.0,0.0,0
2003-12-01,2,0.0,0.0,0.0,2.0,4.022113444079878e-05,2.67697232629871e-05,0.0016883524804143018,2.960189522127621e-05,2
2003-12-02,5,0.0,4.0,0.0,1.0,2.9731975037138905,0.00208142652809323,0.9852408379956614,0.0006148145348560373,5
2003-12-03,3,0.0,2.0,0.0,1.0,1.0496951858513055,7.437655403919052e-05,1.0718546826392412,4.743173121823929e-05,3
2003-12-04,8,1.0,7.0,0.0,0.0,2.298126279958524,0.9710559486229614,0.0004436893868841347,0.00013694242079509422,8
2003-12-05,5,0.0,4.0,0.0,1.0,3.8838374730275973,9.962974036170635e-05,0.8439603512852044,7.854781051719328e-05,5
2003-12-06,2,0.0,0.0,0.0,2.0,0.005091313559205375,3.314945752208587e-05,0.972630980097165,2.7471552130009513e-05,2
2003-12-07,0,,,,,0.0,0.0,0.0,0.0,0
2003-12-08,4,0.0,3.0,0.0,1.0,1.9759148117027507,8.865042400429957e-05,0.00472119783444213,5.881877677893499e-05,4
2003-12-09,6,0.0,4.0,0.0,2.0,3.8272908745166205,0.0014274645536714408,0.02234338303060204,0.00012240127489349106,6
2003-12-10,9,0.0,9.0,0.0,0.0,5.826426571811681,0.000226049200136913,0.0003047568316105753,0.00017606547498871805,9
2003-12-11,6,0.0,5.0,1.0,0.0,1.24915671312192,0.0001552785815874813,0.00016247031999228057,0.057557678555895025,6
2003-12-12,12,0.0,10.0,1.0,1.0,5.899435010593152,0.0007357458262049384,0.1271660087295458,0.05349754330472909,12
2003-12-13,9,0.0,8.0,0.0,1.0,6.022500459337607,0.9407248741426883,0.6223504361487356,0.00013758273507846752,9
2003-12-14,0,,,,,0.0,0.0,0.0,0.0,0
2003-12-15,10,0.0,6.0,0.0,4.0,4.168816106630402,0.00221568146025668,1.9538197257825232,0.0001462682594137732,9
2003-12-16,3,0.0,1.0,2.0,0.0,0.00031297512032313725,4.6362521970877424e-05,0.00013345353545446415,0.03816272355470564,3
2003-12-17,1,1.0,0.0,0.0,0.0,2.1493982785614207e-05,2.804401992761996e-05,2.0457704522414133e-05,1.438097569916863e-05,0
2003-12-18,22,0.0,19.0,0.0,3.0,14.983577570648775,0.00056332264921366,0.8561054924975904,0.0005262209369902848,20
2003-12-19,15,0.0,10.0,0.0,5.0,7.089989062462337,0.010445027683090283,4.633408548959778,0.00024145469342329307,14
2003-12-20,2,0.0,1.0,1.0,0.0,0.8433270884288504,3.618665868998505e-05,0.00032197260406966236,0.012425993604665559,1
2003-12-21,0,,,,,0.0,0.0,0.0,0.0,0
2003-12-22,2,0.0,1.0,0.0,1.0,0.007457638464984385,0.00011494988393678796,0.946767275687307,0.00033546227859907927,2
2003-12-23,1,0.0,0.0,0.0,1.0,7.422317867167294e-05,1.7411750377505086e-05,0.0064384532161056,1.41434466058854e-05,1
2003-12-24,3,1.0,2.0,0.0,0.0,0.947635841090232,0.9689272296454874,0.0004658026282412098,0.3419739415212461,3
2003-12-25,1,0.0,0.0,1.0,0.0,3.624907185439952e-05,1.434576370229479e-05,3.5392684367252514e-05,0.0008905113209038,1
2003-12-26,0,,,,,0.0,0.0,0.0,0.0,0
2003-12-27,3,0.0,2.0,0.0,1.0,0.09596584155224251,6.581137313332874e-05,0.013424277407466299,4.298145267966902e-05,3
2003-12-28,0,,,,,0.0,0.0,0.0,0.0,0
2003-12-29,9,1.0,2.0,1.0,5.0,1.8246670282642297,0.0030077776737014597,1.1367437832868743,0.005600224226327548,9
2003-12-30,13,0.0,9.0,0.0,4.0,8.757582925409224,0.00501623112359071,2.580169681747975,0.0002720410384426941,13
2003-12-31,0,,,,,0.0,0.0,0.0,0.0,0
2004-01-01,0,,,,,0.0,0.0,0.0,0.0,0
2004-01-02,1,0.0,1.0,0.0,0.0,0.9989473223686218,0.0011893536429852,0.0003515081480145,1.441144740965683e-05,1
2004-01-03,2,0.0,2.0,0.0,0.0,0.9971410517100593,3.0325435545819346e-05,6.23489231657004e-05,2.8176828891446348e-05,2
2004-01-04,0,,,,,0.0,0.0,0.0,0.0,0
2004-01-05,2,0.0,2.0,0.0,0.0,1.991736114025116,3.064438351429999e-05,3.498282239888795e-05,2.8096509595343377e-05,2
2004-01-06,3,0.0,1.0,1.0,1.0,0.027525135647010705,9.509685696684755e-05,0.04553354707968531,0.054141911784426996,3
2004-01-07,4,0.0,3.0,0.0,1.0,1.125127987191263,9.841763494478073e-05,0.0001029827217280399,6.824011506978422e-05,4
2004-01-08,3,1.0,0.0,0.0,2.0,0.002976088448121944,0.8945852075885341,0.43396823795592354,4.146634182689013e-05,3
2004-01-09,5,1.0,2.0,1.0,1.0,1.9315965276964562,0.9886043847618566,0.0010326334477212483,0.029909027433859505,5
2004-01-10,2,0.0,0.0,1.0,1.0,0.18639384722337118,0.0065541524672880335,0.8782963732628559,0.005491571906531956,2
2004-01-11,0,,,,,0.0,0.0,0.0,0.0,0
2004-01-12,2,0.0,2.0,0.0,0.0,1.0009353552013636,4.920328501611948e-05,5.378585592552554e-05,3.3313724998151883e-05,2
2004-01-13,4,0.0,0.0,1.0,3.0,0.00017956859846890438,6.976499389566015e-05,2.842976365567665,0.001364176374408903,4
2004-01-14,3,0.0,2.0,0.0,1.0,0.06889414400939131,5.2455844524956774e-05,6.24127897026483e-05,3.933578773285262e-05,2
2004-01-15,5,0.0,3.0,0.0,2.0,1.9937180886972785,9.034168215293903e-05,0.37960217238651234,6.879128613945795e-05,5
2004-01-16,12,0.0,9.0,0.0,3.0,8.330525917348496,0.0007924604160506734,3.369567416100835,0.003854178024084789,11
2004-01-17,3,0.0,2.0,1.0,0.0,2.005517936311662,0.0004947462584823103,0.9270996479135645,0.9625585276126004,3
2004-01-18,0,,,,,0.0,0.0,0.0,0.0,0
2004-01-19,7,0.0,6.0,0.0,1.0,3.987370078541062,0.00011325382365612313,0.1485908417107565,0.04755687692249912,7
2004-01-20,1,0.0,1.0,0.0,0.0,2.3183894882095046e-05,1.923247509694193e-05,1.8840215489035472e-05,1.53961173054995e-05,1
2004-01-21,22,0.0,21.0,0.0,1.0,18.950066041725222,0.0013943268422735662,0.22506515604800312,0.17654788897107182,22
2004-01-22,5,0.0,3.0,0.0,2.0,2.0379649444039387,0.003840560373646427,0.007850499696360126,7.197689683380304e-05,5
2004-01-23,2,0.0,1.0,0.0,1.0,0.01553826542294697,4.321320739109069e-05,8.76230733410921e-05,3.4204964322270826e-05,2
2004-01-24,0,,,,,0.0,0.0,0.0,0.0,0
2004-01-25,0,,,,,0.0,0.0,0.0,0.0,0
2004-01-26,0,,,,,0.0,0.0,0.0,0.0,0
2004-01-27,15,2.0,8.0,0.0,5.0,4.157847781509189,1.1346269270607081,1.9070318635267538,0.0002454016985211638,15
2004-01-28,6,1.0,5.0,0.0,0.0,3.9211557170783635,0.1608429102543596,0.0013404876990534078,0.05238674807151251,6
2004-01-29,13,0.0,12.0,1.0,0.0,10.215132149925921,0.0003809248155448586,0.0002552835976530332,0.06447679683060405,13
2004-01-30,4,0.0,3.0,0.0,1.0,1.1032419805796962,0.00010339014716009842,0.29874502676011616,7.743911100988043e-05,4
2004-01-31,0,,,,,0.0,0.0,0.0,0.0,0
2004-02-01,0,,,,,0.0,0.0,0.0,0.0,0
2004-02-02,8,1.0,6.0,0.0,1.0,1.1034000774798183,0.0001756835790729383,0.00029169125264161266,0.00012725224678433733,8
2004-02-03,2,0.0,0.0,1.0,1.0,0.00024203873908841284,7.78692883613985e-05,0.0032080574001156444,0.0123288168106227,2
2004-02-04,5,0.0,4.0,0.0,1.0,1.9931926434410343,0.00010907130490522832,0.0012318975059315144,7.737975738564273e-05,5
2004-02-05,1,0.0,0.0,0.0,1.0,2.09229692700319e-05,1.620737020857632e-05,2.123993181157857e-05,1.3855521501682231e-05,1
2004-02-06,2,1.0,0.0,0.0,1.0,0.00011888367589563131,0.0040403444436378205,0.9874070624173328,8.990228161565028e-05,2
2004-02-07,3,1.0,2.0,0.0,0.0,1.9800130245275795,0.007883278909503065,0.9922456721469642,4.978481138095958e-05,3
2004-02-08,0,,,,,0.0,0.0,0.0,0.0,0
2004-02-09,5,0.0,5.0,0.0,0.0,4.95936793088913,0.00016958975902525708,8.871593126968946e-05,8.400612205150537e-05,5
2004-02-10,2,0.0,1.0,0.0,1.0,0.0017917238055815297,0.00010724884123192169,8.708463792572729e-05,3.316275069664698e-05,2
2004-02-11,7,1.0,5.0,0.0,1.0,1.1046574206011426,0.006008566488162609,0.29976648459069105,0.00013632970421895152,7
2004-02-12,3,0.0,3.0,0.0,0.0,2.006258249282837,0.006794002158130608,0.0639606084550905,0.00033042181530617805,3
2004-02-13,2,1.0,0.0,1.0,0.0,8.685342436365318e-05,4.646395791496616e-05,4.608195922628511e-05,0.011137845332996136,2
2004-02-14,0,,,,,0.0,0.0,0.0,0.0,0
2004-02-15,0,,,,,0.0,0.0,0.0,0.0,0
2004-02-16,3,0.0,3.0,0.0,0.0,2.984809398651123,8.521357813151553e-05,6.569010292878374e-05,5.4913078201934695e-05,3
2004-02-17,7,0.0,5.0,1.0,1.0,1.9292287279640727,0.00023964916726981755,0.0070494464362126814,0.018892002886786836,7
2004-02-18,2,0.0,1.0,0.0,1.0,0.961894270839366,4.34388239227701e-05,0.00011345734674250707,4.18803610955365e-05,2
2004-02-19,5,0.0,5.0,0.0,0.0,3.9966419107513502,0.0001514346840849612,8.861697278916836e-05,9.018110540637281e-05,5
2004-02-20,8,1.0,7.0,0.0,0.0,5.37080927164061,0.02403387679078144,0.0002381713657086948,0.00013514280544768553,8
2004-02-21,1,0.0,1.0,0.0,0.0,0.0051769251003861,3.707745054271072e-05,5.777682963525877e-05,1.859051735664252e-05,1
2004-02-22,0,,,,,0.0,0.0,0.0,0.0,0
2004-02-23,2,0.0,1.0,0.0,1.0,0.9986484982200637,5.684403731720522e-05,5.023993435315788e-05,3.179077430104371e-05,2
2004-02-24,6,0.0,2.0,0.0,4.0,1.0306465019784807,0.0009048328847711214,1.9266660819430397,8.911766599339899e-05,6
2004-02-25,13,1.0,8.0,0.0,4.0,6.412341901926993,0.24782428864818914,2.1839646540393005,0.00135669920109646,13
2004-02-26,12,0.0,10.0,2.0,0.0,4.014622641730966,0.003349579727000537,0.0008350059961229827,0.09733907052668639,12
2004-02-27,8,0.0,5.0,1.0,2.0,4.958577849611174,0.03461766492182468,1.9580066829421412,0.004815146096916519,8
2004-02-28,2,0.0,1.0,1.0,0.0,0.9990026416198815,4.7643587095080875e-05,5.1515364248189144e-05,0.05412583357065151,2
2004-02-29,0,,,,,0.0,0.0,0.0,0.0,0
2004-03-01,2,0.0,2.0,0.0,0.0,1.9966244101524353,6.76907948218286e-05,4.3896983697777614e-05,3.939294765586965e-05,2
2004-03-02,3,0.0,2.0,0.0,1.0,0.9990393727402989,6.432502323150402e-05,9.352690722153056e-05,5.0603078307176474e-05,2
2004-03-03,0,,,,,0.0,0.0,0.0,0.0,0
2004-03-04,2,0.0,1.0,0.0,1.0,0.0033388641895724996,3.340039802424144e-05,0.005841164735102196,0.0006732978254149036,2
2004-03-05,8,0.0,3.0,1.0,4.0,0.06779640165041176,0.0003026136964763282,0.07316205264214622,0.006059424824343245,8
2004-03-06,0,,,,,0.0,0.0,0.0,0.0,0
2004-03-07,0,,,,,0.0,0.0,0.0,0.0,0
2004-03-08,7,0.0,6.0,0.0,1.0,4.282723971922678,0.00022348339552991092,0.18889790726097996,0.0001221281318066758,7
2004-03-09,7,1.0,3.0,2.0,1.0,0.06080649283285305,0.00020299400694057113,0.0014125032876107957,0.00044466271083359144,7
2004-03-10,3,0.0,3.0,0.0,0.0,2.979954481124878,7.267404907906894e-05,7.839793033781461e-05,4.910508323519025e-05,3
2004-03-11,5,0.0,0.0,1.0,4.0,0.0289650172890104,0.00010281386130372994,1.08854795343359,0.004249624854310092,5
2004-03-12,4,1.0,3.0,0.0,0.0,2.9789390694350004,0.9413521641345143,0.00010637074774422216,6.226768346095923e-05,4
2004-03-13,6,0.0,2.0,1.0,3.0,1.0294345374786642,0.028436908596631814,0.6420363824672677,0.026359613920249103,6
2004-03-14,0,,,,,0.0,0.0,0.0,0.0,0
2004-03-15,2,0.0,2.0,0.0,0.0,0.2417842671275138,8.2978618593188e-05,4.370725218905136e-05,4.748204264615197e-05,2
2004-03-16,10,2.0,8.0,0.0,0.0,4.2933652609353885,0.03342156954022346,0.00022934744629310444,0.00016636503460176755,10
2004-03-17,11,1.0,5.0,0.0,5.0,3.9995807536652137,0.025662108101641903,1.7887794933103576,0.00021509459020307986,10
2004-03-18,5,1.0,4.0,0.0,0.0,1.0050459733683965,0.003339665086968975,0.00012889999925391749,0.0009495879048699666,4
2004-03-19,3,0.0,1.0,1.0,1.0,0.0001421652086719405,4.656679902836913e-05,0.015098246861271024,0.0023261146434378744,2
2004-03-20,3,0.0,3.0,0.0,0.0,2.9398707151412964,0.001163273331258004,0.00041832075839913485,0.0001030727462421055,3
2004-03-21,0,,,,,0.0,0.0,0.0,0.0,0
2004-03-22,1,0.0,1.0,0.0,0.0,0.0017053437186405,3.4880577004514635e-05,2.8159000066807494e-05,1.8877130059991032e-05,1
2004-03-23,5,0.0,4.0,0.0,1.0,2.0328186721308157,0.0011919151511391962,0.9740835031934695,0.00012862092171417316,5
2004-03-24,6,0.0,5.0,1.0,0.0,2.9971563757717377,0.004667467401304744,0.0008953587930590678,0.023750522253067143,6
2004-03-25,4,0.0,0.0,1.0,3.0,0.00022096673637854065,5.632625652651768e-05,0.01650846936536253,0.06423625250590703,1
2004-03-26,6,0.0,3.0,0.0,3.0,1.0084605892188845,0.0007486334434360111,2.102393201150335,0.00012681965836236486,6
2004-03-27,1,0.0,1.0,0.0,0.0,0.0005158037529326,1.655387313803658e-05,1.822473495849408e-05,1.2905465155199636e-05,1
2004-03-28,0,,,,,0.0,0.0,0.0,0.0,0
2004-03-29,9,0.0,8.0,1.0,0.0,6.054627949371934,0.0035345924025021996,0.0007067222522891016,0.944252807678822,9
2004-03-30,6,0.0,3.0,0.0,3.0,1.874798945722432,0.00033459174301240656,0.02065461377333114,0.006362504840581048,5
2004-03-31,0,,,,,0.0,0.0,0.0,0.0,0
2004-04-01,2,0.0,1.0,1.0,0.0,0.9776448676129803,0.004034151090309,0.007075350948070978,0.009249763526895518,2
2004-04-02,5,0.0,1.0,3.0,1.0,0.00794574738938536,7.97742750364705e-05,0.0505810331942484,0.04593803982970692,5
2004-04-03,4,0.0,2.0,1.0,1.0,1.9676896484161261,9.966087509383215e-05,0.013720849927267326,0.034183865404884245,4
2004-04-04,0,,,,,0.0,0.0,0.0,0.0,0
2004-04-05,2,0.0,1.0,1.0,0.0,0.9961848498787729,0.00013603147817769088,0.0005917926173423461,0.005489003243383131,2
2004-04-06,10,0.0,8.0,1.0,1.0,5.9970456177325095,0.00023671876078878995,0.1279711091356148,0.00017489456513430923,10
2004-04-07,1,0.0,1.0,0.0,0.0,0.0058254445903003,1.8987931980518624e-05,1.687669282546267e-05,1.5543429981335066e-05,0
2004-04-08,1,0.0,1.0,0.0,0.0,0.9073108434677124,9.424780000699684e-05,0.0678783059120178,1.996172613871749e-05,1
2004-04-09,4,0.0,4.0,0.0,0.0,2.991450250527123,0.0001135218990384601,7.813441698090173e-05,6.459922497015214e-05,4
2004-04-10,0,,,,,0.0,0.0,0.0,0.0,0
2004-04-11,0,,,,,0.0,0.0,0.0,0.0,0
2004-04-12,10,0.0,10.0,0.0,0.0,1.6025855019688604,0.00030066375256865285,0.00030438297471846454,0.00018845387603505517,10
2004-04-13,19,1.0,18.0,0.0,0.0,1.1584325815274497,0.9463438366474293,0.0005610031012110994,0.00035065530028077774,19
2004-04-14,13,0.0,13.0,0.0,0.0,5.0026691738548825,0.00032182402992475545,0.0003634195945778629,0.0006343931399896343,13
2004-04-15,2,0.0,2.0,0.0,0.0,0.0109200335573404,7.527593697886914e-05,6.317290899460204e-05,4.6064926209510304e-05,2
2004-04-16,1,0.0,1.0,0.0,0.0,0.0063402946107089,1.591473483131267e-05,1.5490077203139663e-05,1.2688712558883708e-05,1
2004-04-17,1,0.0,1.0,0.0,0.0,0.9860402345657348,5.845943815074861e-05,0.0266989283263683,1.635016997170169e-05,1
2004-04-18,0,,,,,0.0,0.0,0.0,0.0,0
2004-04-19,1,0.0,0.0,0.0,1.0,2.8017610020469878e-05,1.3394320376391988e-05,0.0013277693651616,1.2480123587010894e-05,1
2004-04-20,4,0.0,1.0,1.0,2.0,0.2810737669060471,7.342394019360654e-05,0.7804946620708506,0.023709737971330427,4
2004-04-21,5,0.0,5.0,0.0,0.0,3.9901362417604105,0.0001253225727850804,9.353464156447444e-05,7.463904512405861e-05,5
2004-04-22,3,1.0,2.0,0.0,0.0,0.0446668439180938,0.10059497812108012,0.00019372329552420157,5.938911453995388e-05,3
2004-04-23,1,0.0,1.0,0.0,0.0,0.9978881478309632,0.0041052312590181,0.0005098166875541,1.3993131688039284e-05,1
2004-04-24,12,0.0,7.0,1.0,4.0,3.8829541787854396,0.00030478675762424245,3.7530421797400773,0.017838644517723705,12
2004-04-25,0,,,,,0.0,0.0,0.0,0.0,0
2004-04-26,3,0.0,3.0,0.0,0.0,0.9994661624514265,0.005059845891082618,0.0007713005925324019,5.073209285910707e-05,3
2004-04-27,10,0.0,10.0,0.0,0.0,6.643286373117007,0.0002824520124704577,0.8011546816405825,0.00029823967634001747,10
2004-04-28,1,0.0,1.0,0.0,0.0,0.9704196453094482,5.035879075876437e-05,0.0004557379579637,0.0002364579995628,1
2004-04-29,1,0.0,1.0,0.0,0.0,0.0002079848491121,1.5006827197794337e-05,1.352499566564802e-05,1.2163976862211712e-05,1
2004-04-30,4,0.0,3.0,0.0,1.0,1.10729004197492,8.270219677797286e-05,0.029957249562357877,0.0004910479747195398,3
2004-05-01,0,,,,,0.0,0.0,0.0,0.0,0
2004-05-02,0,,,,,0.0,0.0,0.0,0.0,0
2004-05-03,8,0.0,8.0,0.0,0.0,3.3276823461055756,0.00023268683071364649,0.00020566943385347258,0.00013933062018622874,8
2004-05-04,11,1.0,8.0,1.0,1.0,2.9962334510655633,0.027843758745802832,0.029301340528036197,0.6564752928134111,10
2004-05-05,9,0.0,9.0,0.0,0.0,8.96993362903595,0.00023843361668696161,0.0001906887900986476,0.00016393676014558878,9
2004-05-06,15,1.0,9.0,0.0,5.0,4.094071910802086,0.9721695442785858,1.0372944129285315,0.0002693206397452741,14
2004-05-07,5,0.0,5.0,0.0,0.0,2.108026869595051,0.0007790671370457267,0.0009472783640375254,0.00012753793816955294,5
2004-05-08,7,0.0,6.0,0.0,1.0,5.002810416277497,0.005796280916911042,0.13057454751833558,0.00043721828114933245,7
2004-05-09,0,,,,,0.0,0.0,0.0,0.0,0
2004-05-10,0,,,,,0.0,0.0,0.0,0.0,0
2004-05-11,5,0.0,1.0,0.0,4.0,0.6247282709518911,0.0010116500534420943,3.0338526986106444,8.093330052361125e-05,5
2004-05-12,4,1.0,1.0,0.0,2.0,1.0042385010092403,0.0005420885008788046,0.9980038175435765,5.664267791871679e-05,4
2004-05-13,5,0.0,4.0,0.0,1.0,3.0021666871616617,0.00020479537761270195,0.9649059841958659,0.01724528410159103,5
2004-05-14,5,0.0,5.0,0.0,0.0,3.062416253145784,0.00018660891328181606,0.00010831805775524117,9.5826657343423e-05,5
2004-05-15,3,1.0,1.0,0.0,1.0,0.030223067429687875,0.00042683434730853215,0.07289777126607075,5.216322733758716e-05,3
2004-05-16,0,,,,,0.0,0.0,0.0,0.0,0
2004-05-17,2,1.0,1.0,0.0,0.0,0.0002246028889203239,4.0192134292738046e-05,3.46174983860692e-05,2.6595613235258497e-05,2
2004-05-18,4,0.0,3.0,0.0,1.0,1.0667642302578313,0.03808281564670322,0.9821540875909704,0.004685240426624575,4
2004-05-19,6,0.0,5.0,0.0,1.0,1.995167126164233,0.00227352161527954,0.0003514056215862656,0.00012685197816608706,6
2004-05-20,7,1.0,6.0,0.0,0.0,4.746631979942322,0.9457989101292696,0.0005541471164178217,0.0005242067727521913,7
2004-05-21,1,0.0,0.0,0.0,1.0,0.0053157424554228,0.0291532464325428,0.0297615248709917,5.55167134734802e-05,1
2004-05-22,5,0.0,5.0,0.0,0.0,3.002385196625255,0.00018811639347404707,0.00011118631482531782,0.00010153306538995821,5
2004-05-23,0,,,,,0.0,0.0,0.0,0.0,0
2004-05-24,1,0.0,1.0,0.0,0.0,0.0063403123058378,1.5914727555355057e-05,1.549006992718205e-05,1.268871346837841e-05,1
2004-05-25,1,0.0,1.0,0.0,0.0,0.9854774475097656,1.998472725972533e-05,3.259105869801715e-05,1.6522533769602887e-05,1
2004-05-26,1,0.0,1.0,0.0,0.0,0.0004776314017362,7.994036423042417e-05,2.3987535314518027e-05,3.7827136111445725e-05,1
2004-05-27,3,0.0,3.0,0.0,0.0,0.1298659611493347,0.0070757406065239,0.0002390860972808401,6.260244845179841e-05,3
2004-05-28,1,1.0,0.0,0.0,0.0,0.0049228724092245,0.8875382542610168,1.984918708330952e-05,1.220524609379936e-05,1
2004-05-29,4,0.0,2.0,0.0,2.0,1.6932139158743666,8.56609931361163e-05,0.0007212180753412664,6.215291705302661e-05,4
2004-05-30,0,,,,,0.0,0.0,0.0,0.0,0
2004-05-31,2,1.0,0.0,0.0,1.0,0.04938938706618498,4.052823351230472e-05,0.9090894981472957,2.6519058337726165e-05,2
2004-06-01,3,0.0,3.0,0.0,0.0,1.022934093896765,0.021680926489352662,0.000506131305883035,4.7541497224301565e-05,3
2004-06-02,6,0.0,5.0,1.0,0.0,3.980035951419268,0.005292079944410772,0.0010764563667179897,0.005572136539740306,6
2004-06-03,4,0.0,3.0,0.0,1.0,0.07970108685549339,0.05276600369870716,0.0018412832014291372,9.258442878490314e-05,4
2004-06-04,1,1.0,0.0,0.0,0.0,0.0074307075701653,0.0334521941840648,2.554288766987156e-05,3.754426506930031e-05,1
2004-06-05,4,0.0,4.0,0.0,0.0,2.8861459707841277,0.00013879611651645973,9.474205944570713e-05,7.333046050916892e-05,4
2004-06-06,0,,,,,0.0,0.0,0.0,0.0,0
2004-06-07,3,0.0,2.0,1.0,0.0,0.00024506228146492135,4.649160382541595e-05,6.509679224109277e-05,0.011147901192998624,3
2004-06-08,11,1.0,4.0,2.0,4.0,1.020638692727516,0.00024143745940818917,2.961382262310508,1.2745865743499962,11
2004-06-09,1,0.0,0.0,0.0,1.0,0.0009163030190393,4.279723361833021e-05,0.0142496172338724,2.3486911231884733e-05,1
2004-06-10,5,0.0,4.0,1.0,0.0,3.0116263387462823,0.0007584515160487322,0.011934568776268625,0.03759678840742707,5
2004-06-11,4,0.0,4.0,0.0,0.0,1.0015875520057307,8.562284347135574e-05,9.184594637190457e-05,6.527067216666183e-05,4
2004-06-12,4,0.0,3.0,0.0,1.0,2.0040637903730385,0.00020600551033566605,0.9984790823273214,7.48934799048584e-05,4
2004-06-13,0,,,,,0.0,0.0,0.0,0.0,0
2004-06-14,11,0.0,10.0,0.0,1.0,10.837384641170502,0.0021595118741969043,1.0154372063789197,0.00018081174403050682,11
2004-06-15,7,0.0,7.0,0.0,0.0,4.10661868751049,0.004302696968807012,0.0006172383000374814,0.0018453024322297943,7
2004-06-16,0,,,,,0.0,0.0,0.0,0.0,0
2004-06-17,7,0.0,5.0,1.0,1.0,1.161031008725331,0.01704525032801024,0.03547454753606856,0.023239267377903057,7
2004-06-18,3,0.0,2.0,0.0,1.0,0.9782166536570003,5.966816206637304e-05,0.07607383208960526,0.0829633557632405,3
2004-06-19,5,1.0,0.0,0.0,4.0,0.036183890486426944,0.03703861340909484,3.4550083701142285,8.19408405732247e-05,5
2004-06-20,0,,,,,0.0,0.0,0.0,0.0,0
2004-06-21,2,1.0,1.0,0.0,0.0,0.05080720576188464,4.938426354783587e-05,4.173149500275031e-05,3.086156357312575e-05,2
2004-06-22,3,1.0,2.0,0.0,0.0,0.0028715970056509134,6.262359511310933e-05,5.849501212651376e-05,0.00044133760275138286,3
2004-06-23,3,1.0,2.0,0.0,0.0,7.473228106391616e-05,6.499648407043424e-05,7.78035191615345e-05,4.4826419980381615e-05,3
2004-06-24,6,0.0,3.0,0.0,3.0,0.2245196842814036,0.0029795117443425726,0.020319898596426196,0.0027266733850410244,6
2004-06-25,1,0.0,1.0,0.0,0.0,0.0012044386239722,4.847377567784861e-05,3.1350820790976286e-05,2.272567871841602e-05,1
2004-06-26,1,0.0,1.0,0.0,0.0,0.9991220235824584,2.69982610916486e-05,1.6883775970200077e-05,1.78447717189556e-05,1
2004-06-27,0,,,,,0.0,0.0,0.0,0.0,0
2004-06-28,2,0.0,0.0,0.0,2.0,0.00023668778521816823,0.0015980406606103893,0.9622827336861519,3.1030878744786605e-05,2
2004-06-29,8,1.0,6.0,0.0,1.0,2.939476945606657,0.2792899267642495,0.07263416307341675,0.00015292033276637085,8
2004-06-30,4,1.0,2.0,1.0,0.0,0.049572892643482074,0.00010720204954850487,0.0014783430651731544,0.024386816127844147,4
2004-07-01,4,0.0,2.0,1.0,1.0,0.8922930101798556,0.00013773439059150405,0.9903115865454309,0.0002800254478642934,3
2004-07-02,3,0.0,3.0,0.0,0.0,1.0014997449470684,0.003151913588226212,0.0005232180374150089,6.70150820951676e-05,3
2004-07-03,1,0.0,1.0,0.0,0.0,0.0501552820205688,3.732843470061198e-05,5.927874008193612e-05,1.7135518646682613e-05,1
2004-07-04,0,,,,,0.0,0.0,0.0,0.0,0
2004-07-05,4,0.0,2.0,0.0,2.0,1.8732188189787848,9.375631634611636e-05,1.2492223174594983,6.352109176077647e-05,4
2004-07-06,3,1.0,1.0,1.0,0.0,0.005641372845275192,0.005293954812259381,0.0001323147298535332,0.023696149961324353,3
2004-07-07,0,,,,,0.0,0.0,0.0,0.0,0
2004-07-08,5,0.0,3.0,0.0,2.0,1.0459993505373857,0.007543658273789246,0.9591679520945036,0.00010652200126060052,5
2004-07-09,2,0.0,2.0,0.0,0.0,0.00041344362762171506,3.827625550911762e-05,3.6719031413667835e-05,2.704162943700794e-05,2
2004-07-10,0,,,,,0.0,0.0,0.0,0.0,0
2004-07-11,0,,,,,0.0,0.0,0.0,0.0,0
2004-07-12,7,1.0,3.0,0.0,3.0,0.004321136277212477,0.0001080774836736964,1.9270046731944603,9.36092601477867e-05,6
2004-07-13,2,0.0,2.0,0.0,0.0,1.9179735779762268,0.0012676056794589002,9.093845801544376e-05,0.0012699941689788728,2
2004-07-14,8,0.0,4.0,0.0,4.0,1.00425084233575,0.00016705259986338206,2.4225006648921403,0.0006783657863706385,8
2004-07-15,1,0.0,1.0,0.0,0.0,0.9495605826377868,1.728814640955534e-05,3.07010232063476e-05,1.536839954496827e-05,1
2004-07-16,1,0.0,1.0,0.0,0.0,0.0238553564995527,1.6543543097213842e-05,0.006360042374581,1.506107219029218e-05,1
2004-07-17,3,0.0,3.0,0.0,0.0,1.9865915635600682,0.00011926039042009506,5.808391506434418e-05,5.490058811119525e-05,3
2004-07-18,0,,,,,0.0,0.0,0.0,0.0,0
2004-07-19,1,1.0,0.0,0.0,0.0,1.6950309145613573e-05,1.7246673451154493e-05,1.4338173059513792e-05,1.3571044291893486e-05,1
2004-07-20,5,0.0,4.0,1.0,0.0,1.0132623580284417,0.00012494914244598476,0.897114646008049,0.04516310779126793,5
2004-07-21,3,0.0,0.0,0.0,3.0,0.09747162054554778,8.19594606582541e-05,0.4517109878361224,4.78491565445438e-05,3
2004-07-22,4,0.0,2.0,0.0,2.0,1.0618778544449012,9.145723561232444e-05,0.9791538830068022,0.008107268829917285,4
2004-07-23,3,0.0,3.0,0.0,0.0,1.7155009070120286,6.65228199068224e-05,0.00010781170749396551,4.562646154226968e-05,3
2004-07-24,17,3.0,1.0,3.0,10.0,0.13931890061212454,0.0026804024873853063,2.241272251836562,0.022073489748436162,1
2004-07-25,0,,,,,0.0,0.0,0.0,0.0,0
2004-07-26,5,2.0,3.0,0.0,0.0,0.9965455685778578,0.0029681807591258893,0.00010062384535558522,7.338600426010089e-05,5
2004-07-27,3,0.0,3.0,0.0,0.0,1.9988373806409072,0.0017259070928048225,0.9017276718441279,3.918635775335133e-05,3
2004-07-28,5,0.0,3.0,2.0,0.0,1.9757769969364742,0.00016177447923837462,0.10322318946236918,0.08354646185216547,5
2004-07-29,5,0.0,3.0,0.0,2.0,0.9462691289118081,0.0003713502792378695,0.00024684477830296913,7.690108486713143e-05,5
2004-07-30,2,1.0,1.0,0.0,0.0,0.9914378168050463,5.186378621147014e-05,7.535627810284495e-05,3.109421595581807e-05,2
2004-07-31,1,0.0,1.0,0.0,0.0,3.009635111084208e-05,1.4050208847038448e-05,2.844768459908664e-05,1.3958765521238092e-05,1
2004-08-01,0,,,,,0.0,0.0,0.0,0.0,0
2004-08-02,1,0.0,1.0,0.0,0.0,0.0019245173316448,0.0013374182162806,3.11144940496888e-05,1.6409958334406838e-05,1
2004-08-03,0,,,,,0.0,0.0,0.0,0.0,0
2004-08-04,2,0.0,2.0,0.0,0.0,1.9971237182617188,5.663015144818928e-05,4.984549377695657e-05,3.388877121324185e-05,2
2004-08-05,9,1.0,5.0,2.0,1.0,1.522180233227118,0.007961723851622006,0.05890760032343665,0.02961320813028561,9
2004-08-06,16,0.0,7.0,1.0,8.0,0.9197959284665551,0.0005090051563456543,3.946929422450921,0.020792639576938825,16
2004-08-07,2,0.0,2.0,0.0,0.0,0.0022932356223463,3.644756907306146e-05,3.61917109330534e-05,3.1070676413946785e-05,2
2004-08-08,0,,,,,0.0,0.0,0.0,0.0,0
2004-08-09,4,0.0,2.0,2.0,0.0,2.004937184974551,7.643354183528572e-05,7.345354879362276e-05,0.12123841230004462,3
2004-08-10,2,0.0,1.0,0.0,1.0,0.0190374040976166,0.002864456275346941,0.0175768330445861,2.81371494565974e-05,2
2004-08-11,2,0.0,2.0,0.0,0.0,0.9999036742956376,5.169549513084348e-05,3.965637915825937e-05,3.588891740946565e-05,2
2004-08-12,2,0.0,1.0,1.0,0.0,0.9973479356704046,3.7629675716743805e-05,4.8048870667116717e-05,0.01113904906196688,2
2004-08-13,4,1.0,2.0,1.0,0.0,1.046383205342863,0.9104845444171586,0.00010996986202371774,0.023708065773462267,4
2004-08-14,1,0.0,1.0,0.0,0.0,0.0019944643136113,2.9573981009889397e-05,8.180305303540081e-05,1.6051910279202275e-05,1
2004-08-15,0,,,,,0.0,0.0,0.0,0.0,0
2004-08-16,1,0.0,0.0,1.0,0.0,9.316299838246778e-05,1.4398080566024872e-05,1.7607939298613928e-05,0.0236660689115524,1
2004-08-17,7,0.0,4.0,1.0,2.0,3.2213395007529466,0.0001554881300762645,1.9991389789774985,0.9454812785770627,7
2004-08-18,2,0.0,1.0,0.0,1.0,0.9379272548540027,0.000902290428712075,0.11012054815000734,2.8098710572521668e-05,2
2004-08-19,0,,,,,0.0,0.0,0.0,0.0,0
2004-08-20,1,0.0,0.0,0.0,1.0,9.76044830167666e-05,3.814937372226268e-05,0.0036478911060839,3.98620541091077e-05,1
2004-08-21,0,,,,,0.0,0.0,0.0,0.0,0
2004-08-22,0,,,,,0.0,0.0,0.0,0.0,0
2004-08-23,0,,,,,0.0,0.0,0.0,0.0,0
2004-08-24,0,,,,,0.0,0.0,0.0,0.0,0
2004-08-25,1,0.0,0.0,1.0,0.0,4.456957685761154e-05,1.4146402463666163e-05,1.6698340914444998e-05,0.0183453764766454,1
2004-08-26,0,,,,,0.0,0.0,0.0,0.0,0
2004-08-27,9,0.0,4.0,0.0,5.0,3.7592946641816525,0.00018136573635274544,3.9497488196284394,0.0002009173531405395,9
2004-08-28,0,,,,,0.0,0.0,0.0,0.0,0
2004-08-29,0,,,,,0.0,0.0,0.0,0.0,0
2004-08-30,0,,,,,0.0,0.0,0.0,0.0,0
2004-08-31,1,0.0,1.0,0.0,0.0,0.0008338408661074,2.311812568223104e-05,3.868673229590058e-05,1.946875636349432e-05,1
2004-09-01,0,,,,,0.0,0.0,0.0,0.0,0
2004-09-02,0,,,,,0.0,0.0,0.0,0.0,0
2004-09-03,1,0.0,1.0,0.0,0.0,0.9920519590377808,2.318617225682829e-05,3.3874013752210885e-05,1.7628068235353567e-05,1
2004-09-04,1,0.0,0.0,0.0,1.0,0.0001693131780484,1.6539308489882387e-05,0.9150959849357604,1.2864755262853578e-05,1
2004-09-05,0,,,,,0.0,0.0,0.0,0.0,0
2004-09-06,2,0.0,1.0,1.0,0.0,1.04872377961874,3.690471021400299e-05,4.40504627476912e-05,0.9558976087064366,2
2004-09-07,1,0.0,1.0,0.0,0.0,0.001176827121526,4.82326140627265e-05,0.000941781559959,0.0005733334692195,1
2004-09-08,0,,,,,0.0,0.0,0.0,0.0,0
2004-09-09,0,,,,,0.0,0.0,0.0,0.0,0
2004-09-10,5,1.0,3.0,1.0,0.0,2.768918756650237,0.8534235286006151,0.0014115844205661644,0.011427537761846792,5
2004-09-11,0,,,,,0.0,0.0,0.0,0.0,0
2004-09-12,0,,,,,0.0,0.0,0.0,0.0,0
2004-09-13,0,,,,,0.0,0.0,0.0,0.0,0
2004-09-14,2,0.0,1.0,0.0,1.0,0.0038771877771068817,6.88628751959186e-05,0.04693015867815116,4.740568601846462e-05,2
2004-09-15,1,0.0,0.0,1.0,0.0,0.0031053663697093,1.804682688089088e-05,2.234980638604611e-05,0.0054754484444856,1
2004-09-16,0,,,,,0.0,0.0,0.0,0.0,0
2004-09-17,0,,,,,0.0,0.0,0.0,0.0,0
2004-09-18,5,0.0,1.0,0.0,4.0,0.0146939117112195,0.02077429270229908,2.97633089691044,0.0004058362346767362,5
2004-09-19,0,,,,,0.0,0.0,0.0,0.0,0
2004-09-20,2,1.0,0.0,0.0,1.0,0.00020161531756447676,5.384740506997332e-05,0.1101111734733422,3.0536177291651256e-05,2
2004-09-21,0,,,,,0.0,0.0,0.0,0.0,0
2004-09-22,5,1.0,3.0,0.0,1.0,1.3204618140589444,0.9411219217299732,0.9851622504047555,9.118444904743228e-05,5
2004-09-23,2,1.0,1.0,0.0,0.0,0.0016070582460087743,0.02921419843187316,6.049189505574759e-05,2.7736697120417375e-05,0
2004-09-24,3,0.0,1.0,0.0,2.0,0.9835678018098407,0.00011656316564767621,1.8360557902342407,4.937336689181393e-05,3
2004-09-25,0,,,,,0.0,0.0,0.0,0.0,0
2004-09-26,0,,,,,0.0,0.0,0.0,0.0,0
2004-09-27,5,0.0,4.0,0.0,1.0,1.17891972362122,0.07288589728705111,0.960943456631867,0.0004739775977212889,5
2004-09-28,4,0.0,1.0,0.0,3.0,1.0223181436012965,0.00018092487880494446,2.012836661087931,0.00018193439791502897,4
2004-09-29,2,0.0,1.0,0.0,1.0,0.9985639155493118,7.481393004127312e-05,0.08130510262344612,2.8170251425763126e-05,2
2004-09-30,1,0.0,1.0,0.0,0.0,0.0334300138056278,0.000113455193059,0.000114382506581,0.0044446657411754,1
2004-10-01,5,0.0,2.0,1.0,2.0,2.0071373754472006,0.0007988366905919403,0.9876430676285963,0.024524177724742875,5
2004-10-02,2,1.0,1.0,0.0,0.0,0.9869235490041319,0.00044319107837506746,0.00019676546980910994,2.8518233193608467e-05,2
2004-10-03,0,,,,,0.0,0.0,0.0,0.0,0
2004-10-04,3,0.0,3.0,0.0,0.0,1.9879671280505136,5.69102521694731e-05,7.15852629582514e-05,4.572104626276996e-05,3
2004-10-05,1,0.0,1.0,0.0,0.0,0.0001987205032492,6.230771396076307e-05,1.854160473158117e-05,1.525402331026271e-05,1
2004-10-06,2,0.0,0.0,1.0,1.0,8.923696805140935e-05,3.6368321161717176e-05,5.029234307585284e-05,0.011137530501400697,2
2004-10-07,4,0.0,2.0,0.0,2.0,1.9588789949193597,0.006113606863436731,1.0509108192673011,6.537724675581558e-05,4
2004-10-08,0,,,,,0.0,0.0,0.0,0.0,0
2004-10-09,0,,,,,0.0,0.0,0.0,0.0,0
2004-10-10,0,,,,,0.0,0.0,0.0,0.0,0
2004-10-11,0,,,,,0.0,0.0,0.0,0.0,0
2004-10-12,3,1.0,2.0,0.0,0.0,1.9802948835185816,0.0005326868267729631,0.9636089268733484,4.572442776407115e-05,3
2004-10-13,4,0.0,3.0,1.0,0.0,0.9985901847521745,0.0006196881822688309,0.007370378665655109,0.030406703947846815,3
2004-10-14,13,0.0,8.0,1.0,4.0,2.823193709729821,0.0014544086798195688,2.1983947723856545,0.0008055903153944182,12
2004-10-15,3,1.0,2.0,0.0,0.0,1.000294076053251,0.04772841158046501,0.0001085151125153061,5.3506248150370084e-05,3
2004-10-16,2,0.0,0.0,0.0,2.0,0.0148058958002365,5.1524419177439995e-05,0.9920727686985626,3.0790172786510084e-05,2
2004-10-17,0,,,,,0.0,0.0,0.0,0.0,0
2004-10-18,8,1.0,5.0,2.0,0.0,3.0240651545118453,0.00019115172926831292,0.0005758712277383781,0.20823183614720608,7
2004-10-19,1,0.0,0.0,0.0,1.0,0.0135288955643773,0.0012261609081178,0.0493698194622993,3.365098382346332e-05,1
2004-10-20,1,0.0,0.0,0.0,1.0,0.0026282155886292,8.581326255807653e-05,0.987044095993042,1.916211112984456e-05,1
2004-10-21,15,0.0,5.0,3.0,7.0,2.1769759869930563,0.0009207240254907519,6.074908474191034,0.0068256839149397775,15
2004-10-22,2,2.0,0.0,0.0,0.0,0.0049418599865020205,0.8879718373646028,4.663158870243933e-05,2.657876302691875e-05,2
2004-10-23,0,,,,,0.0,0.0,0.0,0.0,0
2004-10-24,0,,,,,0.0,0.0,0.0,0.0,0
2004-10-25,2,0.0,2.0,0.0,0.0,0.994939863565378,0.00016638738452448763,6.398766709025949e-05,3.799260412051808e-05,2
2004-10-26,6,0.0,3.0,0.0,3.0,1.021564006223343,0.004851490264627444,2.9443645373776235,8.435633844783297e-05,6
2004-10-27,29,5.0,16.0,0.0,8.0,4.495362119479977,0.9477363581863751,5.072501893837397,0.0010129251559191632,29
2004-10-28,4,1.0,2.0,1.0,0.0,1.8716748248552901,0.9413659290748911,8.289400102512445e-05,0.005522203517102664,4
2004-10-29,5,0.0,4.0,1.0,0.0,0.9912786430668346,9.440719804842956e-05,0.00012946225342602702,0.03457216802507901,5
2004-10-30,2,1.0,1.0,0.0,0.0,5.2925204727216624e-05,4.484118562686489e-05,3.9153579564299434e-05,2.7463181140774395e-05,2
2004-10-31,0,,,,,0.0,0.0,0.0,0.0,0
2004-11-01,1,0.0,1.0,0.0,0.0,0.0023302938789129,2.0919149392284453e-05,8.694128337083384e-05,1.5801289919181727e-05,1
2004-11-02,2,0.0,1.0,1.0,0.0,0.9665163008030502,4.470490057428833e-05,5.154029895493295e-05,0.0029250038551253475,2
2004-11-03,4,0.0,3.0,1.0,0.0,2.995328188786516,0.03792640743267833,0.00011262787484156433,0.8986612538501504,4
2004-11-04,15,0.0,6.0,1.0,8.0,1.179033793841881,0.0014328323395600279,3.185360300381944,0.004642357624106802,14
2004-11-05,11,0.0,6.0,0.0,5.0,4.960922969152307,0.062406438819379705,4.510799366920764,0.017298025220952636,11
2004-11-06,4,0.0,4.0,0.0,0.0,3.929427981376648,0.0007325331844185018,0.00033632582926640907,7.845467735023703e-05,4
2004-11-07,0,,,,,0.0,0.0,0.0,0.0,0
2004-11-08,3,0.0,2.0,1.0,0.0,1.8408867215221107,0.0010253170075883887,0.0006792427266190525,0.0009286356953451951,3
2004-11-09,1,0.0,1.0,0.0,0.0,0.9914829730987548,2.294495971000288e-05,3.996152372565121e-05,1.7695514543447644e-05,1
2004-11-10,4,0.0,2.0,0.0,2.0,1.977909381239442,0.00029928467665730926,0.010916944125710638,6.687186760245822e-05,4
2004-11-11,4,2.0,2.0,0.0,0.0,0.0022289290318439413,9.120141112362035e-05,7.720729172433494e-05,6.434264832932968e-05,4
2004-11-12,4,1.0,1.0,2.0,0.0,0.026839696824026538,0.8876075181851775,9.088462866202464e-05,0.012539340476905508,3
2004-11-13,1,1.0,0.0,0.0,0.0,0.0002658363664522,0.0013183050323277,3.15933684760239e-05,1.499055633757962e-05,1
2004-11-14,0,,,,,0.0,0.0,0.0,0.0,0
2004-11-15,4,0.0,1.0,2.0,1.0,0.0007367553007497169,7.225254012155347e-05,0.00010450196077727014,0.0117692908061143,4
2004-11-16,4,1.0,0.0,1.0,2.0,0.011843791209685,0.0008448209064226563,0.9064779133332195,0.04574679386860218,3
2004-11-17,4,0.0,2.0,0.0,2.0,2.981089072301984,0.0011439096979301356,1.9810271768146779,0.013214514395258403,4
2004-11-18,5,1.0,2.0,1.0,1.0,1.2671760158918914,0.01965685782579373,0.017475151000326025,0.02372806664243396,4
2004-11-19,2,0.0,0.0,1.0,1.0,0.00011981947682215832,3.104720872215694e-05,0.24303079713899933,0.003306698971755386,2
2004-11-20,3,0.0,3.0,0.0,0.0,1.0063633304089308,5.978489207336679e-05,0.00023686790518678903,4.537182940111961e-05,3
2004-11-21,0,,,,,0.0,0.0,0.0,0.0,0
2004-11-22,1,0.0,1.0,0.0,0.0,0.9942986965179444,2.1958976503810845e-05,1.699815948086325e-05,1.4456126336881424e-05,1
2004-11-23,5,0.0,4.0,0.0,1.0,2.858150955864403,0.0013640029610541618,0.6314894542265392,0.00015770832942507695,5
2004-11-24,9,1.0,5.0,0.0,3.0,2.9076233530176974,0.8876973163442017,1.9519085563360932,0.00012941851127834525,9
2004-11-25,23,2.0,12.0,1.0,8.0,4.847255825323372,0.11245073222653408,5.5140403069563035,0.9701283919885098,23
2004-11-26,7,0.0,4.0,0.0,3.0,0.6959609719579019,0.00012890512516605668,1.9322980237084266,0.00024688791108926696,7
2004-11-27,3,0.0,2.0,0.0,1.0,1.8479361943900583,0.00010033658691099845,0.05072589687915747,4.641968826035736e-05,3
2004-11-28,0,,,,,0.0,0.0,0.0,0.0,0
2004-11-29,2,0.0,1.0,0.0,1.0,0.9982721623091493,0.00415150048138453,0.172265819623135,2.768556987575721e-05,2
2004-11-30,2,0.0,0.0,2.0,0.0,8.401799641433172e-05,2.957923243229743e-05,3.4173985113739036e-05,0.0287193115800619,2
2004-12-01,7,0.0,4.0,3.0,0.0,2.968370664813847,0.014694373488054878,0.00203241540293659,0.02980743982789119,7
2004-12-02,5,0.0,4.0,1.0,0.0,0.037990942721080376,0.00011982522664766293,0.002788246267300519,0.005531602250812277,4
2004-12-03,7,0.0,5.0,1.0,1.0,2.05804685845942,0.002029745390245653,0.9570690603595722,0.008728329296900391,6
2004-12-04,2,0.0,2.0,0.0,0.0,1.227786377072334,0.00016463506835855964,0.00024336294518428398,3.7702346162404865e-05,2
2004-12-05,0,,,,,0.0,0.0,0.0,0.0,0
2004-12-06,3,0.0,3.0,0.0,0.0,0.0180144974656285,8.780649477557745e-05,9.588866851117928e-05,4.712869213108206e-05,3
2004-12-07,1,0.0,1.0,0.0,0.0,0.9972988367080688,5.085422162665054e-05,2.179385046474636e-05,1.6671863704686984e-05,1
2004-12-08,0,,,,,0.0,0.0,0.0,0.0,0
2004-12-09,2,0.0,1.0,1.0,0.0,0.020963770686648703,6.0417405620682985e-05,4.730981709144544e-05,0.916859880042466,2
2004-12-10,5,0.0,3.0,0.0,2.0,0.9998192793154883,0.0001040672332237591,0.06569985636178899,6.953265256015584e-05,5
2004-12-11,12,0.0,8.0,0.0,4.0,0.009289525081839781,0.0002949577738036169,2.866317078094653,0.001985987271836989,12
2004-12-12,0,,,,,0.0,0.0,0.0,0.0,0
2004-12-13,1,0.0,1.0,0.0,0.0,0.0010546302655711,2.072789538942743e-05,2.2135725885163996e-05,1.767657340678852e-05,1
2004-12-14,3,0.0,2.0,0.0,1.0,0.11403692089879758,0.0005984549843559934,0.04436625113157787,5.0862697207776364e-05,3
2004-12-15,3,1.0,2.0,0.0,0.0,1.9952095684238884,5.854231221746886e-05,0.9592138365296704,4.018050094600767e-05,3
2004-12-16,4,0.0,3.0,0.0,1.0,0.08456099985050951,0.0001379416171403136,0.9660415506368735,0.002816568646267042,4
2004-12-17,0,,,,,0.0,0.0,0.0,0.0,0
2004-12-18,3,1.0,0.0,0.0,2.0,0.0065009132958948,0.8879253549384883,1.1053304829656554,0.003811012802543616,3
2004-12-19,0,,,,,0.0,0.0,0.0,0.0,0
2004-12-20,5,1.0,1.0,0.0,3.0,0.020732144737848873,0.00022568157146451995,1.8229631996955502,0.00010167682830797277,4
2004-12-21,6,1.0,4.0,0.0,1.0,2.0777890065073734,0.006104665410020748,0.09946652683356655,0.00011623012051131809,6
2004-12-22,0,,,,,0.0,0.0,0.0,0.0,0
2004-12-23,2,0.0,1.0,0.0,1.0,0.0036853089404757,4.050406641908921e-05,0.954213164290195,2.6128790523216594e-05,1
2004-12-24,0,,,,,0.0,0.0,0.0,0.0,0
2004-12-25,0,,,,,0.0,0.0,0.0,0.0,0
2004-12-26,0,,,,,0.0,0.0,0.0,0.0,0
2004-12-27,0,,,,,0.0,0.0,0.0,0.0,0
2004-12-28,5,0.0,4.0,0.0,1.0,1.024805257155094,0.0002645820750330533,0.9608110919743921,0.0017637033988648564,5
2004-12-29,9,0.0,9.0,0.0,0.0,4.917005405179225,0.0002610649780763197,0.006393319359631235,0.004111722704692475,8
2004-12-30,1,0.0,1.0,0.0,0.0,0.0328399464488029,8.233035623561591e-05,0.0003138357133138,0.0323929823935031,1
2004-12-31,1,0.0,0.0,0.0,1.0,7.42793272365816e-05,1.767249523254577e-05,0.0111409770324826,1.441598215023987e-05,1
2005-01-01,1,1.0,0.0,0.0,0.0,0.002896532183513,0.8945536613464355,2.3600125132361427e-05,1.2025034266116563e-05,1
2005-01-02,0,,,,,0.0,0.0,0.0,0.0,0
2005-01-03,1,0.0,1.0,0.0,0.0,0.0005158020067028,1.6553880413994193e-05,1.8224751329398717e-05,1.2905465155199636e-05,1
2005-01-04,1,1.0,0.0,0.0,0.0,0.0028965307865291,0.894553542137146,2.3600248823640868e-05,1.2025050637021197e-05,1
2005-01-05,0,,,,,0.0,0.0,0.0,0.0,0
2005-01-06,1,0.0,0.0,0.0,1.0,0.0025633038021624,0.0001985963608603,0.0155804250389337,3.758979437407106e-05,1
2005-01-07,0,,,,,0.0,0.0,0.0,0.0,0
2005-01-08,4,0.0,3.0,0.0,1.0,1.9300185152969789,0.0006631519736401826,0.051256380420454606,6.99174270266667e-05,4
2005-01-09,0,,,,,0.0,0.0,0.0,0.0,0
2005-01-10,3,0.0,1.0,0.0,2.0,1.0033203923085239,6.051096170267556e-05,1.0458648772837478,4.6862400267855264e-05,3
2005-01-11,0,,,,,0.0,0.0,0.0,0.0,0
2005-01-12,1,0.0,1.0,0.0,0.0,2.5322806322947145e-05,1.919961869134568e-05,1.8310211089556105e-05,1.284166137338616e-05,1
2005-01-13,1,0.0,1.0,0.0,0.0,0.9947490096092224,1.518667340860702e-05,0.0081471689045429,1.2576751032611355e-05,1
2005-01-14,3,0.0,2.0,0.0,1.0,1.0122731380324692,9.533309457765426e-05,0.0013465924130286072,4.863201502303127e-05,3
2005-01-15,4,0.0,4.0,0.0,0.0,1.0379999484866858,0.00029462991187748376,0.00020488722111622337,6.259945621422958e-05,4
2005-01-16,0,,,,,0.0,0.0,0.0,0.0,0
2005-01-17,6,0.0,3.0,1.0,2.0,1.997851713484124,0.0011836973444586856,1.554316830872267,0.018416765251458786,6
2005-01-18,1,0.0,1.0,0.0,0.0,0.0040039485320448,1.7111497072619386e-05,0.000454724067822,1.3653266250912566e-05,1
2005-01-19,2,0.0,1.0,0.0,1.0,0.0034703338606049,0.0023580776014568566,0.06560799585167842,2.627803860377753e-05,1
2005-01-20,5,0.0,3.0,1.0,1.0,0.00898375848191768,0.00010161597765545594,0.0003880138519887663,0.5851370568061611,5
2005-01-21,11,2.0,3.0,0.0,6.0,3.9921535600151397,0.6268422339217066,4.9763431634964945,0.005507838222001669,11
2005-01-22,9,1.0,1.0,2.0,5.0,1.9685953432945096,0.0045938920611660605,3.9433302050074417,0.9193684229876451,9
2005-01-23,0,,,,,0.0,0.0,0.0,0.0,0
2005-01-24,4,0.0,2.0,0.0,2.0,1.1941797681211028,0.00015148477359616663,0.3184598404714051,8.871115460351575e-05,4
2005-01-25,0,,,,,0.0,0.0,0.0,0.0,0
2005-01-26,3,0.0,3.0,0.0,0.0,2.9692147970199585,6.508146361738908e-05,0.0007707625009060766,4.4818319111072924e-05,3
2005-01-27,3,1.0,1.0,1.0,0.0,0.9672309396755736,0.00010747141459432896,0.00011650591659417842,0.023695434087130676,3
2005-01-28,2,0.0,1.0,0.0,1.0,0.08760665165027591,0.0010556770866969,0.9480658002448763,4.2362215026514605e-05,2
2005-01-29,0,,,,,0.0,0.0,0.0,0.0,0
2005-01-30,0,,,,,0.0,0.0,0.0,0.0,0
2005-01-31,5,0.0,1.0,2.0,2.0,0.9241841842303984,0.00025075298253796063,1.8947353528419626,0.018553089148554046,5
2005-02-01,4,0.0,3.0,0.0,1.0,1.9353198758108192,0.009146712030997123,0.4287350300292018,7.25605050320155e-05,4
2005-02-02,14,0.0,8.0,0.0,6.0,4.294276131258811,0.0005360049563022578,6.915886439266615,0.00019114798396913102,14
2005-02-03,24,1.0,14.0,0.0,9.0,5.059540286545597,0.0355577592345069,6.0793720675465,0.0018647872384462718,24
2005-02-04,1,0.0,1.0,0.0,0.0,0.0072606927715241,3.108040618826635e-05,9.345448052044958e-05,1.653247090871446e-05,1
2005-02-05,7,0.0,5.0,0.0,2.0,2.0818120167023153,0.0005358416492526583,1.9322000216725428,0.00011350797285558656,7
2005-02-06,0,,,,,0.0,0.0,0.0,0.0,0
2005-02-07,1,0.0,1.0,0.0,0.0,0.9878037571907043,2.1175928850425407e-05,2.703277277760208e-05,1.580367097631097e-05,1
2005-02-08,1,0.0,0.0,0.0,1.0,0.2523241937160492,0.0001118529980885,0.978910744190216,1.3357238458411302e-05,1
2005-02-09,3,0.0,3.0,0.0,0.0,0.021868225339858226,8.744012848183047e-05,7.883029047661694e-05,6.555431355081964e-05,3
2005-02-10,5,1.0,2.0,1.0,1.0,0.1866335456506929,0.02647525534484875,0.0027209548461540702,0.0003495464288788718,5
2005-02-11,3,0.0,1.0,2.0,0.0,0.0003246289707021097,4.387318858789513e-05,6.119958743511233e-05,0.04734428301617293,3
2005-02-12,1,0.0,1.0,0.0,0.0,4.917268597637303e-05,1.7912385374074802e-05,1.713681012915913e-05,1.2907808923046105e-05,1
2005-02-13,0,,,,,0.0,0.0,0.0,0.0,0
2005-02-14,2,1.0,1.0,0.0,0.0,0.00035606542951426067,0.0006225119141163222,4.295140843169065e-05,3.0483281079796143e-05,2
2005-02-15,5,2.0,0.0,2.0,1.0,0.00129309031399309,0.00011696871843014378,0.2987871029363305,0.04737521520382862,5
2005-02-16,7,0.0,7.0,0.0,0.0,5.967856679693796,0.00021127685067767743,0.0002278797601320548,0.00011692853968270356,7
2005-02-17,8,0.0,2.0,0.0,6.0,1.0107021014118795,0.013199155615438638,2.0578173016947403,0.055795435089748845,8
2005-02-18,4,1.0,2.0,0.0,1.0,0.9999639787274645,0.14964391877765587,0.01060581990350326,5.7630233641248196e-05,4
2005-02-19,4,0.0,4.0,0.0,0.0,2.9979647211730485,0.004988037770090118,7.375872519332916e-05,0.00012149937356298324,4
2005-02-20,0,,,,,0.0,0.0,0.0,0.0,0
2005-02-21,1,0.0,1.0,0.0,0.0,4.917268597637303e-05,1.7912385374074802e-05,1.713681012915913e-05,1.2907808923046105e-05,1
2005-02-22,1,0.0,1.0,0.0,0.0,0.0096956240013241,8.000170782906935e-05,4.751536107505672e-05,1.6267387763946317e-05,1
2005-02-23,0,,,,,0.0,0.0,0.0,0.0,0
2005-02-24,3,0.0,1.0,1.0,1.0,0.0586290265855495,9.035709535964997e-05,0.9156755796229844,0.026308137824344102,3
2005-02-25,3,0.0,2.0,0.0,1.0,0.00225206611139576,5.424856317404192e-05,0.0023507043370045097,4.570045894070063e-05,3
2005-02-26,1,0.0,0.0,0.0,1.0,0.001055862288922,1.936427543114405e-05,0.2986925542354584,1.238947606907459e-05,1
2005-02-27,0,,,,,0.0,0.0,0.0,0.0,0
2005-02-28,4,0.0,4.0,0.0,0.0,1.9430120784090832,8.916359547583852e-05,0.00010898799155256711,8.187641651602462e-05,4
2005-03-01,4,0.0,4.0,0.0,0.0,1.7404997285193529,0.9205090216837561,0.00010628370364429429,5.817896453663707e-05,4
2005-03-02,0,,,,,0.0,0.0,0.0,0.0,0
2005-03-03,1,0.0,1.0,0.0,0.0,0.121694765985012,0.0001122334651881,8.032051118789241e-05,1.748252361721825e-05,1
2005-03-04,0,,,,,0.0,0.0,0.0,0.0,0
2005-03-05,2,0.0,2.0,0.0,0.0,1.992757499217987,8.199978765333071e-05,4.022842585982289e-05,3.151951113977702e-05,2
2005-03-06,0,,,,,0.0,0.0,0.0,0.0,0
2005-03-07,3,0.0,2.0,1.0,0.0,0.9960282660631491,5.9060680541733745e-05,7.22519398550503e-05,0.0009322120386059022,2
2005-03-08,7,0.0,5.0,0.0,2.0,3.0017527121817693,0.0002641263727127807,0.9827552976294098,0.00011576183987926925,7
2005-03-09,2,0.0,2.0,0.0,0.0,0.9899585052626205,3.600031959649641e-05,3.87630752811674e-05,3.102777918684296e-05,2
2005-03-10,5,0.0,4.0,0.0,1.0,1.9358790844271425,0.0009732507078296241,0.12653812225289582,8.013335809664568e-05,5
2005-03-11,5,0.0,4.0,1.0,0.0,1.0040106680244207,0.0047669979994678455,0.001050992315867782,0.0011846437837447913,5
2005-03-12,4,0.0,4.0,0.0,0.0,1.8721823956875596,0.00015520001943514217,0.0013717490801354224,6.567083801201079e-05,4
2005-03-13,0,,,,,0.0,0.0,0.0,0.0,0
2005-03-14,2,0.0,0.0,1.0,1.0,0.007881098725192624,3.856874263874487e-05,9.093807966564782e-05,0.045721761320237406,1
2005-03-15,6,1.0,0.0,1.0,4.0,0.888835680158081,0.00012590182632266078,1.9837679805114021,0.005547426804696436,6
2005-03-16,3,0.0,2.0,1.0,0.0,0.0025533575972074,5.7604260291554965e-05,0.0005775791287304766,0.006062882108380932,3
2005-03-17,3,0.0,2.0,0.0,1.0,1.494499452292075,0.00011102631287940312,0.00013027239401708357,4.6554713662771974e-05,3
2005-03-18,1,0.0,1.0,0.0,0.0,0.0001212238203152,1.4575837667507583e-05,4.417551826918498e-05,1.4145747627480889e-05,1
2005-03-19,3,0.0,1.0,1.0,1.0,0.008225854966440143,0.0001191329811263131,0.9731471980148854,0.0457286830442171,1
2005-03-20,0,,,,,0.0,0.0,0.0,0.0,0
2005-03-21,1,0.0,1.0,0.0,0.0,0.0028510685078799,3.826717511401512e-05,2.265573311888147e-05,1.8971941244672053e-05,1
2005-03-22,5,0.0,3.0,1.0,1.0,1.0034579941820991,0.00012534699999378063,0.0007706120031796701,0.02266188896282976,5
2005-03-23,5,1.0,4.0,0.0,0.0,2.019093932118267,0.049734763773812946,0.03745141905892503,8.075142886809772e-05,5
2005-03-24,1,0.0,0.0,1.0,0.0,0.0031053773127496,1.8046819604933265e-05,2.2349729988491163e-05,0.0054754512384533,1
2005-03-25,1,0.0,1.0,0.0,0.0,0.9831880331039428,0.000390728469938,0.0003563166246749,1.4384040696313605e-05,0
2005-03-26,1,0.0,0.0,1.0,0.0,9.316299838246778e-05,1.4398080566024872e-05,1.7607939298613928e-05,0.0236660689115524,1
2005-03-27,0,,,,,0.0,0.0,0.0,0.0,0
2005-03-28,2,1.0,1.0,0.0,0.0,0.9980162915180698,5.7124276281683706e-05,5.211481584410649e-05,3.122289945167722e-05,2
2005-03-29,1,0.0,1.0,0.0,0.0,0.0042269486002624,0.0034683777485042,3.419251515879296e-05,1.620526018086821e-05,1
2005-03-30,4,0.0,3.0,0.0,1.0,2.7199549881042913,0.0056636386070748005,0.0380038977309594,0.000128652282000985,4
2005-03-31,6,0.0,4.0,1.0,1.0,0.028053764661308,0.00018858218481909717,0.40488357188951335,0.13517976584626004,6
2005-04-01,4,0.0,4.0,0.0,0.0,0.0137828083243219,0.00012526638602139428,9.754508937476203e-05,0.00010002408998843748,4
2005-04-02,4,0.0,4.0,0.0,0.0,1.0158082847483456,0.0009120660070038222,0.00011058009476982988,6.262998431338929e-05,4
2005-04-03,0,,,,,0.0,0.0,0.0,0.0,0
2005-04-04,3,0.0,3.0,0.0,0.0,0.0193735710054169,8.693760628375458e-05,7.820518112566788e-05,5.2964535825594794e-05,3
2005-04-05,2,0.0,1.0,0.0,1.0,0.02622195723597537,4.409027496876661e-05,0.029310111882295993,2.8438179469958413e-05,2
2005-04-06,6,1.0,4.0,0.0,1.0,1.7454039468138944,0.007266496448210021,0.9903224028439578,9.409577251062728e-05,6
2005-04-07,0,,,,,0.0,0.0,0.0,0.0,0
2005-04-08,0,,,,,0.0,0.0,0.0,0.0,0
2005-04-09,2,1.0,1.0,0.0,0.0,0.27145144583846553,5.218177466304041e-05,8.621430788480211e-05,2.98111390293343e-05,2
2005-04-10,0,,,,,0.0,0.0,0.0,0.0,0
2005-04-11,5,0.0,4.0,1.0,0.0,3.9911194837332005,0.00012494400380091975,0.00010864658725040499,0.03207091697368007,1
2005-04-12,7,1.0,2.0,0.0,4.0,1.088347485389022,0.8948360581089219,2.9647001120356435,0.00015060988243931206,6
2005-04-13,2,0.0,2.0,0.0,0.0,0.00636154781750512,3.7156498365220614e-05,3.642636329459492e-05,3.0067909392528236e-05,1
2005-04-14,0,,,,,0.0,0.0,0.0,0.0,0
2005-04-15,1,0.0,1.0,0.0,0.0,0.992695152759552,7.166403520386666e-05,0.0002970074128825,0.0010264553129673,1
2005-04-16,7,0.0,4.0,0.0,3.0,2.9730215561576188,0.006360875087921065,1.9449599759791454,0.00010783323705254588,7
2005-04-17,0,,,,,0.0,0.0,0.0,0.0,0
2005-04-18,8,0.0,8.0,0.0,0.0,4.643768064677715,0.0017068066081263806,0.001276132128623148,0.00014341582482302329,8
2005-04-19,7,0.0,3.0,0.0,4.0,1.9960820833657633,0.0001904073669720674,1.6136991209623375,0.00010919304440903943,7
2005-04-20,5,1.0,4.0,0.0,0.0,1.0025018176784215,0.00010128326721314806,0.00018988582087331451,7.707971781201195e-05,5
2005-04-21,2,0.0,1.0,0.0,1.0,1.9586801528930664,0.0002525043710192261,0.99187605176121,3.1626546842744574e-05,2
2005-04-22,2,0.0,1.0,0.0,1.0,0.060806688037700896,4.7696814363007434e-05,0.0020387771946842,2.5939103579730727e-05,2
2005-04-23,4,0.0,4.0,0.0,0.0,0.0245484907354691,0.00018469123642717022,0.0003329108840261521,7.978112626005895e-05,4
2005-04-24,0,,,,,0.0,0.0,0.0,0.0,0
2005-04-25,1,0.0,1.0,0.0,0.0,0.0271095521748065,3.998527608928271e-05,2.5429975721635856e-05,2.00660706468625e-05,1
2005-04-26,12,0.0,5.0,2.0,5.0,1.1063691622439362,0.0012127423024137843,1.0497123245131657,0.06952311677650858,11
2005-04-27,1,0.0,1.0,0.0,0.0,0.9922492504119872,2.3247879653354172e-05,3.940149690606631e-05,1.790970236470457e-05,1
2005-04-28,5,1.0,1.0,1.0,2.0,0.0010326651427019756,0.00025662781445133205,0.23806645397962692,0.023728679538180555,5
2005-04-29,2,1.0,0.0,1.0,0.0,0.0031224775466398326,4.4169812099426053e-05,4.316291961004026e-05,0.005490098028530977,2
2005-04-30,2,0.0,1.0,0.0,1.0,0.0025969191628973003,5.661075556417927e-05,0.9940935278682447,4.025275666208472e-05,2
2005-05-01,0,,,,,0.0,0.0,0.0,0.0,0
2005-05-02,2,1.0,1.0,0.0,0.0,0.9990191331598908,0.9843028485774994,0.0005022425757487754,2.5912454475474078e-05,1
2005-05-03,4,0.0,3.0,1.0,0.0,1.9944203051200016,9.462684101890773e-05,9.532760486763436e-05,0.0009347493287350251,4
2005-05-04,0,,,,,0.0,0.0,0.0,0.0,0
2005-05-05,1,0.0,0.0,0.0,1.0,0.0005675349966622,1.837791205616668e-05,0.9927728772163392,1.3714600754610728e-05,1
2005-05-06,2,0.0,2.0,0.0,0.0,0.9995432729192544,0.002821301821313596,5.3545174523605965e-05,5.9729541135311586e-05,2
2005-05-07,2,0.0,1.0,0.0,1.0,0.9988281450332579,4.884414011030458e-05,6.595706690859515e-05,3.0909195629647e-05,2
2005-05-08,0,,,,,0.0,0.0,0.0,0.0,0
2005-05-09,3,0.0,3.0,0.0,0.0,1.0002584618050603,7.432731035805773e-05,5.375344244384905e-05,7.547766472271178e-05,3
2005-05-10,1,0.0,1.0,0.0,0.0,0.0587796531617641,3.2329240639228374e-05,0.0001729647483443,1.4402166016225236e-05,1
2005-05-11,4,0.0,3.0,0.0,1.0,1.0103529162188352,7.712987644481473e-05,0.13180594944242324,6.206391572050052e-05,4
2005-05-12,3,0.0,1.0,0.0,2.0,0.010570650545559985,6.884790855110623e-05,0.6503642482421128,4.685455860453658e-05,3
2005-05-13,5,0.0,3.0,0.0,2.0,0.9277419818099585,0.00031667704206483406,1.865264886058867,8.69073510330054e-05,5
2005-05-14,4,1.0,2.0,1.0,0.0,1.1425775837269612,0.11626528777560441,0.0032824366207931943,0.006251425120353795,4
2005-05-15,0,,,,,0.0,0.0,0.0,0.0,0
2005-05-16,3,0.0,1.0,1.0,1.0,1.0159076790951076,0.00038183826291059776,0.9908570840652828,0.011155075294482146,3
2005-05-17,2,0.0,2.0,0.0,0.0,1.7411509156227112,0.0041399835954506895,0.003353770480316525,0.007781002237607021,2
2005-05-18,4,1.0,1.0,2.0,0.0,0.9903823684089731,0.00018887051555791664,0.00017274582023669798,0.00011241692300245631,2
2005-05-19,11,0.0,8.0,1.0,2.0,3.2997381734348887,0.00031775077604834223,0.04174226634677307,0.02214041800198167,11
2005-05-20,3,0.0,2.0,0.0,1.0,1.1742568969193599,5.980919650028227e-05,0.8516829966483782,0.9750133493434987,3
2005-05-21,4,1.0,3.0,0.0,0.0,0.0078321984765351,0.149692509232409,9.022795711643994e-05,5.779677940154215e-05,4
2005-05-22,0,,,,,0.0,0.0,0.0,0.0,0
2005-05-23,0,,,,,0.0,0.0,0.0,0.0,0
2005-05-24,1,0.0,1.0,0.0,0.0,0.019034706056118,4.187860395177268e-05,8.806934783933684e-05,1.7009177099680528e-05,1
2005-05-25,1,0.0,1.0,0.0,0.0,0.0005158067215234,1.655388950894121e-05,1.822473495849408e-05,1.2905465155199636e-05,1
2005-05-26,5,1.0,1.0,0.0,3.0,0.016898078860321932,0.000978886348093445,0.697293031545996,8.4759614765062e-05,5
2005-05-27,2,0.0,0.0,1.0,1.0,0.0022390033700502,3.2834639569045976e-05,0.9988080891544087,0.021974449290610137,2
2005-05-28,2,0.0,0.0,0.0,2.0,0.0002671347647264817,3.6196561268297955e-05,1.9938450455665588,2.938860961876344e-05,2
2005-05-29,0,,,,,0.0,0.0,0.0,0.0,0
2005-05-30,4,0.0,1.0,2.0,1.0,0.1420175649400334,0.00047918688142082407,0.0009948324950527876,0.05987092709619892,4
2005-05-31,8,1.0,5.0,0.0,2.0,4.579121311220661,0.013851999183316244,0.7443550487278116,0.00022652969164473747,8
2005-06-01,3,0.0,2.0,1.0,0.0,2.028839413076639,0.001159020690465664,0.0008820759812806022,0.9585778987002413,3
2005-06-02,3,0.0,1.0,2.0,0.0,0.0021341741521609245,4.831068599742139e-05,5.678304114553612e-05,0.027569372335165,3
2005-06-03,2,0.0,2.0,0.0,0.0,0.0021651625866069,4.3344683945178986e-05,4.112433634873014e-05,4.892801371170208e-05,2
2005-06-04,2,0.0,2.0,0.0,0.0,0.13496899837628,7.909573832876049e-05,4.3426562115200795e-05,3.7404626709758304e-05,2
2005-06-05,0,,,,,0.0,0.0,0.0,0.0,0
2005-06-06,5,0.0,5.0,0.0,0.0,1.997336839340278,0.00020934355961799156,0.00022922568132335933,0.0013359397362363837,5
2005-06-07,0,,,,,0.0,0.0,0.0,0.0,0
2005-06-08,4,0.0,1.0,1.0,2.0,0.6854410053419996,0.03125506501783089,1.0636087067668996,0.01498308119062114,4
2005-06-09,6,0.0,3.0,0.0,3.0,0.3175316048800594,0.00041488505485166665,2.9069241890138073,9.429786041437183e-05,6
2005-06-10,5,1.0,3.0,0.0,1.0,1.8047146204444289,0.021278254918797642,0.002122747588145944,7.476446899090661e-05,4
2005-06-11,8,0.0,8.0,0.0,0.0,5.80452051514294,0.0030092641227383323,0.0019359269099367814,0.00013676136313733878,8
2005-06-12,0,,,,,0.0,0.0,0.0,0.0,0
2005-06-13,8,1.0,5.0,1.0,1.0,4.666914110159269,0.0003844863613266659,0.041475363228528205,0.01220767848644746,7
2005-06-14,2,0.0,2.0,0.0,0.0,1.0039232540875673,0.000916557741220389,0.006792022977606338,0.0008579228497182698,2
2005-06-15,5,0.0,2.0,0.0,3.0,2.712324853746395,0.00017707497318042442,0.9959392749078686,0.0005752548877353495,5
2005-06-16,5,0.0,3.0,0.0,2.0,0.9711428007121866,0.0004137179812459922,1.0061006727282802,9.479696655034786e-05,5
2005-06-17,5,1.0,2.0,1.0,1.0,0.00031864883749212767,8.957178306445712e-05,0.037615947177982854,0.03758957291393015,2
2005-06-18,3,0.0,3.0,0.0,0.0,0.6781557996291666,8.354050805792212e-05,9.619073534850031e-05,5.860204964847071e-05,3
2005-06-19,0,,,,,0.0,0.0,0.0,0.0,0
2005-06-20,6,1.0,4.0,0.0,1.0,0.9623944399063474,0.0012384947831378349,0.00567730588772966,9.132263585343026e-05,6
2005-06-21,3,1.0,1.0,0.0,1.0,0.0045263417996464,0.005122829505125923,0.9562416768385447,5.762558612332214e-05,3
2005-06-22,3,0.0,2.0,1.0,0.0,1.9930988843552768,0.0005694593601219084,0.00031499764554607826,0.02199083762843653,3
2005-06-23,3,0.0,3.0,0.0,0.0,2.925021529197693,9.851908544078468e-05,9.566676453687252e-05,5.079828042653389e-05,3
2005-06-24,2,0.0,1.0,0.0,1.0,0.0021629180992021,3.481334715615958e-05,0.9345170131391568,2.726244565565139e-05,2
2005-06-25,7,0.0,3.0,0.0,4.0,0.22856909110851098,0.00017668225609668298,3.9264247114842874,0.00010589454996079439,7
2005-06-26,0,,,,,0.0,0.0,0.0,0.0,0
2005-06-27,1,0.0,0.0,1.0,0.0,0.003105407115072,1.8046819604933265e-05,2.23497499973746e-05,0.0054754358716309,1
2005-06-28,1,0.0,0.0,0.0,1.0,0.013913326896727,1.942143171618227e-05,0.1115206182003021,2.149559441022575e-05,1
2005-06-29,4,0.0,3.0,0.0,1.0,1.047826448455453,0.00017790523907022814,0.9171223880239269,0.011592423892579806,4
2005-06-30,2,0.0,1.0,0.0,1.0,1.0334812141954899,9.130897888098843e-05,0.05599514319692382,3.660276524897199e-05,2
2005-07-01,0,,,,,0.0,0.0,0.0,0.0,0
2005-07-02,1,0.0,0.0,0.0,1.0,0.017945609986782,2.178749855374917e-05,0.9233011603355408,0.0023300286848098,1
2005-07-03,0,,,,,0.0,0.0,0.0,0.0,0
2005-07-04,4,0.0,1.0,0.0,3.0,0.0069096585466466446,7.596143495902652e-05,1.3126825130275392,5.799269911221927e-05,4
2005-07-05,3,1.0,2.0,0.0,0.0,0.9880245604945229,0.05213993488723636,0.0033726926412782432,4.50583365818602e-05,3
2005-07-06,1,0.0,0.0,0.0,1.0,0.0015007078181952,0.0005886266008019,0.0025200662203133,1.6593647160334513e-05,1
2005-07-07,3,2.0,0.0,1.0,0.0,0.00015856059144425672,0.00013949077219876926,8.423415602010209e-05,0.011154035013532763,3
2005-07-08,1,0.0,1.0,0.0,0.0,0.9462457299232484,2.6415527827339247e-05,2.236579530290328e-05,2.040929030044936e-05,1
2005-07-09,0,,,,,0.0,0.0,0.0,0.0,0
2005-07-10,0,,,,,0.0,0.0,0.0,0.0,0
2005-07-11,3,0.0,3.0,0.0,0.0,0.9913831299836602,5.6198960010078736e-05,0.0005459285366668219,4.2846954784181435e-05,3
2005-07-12,12,2.0,9.0,1.0,0.0,2.0962868122842333,0.11452961071972803,0.03740889040091102,0.00047915604136500767,12
2005-07-13,9,0.0,4.0,0.0,5.0,0.06433096942055248,0.0003469768471404423,3.996650068888812,0.00014528428891935619,9
2005-07-14,2,0.0,0.0,2.0,0.0,0.002607357564556813,3.216635377611965e-05,4.082969644514378e-05,0.042551344260573304,2
2005-07-15,4,0.0,1.0,2.0,1.0,0.0003216339719073475,6.140396635601064e-05,0.43398819773574354,0.00680056882447383,2
2005-07-16,2,0.0,2.0,0.0,0.0,1.0030335909686983,0.0011754077604563694,0.0001592321423230748,3.5020566429011524e-05,2
2005-07-17,0,,,,,0.0,0.0,0.0,0.0,0
2005-07-18,2,0.0,1.0,0.0,1.0,0.0008850080248520535,5.19913464813726e-05,0.9875632903731456,3.3718433769536205e-05,2
2005-07-19,6,0.0,3.0,1.0,2.0,2.9299946753344557,0.0010821657178893456,0.9687534784425224,0.0009751868274179035,6
2005-07-20,1,0.0,1.0,0.0,0.0,0.0005943496362306,4.7262758016586304e-05,2.490745646355208e-05,2.177612986997701e-05,1
2005-07-21,2,0.0,1.0,0.0,1.0,1.101614035665989,0.0035653781560540266,0.9191704610711894,2.9716386052314192e-05,2
2005-07-22,0,,,,,0.0,0.0,0.0,0.0,0
2005-07-23,1,0.0,0.0,0.0,1.0,0.0002130104112438,2.6909927328233607e-05,0.001391919911839,1.433929537597578e-05,1
2005-07-24,0,,,,,0.0,0.0,0.0,0.0,0
2005-07-25,0,,,,,0.0,0.0,0.0,0.0,0
2005-07-26,1,0.0,0.0,1.0,0.0,3.6249199183657765e-05,1.4345757335831877e-05,3.5392684367252514e-05,0.0008905126014724,1
2005-07-27,3,0.0,2.0,0.0,1.0,0.015400849983052411,6.634692545048892e-05,0.0038573085785173966,5.189566400076728e-05,2
2005-07-28,4,0.0,3.0,0.0,1.0,0.30621511778736,0.00011447488759586122,0.9990174184822536,5.344350665836828e-05,4
2005-07-29,5,0.0,4.0,0.0,1.0,1.0934114187257362,0.0013339837205420637,0.09480071531652338,7.77779778218246e-05,5
2005-07-30,1,0.0,1.0,0.0,0.0,0.9983301758766174,2.7233254513703287e-05,2.070018126687501e-05,1.9532748410711065e-05,1
2005-07-31,0,,,,,0.0,0.0,0.0,0.0,0
2005-08-01,2,0.0,1.0,1.0,0.0,0.010863741063076299,3.2187030228669755e-05,5.2737763326149434e-05,0.0009070911037269007,2
2005-08-02,3,0.0,3.0,0.0,0.0,1.9894430526546785,5.143857652001316e-05,0.0005553226437768848,4.171059663349297e-05,3
2005-08-03,2,0.0,2.0,0.0,0.0,0.9900822680683633,3.639710030256538e-05,5.137214975547977e-05,3.073649713769555e-05,2
2005-08-04,2,0.0,1.0,0.0,1.0,6.553740240633488e-05,3.987451145803789e-05,0.05175647224677956,2.694545764825307e-05,2
2005-08-05,14,0.0,11.0,0.0,3.0,5.242068177092733,0.0036344157551862813,2.216800029562364,0.00521550350913433,14
2005-08-06,6,2.0,4.0,0.0,0.0,1.9730974980375322,0.003349475573486186,0.010276879034790853,0.00010484756603545975,6
2005-08-07,0,,,,,0.0,0.0,0.0,0.0,0
2005-08-08,3,0.0,1.0,1.0,1.0,0.9994041453610407,7.101743904058821e-05,0.003442613922743435,0.07939144831107108,3
2005-08-09,5,0.0,5.0,0.0,0.0,3.155973395332694,0.011393988432246259,0.00015415812231367454,0.00040655123302712765,5
2005-08-10,3,0.0,3.0,0.0,0.0,0.010770605003926702,0.0009902540768961,0.0008164246246451196,5.153895108378492e-05,3
2005-08-11,4,0.0,3.0,1.0,0.0,0.004369865229818699,0.0005916845757382493,0.00029021526461274667,0.03761850856790259,4
2005-08-12,3,0.0,3.0,0.0,0.0,0.9994490627068443,6.245496660994831e-05,0.00010874971121666022,0.9442884139589296,3
2005-08-13,2,0.0,1.0,1.0,0.0,0.9971942666452378,3.9948924495547544e-05,0.0008975529708550025,0.9895599572919308,2
2005-08-14,0,,,,,0.0,0.0,0.0,0.0,0
2005-08-15,1,0.0,1.0,0.0,0.0,2.3513299311161973e-05,1.4420671504922211e-05,1.37462893690099e-05,1.2683110981015489e-05,1
2005-08-16,1,1.0,0.0,0.0,0.0,0.0049229012802243,0.8875399231910706,1.984918708330952e-05,1.220523517986294e-05,1
2005-08-17,0,,,,,0.0,0.0,0.0,0.0,0
2005-08-18,6,0.0,5.0,0.0,1.0,0.1471014968119558,0.0014607604243792418,0.046031183192098944,8.949881521402858e-05,6
2005-08-19,1,0.0,1.0,0.0,0.0,0.9980759620666504,0.0017002791864797,5.4943549912422895e-05,4.427762542036362e-05,1
2005-08-20,1,0.0,1.0,0.0,0.0,0.9918131828308104,0.0007494773017242,0.0003775766526814,1.37040178742609e-05,1
2005-08-21,0,,,,,0.0,0.0,0.0,0.0,0
2005-08-22,0,,,,,0.0,0.0,0.0,0.0,0
2005-08-23,2,0.0,2.0,0.0,0.0,0.9927758281701243,6.684550680802204e-05,3.2744886993896216e-05,2.8204634872963652e-05,2
2005-08-24,4,0.0,2.0,0.0,2.0,1.470119450968923,0.00011548716975084972,1.066036029733368,6.967558056203416e-05,4
2005-08-25,2,1.0,1.0,0.0,0.0,5.134602361067664e-05,4.885585622105282e-05,5.203208274906501e-05,2.9838203772669655e-05,2
2005-08-26,2,0.0,2.0,0.0,0.0,0.0242264289408921,3.9092195947887376e-05,5.190673800825607e-05,6.228410165931564e-05,2
2005-08-27,5,0.0,1.0,0.0,4.0,0.9971813720130739,8.802219235803932e-05,2.0036238626635168,9.07990515770507e-05,5
2005-08-28,0,,,,,0.0,0.0,0.0,0.0,0
2005-08-29,0,,,,,0.0,0.0,0.0,0.0,0
2005-08-30,2,0.0,2.0,0.0,0.0,1.9913685321807861,0.003631777894042844,0.0011974743101745,2.726867387536913e-05,2
2005-08-31,0,,,,,0.0,0.0,0.0,0.0,0
2005-09-01,0,,,,,0.0,0.0,0.0,0.0,0
2005-09-02,1,0.0,1.0,0.0,0.0,0.99761164188385,0.0030208171810954,0.0003667548007797,1.491291004640516e-05,1
2005-09-03,1,0.0,0.0,0.0,1.0,2.641759783728048e-05,2.4708295313757844e-05,3.968225428252481e-05,1.3698667316930369e-05,1
2005-09-04,0,,,,,0.0,0.0,0.0,0.0,0
2005-09-05,0,,,,,0.0,0.0,0.0,0.0,0
2005-09-06,0,,,,,0.0,0.0,0.0,0.0,0
2005-09-07,0,,,,,0.0,0.0,0.0,0.0,0
2005-09-08,3,0.0,2.0,1.0,0.0,0.01126714861311465,8.561038703192025e-05,0.00017744756041793153,0.011053750333303441,3
2005-09-09,1,0.0,1.0,0.0,0.0,2.351334478589706e-05,1.4420671504922211e-05,1.3746308468398638e-05,1.2683110071520788e-05,1
2005-09-10,0,,,,,0.0,0.0,0.0,0.0,0
2005-09-11,0,,,,,0.0,0.0,0.0,0.0,0
2005-09-12,9,1.0,1.0,3.0,4.0,0.048854362974452635,0.00018155719862988917,2.8769381492693356,0.00026835101925826166,9
2005-09-13,0,,,,,0.0,0.0,0.0,0.0,0
2005-09-14,4,0.0,1.0,0.0,3.0,0.0007505380435758784,0.00011115703819086775,0.5155543276050591,6.144350390968611e-05,4
2005-09-15,1,0.0,1.0,0.0,0.0,0.000156543275807,0.000125729246065,2.8242086045793258e-05,1.649828664085362e-05,1
2005-09-16,1,0.0,1.0,0.0,0.0,0.979386568069458,2.1379624740802683e-05,0.0014596480177715,1.3756689440924674e-05,1
2005-09-17,0,,,,,0.0,0.0,0.0,0.0,0
2005-09-18,0,,,,,0.0,0.0,0.0,0.0,0
2005-09-19,2,0.0,1.0,1.0,0.0,0.01538519053428894,3.4742075513349846e-05,4.3549114707275294e-05,0.0013691303556696718,1
2005-09-20,0,,,,,0.0,0.0,0.0,0.0,0
2005-09-21,1,0.0,1.0,0.0,0.0,0.00024678040063,7.588963489979506e-05,6.29868809483014e-05,2.099802986776922e-05,1
2005-09-22,4,0.0,3.0,0.0,1.0,1.0942866725090423,0.0002323170647286977,0.11097532160056271,0.6712883322961715,4
2005-09-23,1,0.0,0.0,0.0,1.0,2.521190617699176e-05,2.696734372875653e-05,3.8872236473253e-05,1.4030627426109277e-05,1
2005-09-24,2,0.0,2.0,0.0,0.0,0.0135858482681213,0.0007758488354738746,0.00013669483087132495,5.959015743428609e-05,1
2005-09-25,0,,,,,0.0,0.0,0.0,0.0,0
2005-09-26,5,0.0,2.0,0.0,3.0,1.7561039085267112,0.0017903325115184885,1.9938747891919775,8.7493959654239e-05,5
2005-09-27,6,0.0,4.0,0.0,2.0,0.08262252307576984,0.0003366960954735125,1.013376664588577,0.00010741288042481756,6
2005-09-28,2,1.0,0.0,0.0,1.0,3.477445716271177e-05,4.8763993618194945e-05,5.9164503909414634e-05,2.8345091777737252e-05,2
2005-09-29,4,2.0,2.0,0.0,0.0,0.00013224153553892393,8.000170873856405e-05,0.00010163514889427461,6.272513383009937e-05,4
2005-09-30,5,0.0,3.0,1.0,1.0,2.919870863424876,0.0012065322080161299,0.9344261108244609,0.009634854656724192,5
2005-10-01,0,,,,,0.0,0.0,0.0,0.0,0
2005-10-02,0,,,,,0.0,0.0,0.0,0.0,0
2005-10-03,8,2.0,2.0,0.0,4.0,0.8661395383023771,0.0005353131673472602,1.9403457201042327,0.0001585168720339425,8
2005-10-04,1,0.0,0.0,0.0,1.0,0.0013416595757007,2.0070270693395287e-05,0.9474890828132628,1.3023382052779198e-05,1
2005-10-05,5,0.0,5.0,0.0,0.0,2.9532450024198624,0.003318345658044404,0.0017997053600991826,0.004077448378666267,4
2005-10-06,1,0.0,1.0,0.0,0.0,0.99509459733963,3.905348785337992e-05,2.215019048890099e-05,1.608763159310911e-05,1
2005-10-07,2,0.0,2.0,0.0,0.0,1.9914388060569763,0.002909450999140945,0.0004271745419827749,3.008082330779871e-05,2
2005-10-08,1,0.0,0.0,1.0,0.0,0.0003479278821032,1.807332591852173e-05,0.0060100643895566,0.0160391125828027,1
2005-10-09,0,,,,,0.0,0.0,0.0,0.0,0
2005-10-10,3,0.0,1.0,1.0,1.0,1.963287729769945,0.0003824526920652082,0.04533809987879063,0.9674474212060886,3
2005-10-11,1,0.0,1.0,0.0,0.0,0.0026829112321138,1.6722373402444646e-05,2.033255441347137e-05,1.3328106433618814e-05,1
2005-10-12,0,,,,,0.0,0.0,0.0,0.0,0
2005-10-13,1,0.0,0.0,0.0,1.0,1.653139952395577e-05,1.4094402104092296e-05,8.703638741280884e-05,1.3174697414797263e-05,1
2005-10-14,9,0.0,9.0,0.0,0.0,5.987115680225543,0.00027215515547140967,0.00019951834110543132,0.0007823450268915609,9
2005-10-15,2,2.0,0.0,0.0,0.0,3.647855919552967e-05,4.1932067688321695e-05,4.1707316995598376e-05,3.0402472475543615e-05,2
2005-10-16,0,,,,,0.0,0.0,0.0,0.0,0
2005-10-17,0,,,,,0.0,0.0,0.0,0.0,0
2005-10-18,3,0.0,2.0,0.0,1.0,1.1594303483143447,0.000556268249056211,0.93400010917685,5.1856447498721536e-05,3
2005-10-19,3,0.0,1.0,1.0,1.0,1.0091702206991613,6.606693204957992e-05,0.9959204670667533,0.0021636563378705947,3
2005-10-20,4,0.0,0.0,3.0,1.0,0.0331744025461374,7.233838732645381e-05,0.29903753943653993,2.889358236861881,4
2005-10-21,3,0.0,1.0,2.0,0.0,0.00012441874059732072,4.55000717920484e-05,7.136029944376787e-05,0.012026037804389383,3
2005-10-22,0,,,,,0.0,0.0,0.0,0.0,0
2005-10-23,0,,,,,0.0,0.0,0.0,0.0,0
2005-10-24,1,0.0,1.0,0.0,0.0,0.003405311377719,0.0011844722321256,0.0018461202271282,2.0406156181707047e-05,1
2005-10-25,3,0.0,3.0,0.0,0.0,2.9970934987068176,6.467336424975656e-05,6.088800546422135e-05,0.9436486315553337,3
2005-10-26,9,2.0,2.0,2.0,3.0,1.9847844782270836,0.018821837663381108,0.04202417413762281,0.034409738823342084,9
2005-10-27,2,0.0,1.0,0.0,1.0,0.0511720104841514,0.02273396104646957,0.9997081152214378,6.337022750813048e-05,2
2005-10-28,1,0.0,1.0,0.0,0.0,0.9914828538894652,2.294500336574856e-05,3.996135274064727e-05,1.7695514543447644e-05,1
2005-10-29,1,0.0,1.0,0.0,0.0,0.93059641122818,0.0001281013537663,2.5447710868320428e-05,1.5504487237194553e-05,1
2005-10-30,0,,,,,0.0,0.0,0.0,0.0,0
2005-10-31,3,0.0,1.0,0.0,2.0,0.0001042090698319953,5.621950185741298e-05,8.470969805784989e-05,4.167364295426523e-05,3
2005-11-01,4,0.0,2.0,0.0,2.0,1.9597158581091205,0.0008775507121753778,1.984537711043231,0.007946416178128825,4
2005-11-02,3,0.0,3.0,0.0,0.0,0.0190441804879809,5.6234423027490266e-05,0.004398390552523724,4.382052429718897e-05,3
2005-11-03,4,0.0,3.0,1.0,0.0,1.0010196365819863,9.190560922434088e-05,8.039611748245079e-05,7.824762724339962e-05,3
2005-11-04,10,0.0,4.0,0.0,6.0,3.7047495954029728,0.00044380271083351334,2.3957705962038744,0.00015398057803395204,10
2005-11-05,1,0.0,1.0,0.0,0.0,3.042687058041338e-05,1.502858958701836e-05,1.9586152120609768e-05,1.2545222489279697e-05,0
2005-11-06,0,,,,,0.0,0.0,0.0,0.0,0
2005-11-07,1,0.0,0.0,1.0,0.0,0.0019541359506547,2.5677529265522026e-05,2.0252125978004187e-05,0.9418543577194214,1
2005-11-08,4,0.0,4.0,0.0,0.0,2.9933886006474495,0.0008519470466125232,0.005325886275386413,5.943839369138004e-05,4
2005-11-09,1,0.0,0.0,1.0,0.0,3.624900637078099e-05,1.4345770978252403e-05,3.539271710906178e-05,0.0008905077120289,1
2005-11-10,3,0.0,1.0,0.0,2.0,0.006905927668412857,0.010016317634835967,1.9442331818390812,9.713517101772597e-05,3
2005-11-11,6,0.0,3.0,1.0,2.0,0.9285854828922309,0.00022642076055489333,1.0251963341906956,0.0036358181432660543,6
2005-11-12,7,1.0,1.0,0.0,5.0,0.04767020644430862,0.9016826570605191,1.9975226940041464,0.00010120285696757492,7
2005-11-13,0,,,,,0.0,0.0,0.0,0.0,0
2005-11-14,1,0.0,1.0,0.0,0.0,0.979856252670288,1.806785621738527e-05,2.824167131620925e-05,1.56503538164543e-05,1
2005-11-15,4,0.0,2.0,1.0,1.0,1.8964047263289103,0.00012712312309304252,9.407577817910351e-05,0.033119825388894235,4
2005-11-16,3,0.0,3.0,0.0,0.0,1.9101606151089072,7.019457370915916e-05,7.564299812656827e-05,4.433351568877697e-05,3
2005-11-17,7,1.0,6.0,0.0,0.0,3.8882802005973645,0.11032181644804928,0.0013290448860060534,0.00019353924471943174,7
2005-11-18,6,1.0,4.0,0.0,1.0,1.0629402870472402,0.0015254466525219683,0.043050330423284294,0.03567709133676521,6
2005-11-19,5,1.0,4.0,0.0,0.0,2.8356673070011307,0.08947318446371343,0.035528504402463926,0.00022981721667743522,5
2005-11-20,0,,,,,0.0,0.0,0.0,0.0,0
2005-11-21,2,0.0,2.0,0.0,0.0,0.41505834693089116,0.0036669066175817,4.729226930066943e-05,3.527998524077702e-05,2
2005-11-22,10,1.0,7.0,0.0,2.0,3.1522331123815093,0.093189934517795,1.0092898563671038,0.006840206964625328,10
2005-11-23,6,2.0,1.0,1.0,2.0,0.015908468307315914,0.02634883473729126,0.3805609966311748,0.0636393240520192,6
2005-11-24,8,1.0,4.0,0.0,3.0,0.9593644850428971,0.006461936150117235,1.9168444348160845,0.00011801906839536969,8
2005-11-25,8,0.0,4.0,0.0,4.0,0.9879472505763258,0.0001679758470345405,3.8902252946118097,0.0016649589642837978,8
2005-11-26,2,1.0,1.0,0.0,0.0,0.0015209233970381,0.002978723033265832,4.4035117753082886e-05,2.7777735340350773e-05,2
2005-11-27,0,,,,,0.0,0.0,0.0,0.0,0
2005-11-28,4,0.0,2.0,2.0,0.0,1.820703898978536,0.00025132276095964973,0.006564657138369466,0.9856448754326265,4
2005-11-29,12,0.0,8.0,1.0,3.0,2.7041039298346727,0.0004276399449735087,0.1331695415501596,0.14608776178647523,12
2005-11-30,1,0.0,0.0,0.0,1.0,0.0082441130653023,3.3037762477761135e-05,0.0260511729866266,0.0042219934985041,1
2005-12-01,11,0.0,1.0,0.0,10.0,0.017864383074993294,0.00045836303615935084,2.829418444316616,0.0001490944323450094,11
2005-12-02,8,0.0,6.0,0.0,2.0,0.007200186426416421,0.0001871331114671193,0.0018372079466643248,0.0001043645588651998,8
2005-12-03,2,0.0,1.0,0.0,1.0,0.847811235114932,3.9636071960558183e-05,0.8940085498907138,0.0007582175921924269,2
2005-12-04,0,,,,,0.0,0.0,0.0,0.0,0
2005-12-05,3,0.0,1.0,0.0,2.0,0.0010436499651404229,0.00043577868291317745,0.9493713292804387,4.251596146787051e-05,3
2005-12-06,2,0.0,0.0,0.0,2.0,0.006181285916682097,0.00013198188753443124,1.7315654158592224,0.008763079453274172,2
2005-12-07,1,0.0,1.0,0.0,0.0,0.6102893352508545,3.5881548683391884e-05,3.110961552010849e-05,1.770354174368549e-05,1
2005-12-08,2,0.0,0.0,2.0,0.0,0.006134070921689201,3.062896394112613e-05,3.891174492309801e-05,0.0581304058432578,2
2005-12-09,0,,,,,0.0,0.0,0.0,0.0,0
2005-12-10,1,0.0,1.0,0.0,0.0,0.0173268634825944,8.568798511987552e-05,2.9597373213618997e-05,1.7529084288980812e-05,1
2005-12-11,0,,,,,0.0,0.0,0.0,0.0,0
2005-12-12,4,1.0,2.0,0.0,1.0,1.9643926256903796,0.9674251787182585,1.0956853676652827,0.00021477549489645577,3
2005-12-13,1,0.0,1.0,0.0,0.0,0.8793565034866333,1.3980872608954089e-05,0.0035964509006589,1.290350792260142e-05,1
2005-12-14,5,1.0,3.0,0.0,1.0,0.041107612159976076,0.9327012309749989,0.0011964093500863937,7.10389267624123e-05,4
2005-12-15,1,0.0,1.0,0.0,0.0,5.048395178164356e-05,1.5887864719843492e-05,1.864473961177282e-05,1.300153508054791e-05,1
2005-12-16,4,0.0,4.0,0.0,0.0,1.0054844109654368,0.0003821794953181792,0.00015699048708484042,6.362184103636535e-05,4
2005-12-17,8,0.0,6.0,0.0,2.0,2.323741364220041,0.00022108709345047828,0.9907850263134603,0.00035231738547729293,8
2005-12-18,0,,,,,0.0,0.0,0.0,0.0,0
2005-12-19,0,,,,,0.0,0.0,0.0,0.0,0
2005-12-20,0,,,,,0.0,0.0,0.0,0.0,0
2005-12-21,2,1.0,0.0,1.0,0.0,0.012673024401010454,0.015612452792083786,0.00022871183318778972,0.00011153506238770204,2
2005-12-22,3,1.0,2.0,0.0,0.0,0.012219642279887886,0.004477247841350565,0.0002660111922522539,0.00010613127233227715,3
2005-12-23,6,2.0,2.0,2.0,0.0,1.7606716052750926,0.00017288765411649365,0.11273690622238063,0.0929521210910024,6
2005-12-24,2,1.0,0.0,0.0,1.0,0.00016889754806467675,0.00011512425408000126,0.0229427015856344,3.078842564718798e-05,2
2005-12-25,0,,,,,0.0,0.0,0.0,0.0,0
2005-12-26,1,0.0,0.0,0.0,1.0,0.0021806573495268,0.002181569347158,0.0406380221247673,1.5149136743275449e-05,1
2005-12-27,5,0.0,4.0,0.0,1.0,1.9461495830437343,0.004173503805759385,0.00023325609618035545,0.005463984230118395,4
2005-12-28,8,0.0,7.0,0.0,1.0,5.887365005444735,0.0007459837579517303,1.8718923553824423,0.00025308800377378505,8
2005-12-29,3,1.0,1.0,0.0,1.0,0.004168121889961093,0.0018771631821436808,0.9980849822677555,0.00012287641220609657,3
2005-12-30,3,1.0,1.0,1.0,0.0,0.00011277497651462909,9.59001226874534e-05,6.540223421325209e-05,0.00021624779583354035,0
2005-12-31,2,0.0,0.0,2.0,0.0,4.031923526781611e-05,3.549961911630817e-05,4.78052425023634e-05,0.00012307937140576541,2
2006-01-01,0,,,,,0.0,0.0,0.0,0.0,0
2006-01-02,1,0.0,0.0,0.0,1.0,0.0080546159297227,0.0016100531211122,0.9752037525177002,1.331735802523326e-05,1
2006-01-03,5,0.0,4.0,0.0,1.0,0.0366474748589097,0.00202165220980524,0.008373849846975522,0.005347309006538053,5
2006-01-04,0,,,,,0.0,0.0,0.0,0.0,0
2006-01-05,3,0.0,3.0,0.0,0.0,1.9969463950255886,0.0001326944457105128,7.188984636741225e-05,4.735989205073565e-05,2
2006-01-06,5,0.0,0.0,1.0,4.0,2.2480595324886963,0.0009053779904206125,3.930556360135597,0.023799030791451414,5
2006-01-07,0,,,,,0.0,0.0,0.0,0.0,0
2006-01-08,0,,,,,0.0,0.0,0.0,0.0,0
2006-01-09,1,0.0,1.0,0.0,0.0,7.514008757425472e-05,1.7644691979512572e-05,6.0810838476754725e-05,1.4405772162717769e-05,1
2006-01-10,17,1.0,8.0,1.0,7.0,5.522043253555239,0.4189174021130382,4.580086834204849,0.036589128236300825,17
2006-01-11,0,,,,,0.0,0.0,0.0,0.0,0
2006-01-12,0,,,,,0.0,0.0,0.0,0.0,0
2006-01-13,9,0.0,1.0,0.0,8.0,4.595687831642863,0.0027183089860044443,5.862038885941729,0.00012162389066361357,9
2006-01-14,3,0.0,2.0,0.0,1.0,0.9530293527059257,9.771340774022974e-05,0.9745216881183296,4.547631306195399e-05,3
2006-01-15,0,,,,,0.0,0.0,0.0,0.0,0
2006-01-16,2,0.0,1.0,0.0,1.0,0.00047115426423252686,3.0293096642708406e-05,0.0005446294026114616,2.5800975890888367e-05,2
2006-01-17,4,1.0,1.0,1.0,1.0,0.9958140618928156,9.987874727812596e-05,0.002741392774623711,0.008736605495869264,4
2006-01-18,10,1.0,6.0,0.0,3.0,2.9853984716883133,0.023177835148089725,0.9433891446533379,0.00019529581550159492,7
2006-01-19,10,0.0,8.0,0.0,2.0,2.902994147627396,0.0003865076087095076,0.827295801918808,0.00020111755293328315,10
2006-01-20,19,1.0,16.0,0.0,2.0,6.07065447133209,0.035152337179169955,1.7898924036308017,0.0023543624311058876,18
2006-01-21,6,0.0,5.0,1.0,0.0,0.03650596957595522,0.00023321353546634782,0.00013928411681263242,0.013944647456810321,6
2006-01-22,0,,,,,0.0,0.0,0.0,0.0,0
2006-01-23,9,0.0,5.0,1.0,3.0,3.0152927741219173,0.00022848928347229958,0.15677456431694733,0.023801076034942494,9
2006-01-24,14,0.0,7.0,2.0,5.0,3.190853632164362,0.0008033689846342703,2.999015300550127,0.025696507124848594,14
2006-01-25,5,2.0,1.0,0.0,2.0,0.03144193086700384,0.0022569686325368547,0.004457935621758186,7.492824443033896e-05,5
2006-01-26,4,0.0,2.0,0.0,2.0,1.0116441366262734,0.0008306219860969118,0.933958766016076,5.557531403610483e-05,4
2006-01-27,10,0.0,10.0,0.0,0.0,6.986807067180052,0.0003968251676269574,0.11018913744737797,0.0001763854979799362,10
2006-01-28,0,,,,,0.0,0.0,0.0,0.0,0
2006-01-29,0,,,,,0.0,0.0,0.0,0.0,0
2006-01-30,4,0.0,2.0,1.0,1.0,0.9448713542788028,7.943742548377486e-05,0.00013310075337358285,0.04734139503489124,3
2006-01-31,15,2.0,9.0,0.0,4.0,5.925163489439001,1.2750331127417667,2.016496880553859,0.0002646288403411745,15
2006-02-01,11,1.0,9.0,0.0,1.0,6.334680001647939,0.042309033402488795,0.019141947796015094,0.000204310886147141,11
2006-02-02,1,0.0,1.0,0.0,0.0,8.96952478797175e-05,2.4285402105306275e-05,2.4017954274313524e-05,1.2346448784228414e-05,0
2006-02-03,17,0.0,7.0,1.0,9.0,7.075052628046251,0.00031987476722861174,4.8013764782081125,0.9711504873912418,17
2006-02-04,1,0.0,0.0,0.0,1.0,4.4673233787762e-05,1.655955747992266e-05,0.0668882206082344,1.2567795238282995e-05,1
2006-02-05,0,,,,,0.0,0.0,0.0,0.0,0
2006-02-06,9,1.0,6.0,0.0,2.0,0.32032274092489366,0.4175666350129175,1.0209436764453128,0.002578930843810648,9
2006-02-07,7,0.0,6.0,0.0,1.0,3.984622550844506,0.0002833678081515245,0.0027840919101435363,0.0001345500322713633,7
2006-02-08,3,0.0,2.0,1.0,0.0,0.07785706043796373,0.006756568423952461,7.117873792594764e-05,0.0014501824516627865,3
2006-02-09,9,1.0,8.0,0.0,0.0,5.864337107166648,0.03893739719205763,0.005514572127140087,0.001138654530222961,9
2006-02-10,2,1.0,1.0,0.0,0.0,0.995070162032789,0.0007043781988613022,7.955196633702144e-05,2.905812652898021e-05,1
2006-02-11,1,0.0,0.0,0.0,1.0,0.0066521349363029,0.0004374012933112,0.0468340702354908,1.6622243492747657e-05,1
2006-02-12,0,,,,,0.0,0.0,0.0,0.0,0
2006-02-13,1,0.0,0.0,1.0,0.0,4.115274350624532e-05,1.5467374396394007e-05,1.557831092213746e-05,0.0630650669336319,1
2006-02-14,4,0.0,4.0,0.0,0.0,3.718507409095764,0.0054428798212028656,0.00013707468860957306,0.00021338001351974207,4
2006-02-15,6,0.0,3.0,2.0,1.0,1.2118340462784545,9.484955626248848e-05,0.0011645739232334822,0.024659949976012202,6
2006-02-16,8,0.0,4.0,2.0,2.0,2.387589979160111,0.00034585003595561444,0.07300593915533665,0.038530572579475,8
2006-02-17,2,0.0,2.0,0.0,0.0,1.0217057839035986,0.00011216511575184995,0.00010317553460481577,0.00012843234071624465,2
2006-02-18,4,0.0,2.0,0.0,2.0,0.9777155985066199,0.0013281187166284706,0.03802550740329008,5.6380778005404864e-05,4
2006-02-19,0,,,,,0.0,0.0,0.0,0.0,0
2006-02-20,3,0.0,2.0,0.0,1.0,0.037243714556097804,0.0002545358674978174,0.9882278664917975,4.579203960020095e-05,3
2006-02-21,4,0.0,3.0,0.0,1.0,1.9971737421583382,0.00010301159272785299,0.9924126403238915,6.010137622070033e-05,4
2006-02-22,2,0.0,1.0,0.0,1.0,0.99995882762596,4.499416900216602e-05,0.03987649432747268,3.118821950920392e-05,2
2006-02-23,5,1.0,3.0,1.0,0.0,1.0199558177555446,0.05069229714717942,0.9443479487172225,0.2946184635429745,5
2006-02-24,1,0.0,1.0,0.0,0.0,0.9986912608146667,3.6816945794271305e-05,1.900469032989349e-05,2.5830517188296653e-05,1
2006-02-25,2,1.0,1.0,0.0,0.0,0.9918851846832696,0.0018369372628512382,4.821992843062617e-05,3.1551481697533745e-05,2
2006-02-26,0,,,,,0.0,0.0,0.0,0.0,0
2006-02-27,7,0.0,2.0,1.0,4.0,0.9899321070843144,0.00020480077910178807,2.1734187949987245,0.014347002633257848,2
2006-02-28,3,1.0,1.0,0.0,1.0,0.9792864464234298,0.9167201078817016,0.0018843698635464528,4.211304440104868e-05,3
2006-03-01,6,0.0,4.0,1.0,1.0,0.001674490216828272,0.0001487466252001468,0.9986377087043365,0.026014470216068626,2
2006-03-02,9,1.0,4.0,0.0,4.0,0.10957294781110219,0.9698847972813383,1.0538358966323356,0.00013286041667015525,9
2006-03-03,4,0.0,3.0,0.0,1.0,1.2948823796796205,0.00012870900809502928,0.9965681206886075,7.719266704953043e-05,4
2006-03-04,5,0.0,1.0,4.0,0.0,0.9984530042402184,0.00010559381735220086,0.001190943316032532,0.414595647693204,5
2006-03-05,0,,,,,0.0,0.0,0.0,0.0,0
2006-03-06,6,1.0,4.0,0.0,1.0,3.8377893706783652,0.9291420841018407,0.9686327240651736,0.0010523762121010735,6
2006-03-07,6,0.0,2.0,0.0,4.0,1.0177422828055567,0.00028112202016921853,1.0240555174896142,0.0005019883710701387,6
2006-03-08,2,0.0,1.0,1.0,0.0,0.00011720354268618394,2.8921112971147522e-05,3.6282886867411435e-05,0.07839282817712952,2
2006-03-09,11,0.0,10.0,0.0,1.0,8.630767844617367,0.024016299887079963,1.9419722990733137,0.0014635492580054878,11
2006-03-10,10,1.0,7.0,0.0,2.0,5.531312827310103,0.0002728975114223431,0.00035198677869630046,0.00016537411011086078,10
2006-03-11,7,0.0,5.0,0.0,2.0,4.054335253429599,0.0037454095290739417,1.5836682874451071,0.0016635530691928436,7
2006-03-12,0,,,,,0.0,0.0,0.0,0.0,0
2006-03-13,0,,,,,0.0,0.0,0.0,0.0,0
2006-03-14,1,0.0,0.0,0.0,1.0,0.0025273656938225,1.7898433725349605e-05,0.6956548690795898,1.2528682418633252e-05,1
2006-03-15,3,1.0,2.0,0.0,0.0,0.962747949448385,8.518104641552782e-05,5.626006532111205e-05,0.028890961619254075,3
2006-03-16,4,0.0,1.0,0.0,3.0,1.001391045952914,9.81084376689978e-05,2.7588831831335483,5.663654428644804e-05,4
2006-03-17,5,2.0,2.0,0.0,1.0,0.06726280967995976,0.019403380194489683,0.9521472013948368,0.001284436390960729,5
2006-03-18,1,0.0,1.0,0.0,0.0,0.3833510875701904,2.225593198090792e-05,0.0099580865353345,1.4865490811644122e-05,1
2006-03-19,0,,,,,0.0,0.0,0.0,0.0,0
2006-03-20,4,0.0,4.0,0.0,0.0,3.826225459575653,0.0005741477471019558,0.00024615664187873526,7.142229060264071e-05,4
2006-03-21,0,,,,,0.0,0.0,0.0,0.0,0
2006-03-22,11,1.0,8.0,1.0,1.0,2.685410660160414,0.00245004832959229,0.9514591305978682,0.1383246675295595,10
2006-03-23,16,0.0,10.0,1.0,5.0,2.9978198238859473,0.006219314993359049,0.08009436561314909,0.0009090098301384476,15
2006-03-24,8,0.0,6.0,0.0,2.0,2.060347534579705,0.022944186150198186,1.0400533844949678,0.000384819274586285,8
2006-03-25,1,0.0,1.0,0.0,0.0,0.0002079848491121,1.5006827197794337e-05,1.352499566564802e-05,1.2163976862211712e-05,1
2006-03-26,0,,,,,0.0,0.0,0.0,0.0,0
2006-03-27,2,0.0,1.0,0.0,1.0,0.9954651212319731,0.007406658913168913,1.0080563928931952,3.385974378034007e-05,2
2006-03-28,5,0.0,1.0,1.0,3.0,0.9759715045875051,0.0001783804646038334,0.17245805277707393,0.8327006143890685,5
2006-03-29,3,0.0,1.0,0.0,2.0,0.9665063776919851,0.0001167595837614499,1.9761910662055016,9.276209311792627e-05,3
2006-03-30,11,1.0,8.0,0.0,2.0,5.115135586969699,0.93373888302267,1.003848501424727,0.003217895467969266,11
2006-03-31,3,0.0,1.0,2.0,0.0,0.9968886560818646,9.508527364232577e-05,7.031716995697934e-05,0.1389201402198521,3
2006-04-01,2,0.0,2.0,0.0,0.0,0.1159052401781081,0.06179353006336893,0.018178166603320212,3.0132971915008966e-05,2
2006-04-02,0,,,,,0.0,0.0,0.0,0.0,0
2006-04-03,6,0.0,5.0,0.0,1.0,2.000839045285829,0.0001660384969000006,0.5916855082832625,0.00010271053724864032,6
2006-04-04,1,0.0,1.0,0.0,0.0,0.9873175024986268,1.9264545699115843e-05,3.16345103783533e-05,1.5968165826052427e-05,1
2006-04-05,3,0.0,2.0,0.0,1.0,0.936082832791726,7.040340824460145e-05,0.0034663940314203314,3.987696527474327e-05,3
2006-04-06,3,0.0,2.0,0.0,1.0,0.9942626806441694,0.0005480176369019149,0.019614412711234604,0.0004380950449558191,3
2006-04-07,7,3.0,4.0,0.0,0.0,2.060681416685838,0.9227207365083813,0.0008291107642435227,0.00012276370125618996,7
2006-04-08,2,1.0,0.0,0.0,1.0,0.0021749480874859116,0.00708107559694323,9.339573807665147e-05,3.126979754597414e-05,1
2006-04-09,0,,,,,0.0,0.0,0.0,0.0,0
2006-04-10,1,0.0,1.0,0.0,0.0,0.0035057116765528,0.0029546427540481,0.0017695764545351,1.51640397234587e-05,1
2006-04-11,9,0.0,6.0,1.0,2.0,3.1038350225862814,0.00022742683177057188,1.001447818724955,0.9412793992232764,9
2006-04-12,4,0.0,4.0,0.0,0.0,1.8971064864017535,8.993761730380356e-05,0.570210303570093,5.906857222726103e-05,4
2006-04-13,1,0.0,1.0,0.0,0.0,0.9992811679840088,2.599848994577769e-05,1.8857308532460596e-05,1.9809418517979797e-05,1
2006-04-14,5,0.0,4.0,0.0,1.0,3.8376573676796397,0.00012323086230026092,0.06571523455932038,7.863652990636183e-05,5
2006-04-15,0,,,,,0.0,0.0,0.0,0.0,0
2006-04-16,0,,,,,0.0,0.0,0.0,0.0,0
2006-04-17,2,0.0,2.0,0.0,0.0,0.9212231360725127,7.764109977870248e-05,4.576417450152803e-05,3.391955578990746e-05,2
2006-04-18,4,1.0,2.0,0.0,1.0,1.0063804459969106,0.9297589613433955,0.018161968262575094,5.720241279050242e-05,4
2006-04-19,4,1.0,2.0,1.0,0.0,0.9989184755831956,0.0022352619162119775,0.00538888522169137,0.0023510954251832086,4
2006-04-20,5,1.0,2.0,0.0,2.0,1.0118473358597837,0.0007306573697859002,0.5350831385367201,0.00010338871925341664,5
2006-04-21,6,0.0,3.0,1.0,2.0,0.0029719414487771457,0.00010277460478391731,1.2540039340274234,0.0013588693573182427,6
2006-04-22,4,0.0,3.0,1.0,0.0,2.9610674352152273,0.00011127329707960598,0.00043950453436987925,0.13815056811836252,4
2006-04-23,0,,,,,0.0,0.0,0.0,0.0,0
2006-04-24,0,,,,,0.0,0.0,0.0,0.0,0
2006-04-25,1,0.0,1.0,0.0,0.0,0.0919783264398574,0.0017750593833625,0.0002171298692701,1.6509296983713284e-05,1
2006-04-26,4,0.0,3.0,0.0,1.0,2.728779739132733,0.0005293037538649464,1.1891983731638902,0.010772518076919294,4
2006-04-27,0,,,,,0.0,0.0,0.0,0.0,0
2006-04-28,3,0.0,1.0,1.0,1.0,0.01482390463934276,5.336324011295801e-05,0.9239087667392597,0.02369351564175301,3
2006-04-29,1,0.0,0.0,0.0,1.0,0.0002198772708652,1.599250936124008e-05,0.9985380172729492,1.526145206298679e-05,1
2006-04-30,0,,,,,0.0,0.0,0.0,0.0,0
2006-05-01,4,0.0,3.0,0.0,1.0,0.8845725016290089,7.621831537107937e-05,0.9888765027199041,5.497170059243217e-05,4
2006-05-02,2,1.0,1.0,0.0,0.0,0.00030252664873829996,0.001476400551837243,4.2323428715462796e-05,3.0098759452812374e-05,2
2006-05-03,3,0.0,3.0,0.0,0.0,2.981874406337738,0.00043041530079782634,0.0008603607948315065,0.00465363103739938,3
2006-05-04,14,1.0,8.0,4.0,1.0,2.470993451981485,0.7714226138850789,0.9565444198287877,1.0819922654245602,14
2006-05-05,4,0.0,4.0,0.0,0.0,1.9844395762775093,0.00023057203361529787,0.0002472709402354425,0.0013984201323182384,4
2006-05-06,2,0.0,2.0,0.0,0.0,0.8612448928797676,4.879399602941703e-05,5.8815947340917774e-05,3.109483441221528e-05,2
2006-05-07,0,,,,,0.0,0.0,0.0,0.0,0
2006-05-08,1,0.0,0.0,1.0,0.0,0.0012768226442858,1.5704707038821653e-05,1.8063443349092267e-05,0.0219596400856971,1
2006-05-09,4,0.0,4.0,0.0,0.0,2.480782002210617,0.005951810648184483,0.0002780585091386456,5.614329347736202e-05,4
2006-05-10,4,0.0,0.0,0.0,4.0,0.5800713201497274,0.0003886944432451048,0.915347009038669,0.020148338097897008,4
2006-05-11,3,0.0,2.0,0.0,1.0,2.752135217189789,0.0012949225783813096,1.37774623529549,5.251653510640608e-05,3
2006-05-12,10,0.0,5.0,1.0,4.0,1.8465102387835939,0.0006449962347686548,0.972401737970358,0.06248825942384422,10
2006-05-13,5,0.0,3.0,1.0,1.0,2.9308030583924847,0.011024448323041575,0.001022941822156992,0.03240812615968017,5
2006-05-14,0,,,,,0.0,0.0,0.0,0.0,0
2006-05-15,0,,,,,0.0,0.0,0.0,0.0,0
2006-05-16,0,,,,,0.0,0.0,0.0,0.0,0
2006-05-17,1,0.0,0.0,0.0,1.0,0.0010057833278551,2.3908251023385677e-05,0.9551074504852296,1.4668786207039377e-05,1
2006-05-18,3,1.0,2.0,0.0,0.0,0.9977110615582204,0.0011063093188567695,0.0002683012426132126,4.70770028186962e-05,3
2006-05-19,2,0.0,2.0,0.0,0.0,0.001309340594161694,9.60740744631039e-05,4.681658356275875e-05,2.7334216611052398e-05,2
2006-05-20,2,1.0,1.0,0.0,0.0,0.0048624603659845,0.9326453073408629,3.1082248824532144e-05,2.451927230140427e-05,2
2006-05-21,0,,,,,0.0,0.0,0.0,0.0,0
2006-05-22,0,,,,,0.0,0.0,0.0,0.0,0
2006-05-23,2,0.0,1.0,0.0,1.0,0.9954797627869995,7.254086267494131e-05,0.04201316187209153,2.8751263016602024e-05,2
2006-05-24,1,0.0,1.0,0.0,0.0,0.0007158853113651,3.832886068266816e-05,6.250177830224857e-05,1.4519830074277706e-05,1
2006-05-25,0,,,,,0.0,0.0,0.0,0.0,0
2006-05-26,6,0.0,5.0,0.0,1.0,3.077127021009801,0.00015719534349045716,0.0006142012007330755,9.3755616035196e-05,6
2006-05-27,10,0.0,6.0,0.0,4.0,3.01039335601672,0.008610318649516524,3.915016196050601,0.0001625029117349186,10
2006-05-28,0,,,,,0.0,0.0,0.0,0.0,0
2006-05-29,0,,,,,0.0,0.0,0.0,0.0,0
2006-05-30,4,0.0,1.0,0.0,3.0,0.0420742575661277,0.0004606944894475382,2.416984954284999,0.00011648572217382025,4
2006-05-31,9,0.0,8.0,0.0,1.0,5.703971804789035,0.0028569314654305024,0.9458812587636201,0.00016663174938003067,9
2006-06-01,5,1.0,2.0,1.0,1.0,1.9995150299509985,0.01844141211950027,1.0151270290698449,0.02267190045040476,5
2006-06-02,2,0.0,1.0,0.0,1.0,0.0541576971008907,0.0003716458850248889,0.1592760566054493,0.00012468323257043535,2
2006-06-03,2,0.0,2.0,0.0,0.0,0.9989100055099698,0.005531853514184974,0.0007373976914095576,2.792028317344375e-05,2
2006-06-04,0,,,,,0.0,0.0,0.0,0.0,0
2006-06-05,0,,,,,0.0,0.0,0.0,0.0,0
2006-06-06,3,0.0,1.0,2.0,0.0,0.0042137594427912,5.149051867192611e-05,5.530615362658864e-05,0.016879476737813072,3
2006-06-07,2,0.0,2.0,0.0,0.0,1.0024248436093328,6.863994349259883e-05,0.0036419133248272,0.0001122371613746509,2
2006-06-08,11,1.0,5.0,1.0,4.0,1.022434020236687,0.046554137437851334,2.8347917294649956,0.012539003205347224,11
2006-06-09,10,0.0,5.0,0.0,5.0,2.015677575702284,0.005315467350555881,4.7898898503844975,0.0017776302820492673,10
2006-06-10,1,0.0,1.0,0.0,0.0,0.9980412125587464,3.076407665503211e-05,2.7575490094022825e-05,1.701968358247541e-05,1
2006-06-11,0,,,,,0.0,0.0,0.0,0.0,0
2006-06-12,2,0.0,1.0,0.0,1.0,0.0155994007363914,0.004024126585136359,0.9191036857664585,2.8647271392401308e-05,2
2006-06-13,1,0.0,1.0,0.0,0.0,2.1197425667196512e-05,1.539122786198277e-05,1.8107424693880603e-05,1.3962890989205334e-05,0
2006-06-14,5,0.0,4.0,0.0,1.0,3.9903543416876346,0.0003291922803327377,1.7631701032951241,8.081650048552547e-05,5
2006-06-15,3,0.0,2.0,0.0,1.0,0.3372250134125351,0.010636291117407298,0.988119151093997,8.39511430967832e-05,3
2006-06-16,2,0.0,2.0,0.0,0.0,0.0013796570710837,3.1575300454278477e-05,3.1754974770592526e-05,2.5128322704404127e-05,2
2006-06-17,6,1.0,3.0,0.0,2.0,0.05887785343111282,0.07047719245201717,0.18754310960866835,0.002358635723794545,6
2006-06-18,0,,,,,0.0,0.0,0.0,0.0,0
2006-06-19,2,0.0,1.0,0.0,1.0,0.010732410662967514,4.846198498853482e-05,0.9071479430367617,0.007584569770187864,2
2006-06-20,1,0.0,1.0,0.0,0.0,3.589356492739171e-05,2.010749449254945e-05,1.7325743101537228e-05,1.4215190276445355e-05,1
2006-06-21,5,0.0,1.0,2.0,2.0,0.9951809464182586,0.0003464491292105816,1.0222680605220373,0.008369765178940674,5
2006-06-22,5,0.0,1.0,2.0,2.0,0.006847262866358376,7.700983132963302e-05,1.942379535341388,1.2516498633767696,5
2006-06-23,5,1.0,4.0,0.0,0.0,1.9226029329001901,0.9647219501766813,0.0006606895840376708,7.351970361924032e-05,5
2006-06-24,3,0.0,3.0,0.0,0.0,0.834689851704752,0.00016470205628130256,0.00015415354573633522,4.228563375363592e-05,3
2006-06-25,0,,,,,0.0,0.0,0.0,0.0,0
2006-06-26,2,0.0,2.0,0.0,0.0,0.8992829723720206,5.140690700500272e-05,0.0002668517481651943,2.727359697018983e-05,2
2006-06-27,1,0.0,0.0,1.0,0.0,0.0031053773127496,1.8046819604933265e-05,2.2349729988491163e-05,0.0054754512384533,1
2006-06-28,2,0.0,2.0,0.0,0.0,1.3779889941215515,0.00022877011906525334,0.0003478348317002859,0.0004742354012704982,2
2006-06-29,4,2.0,1.0,0.0,1.0,0.014835779922577645,0.015150358020036865,0.24848072675740696,0.00014496997573581186,3
2006-06-30,9,0.0,7.0,0.0,2.0,3.9883697353434395,0.01183589485026438,0.9195905304914047,0.003382588409294749,9
2006-07-01,3,0.0,2.0,0.0,1.0,1.9939908048836514,0.0006822365558035282,0.683209080958477,0.001981790581339702,3
2006-07-02,0,,,,,0.0,0.0,0.0,0.0,0
2006-07-03,2,0.0,1.0,0.0,1.0,0.0002740202617132,3.626668421929935e-05,0.998094150065299,3.134715007035993e-05,2
2006-07-04,6,2.0,2.0,0.0,2.0,1.955416526452609,0.08505842649537947,1.0159758821864668,0.00010130304326594342,6
2006-07-05,0,,,,,0.0,0.0,0.0,0.0,0
2006-07-06,6,1.0,3.0,1.0,1.0,2.9782378809468355,0.0037455643105203627,0.16199498013884278,0.10750734565772271,6
2006-07-07,6,2.0,4.0,0.0,0.0,2.9950955241165502,0.0013916057159803741,0.0006486836027761408,9.345390844828216e-05,6
2006-07-08,2,1.0,1.0,0.0,0.0,0.20188567601144308,0.962892891249794,8.953275391831994e-05,3.2656163966748863e-05,2
2006-07-09,0,,,,,0.0,0.0,0.0,0.0,0
2006-07-10,1,0.0,0.0,0.0,1.0,0.8660338521003723,1.8005355741479434e-05,0.9994471669197084,1.4535928130499087e-05,1
2006-07-11,0,,,,,0.0,0.0,0.0,0.0,0
2006-07-12,4,0.0,2.0,1.0,1.0,1.0021600792952086,0.00014933449529053178,0.08822288341980311,0.005549913332288181,4
2006-07-13,6,0.0,0.0,3.0,3.0,0.011754334796932987,0.00011203961639694171,2.89426182088755,0.3601215380567736,6
2006-07-14,2,0.0,2.0,0.0,0.0,0.9997261922690086,4.4690738832287025e-05,4.903991975879762e-05,2.80565072898753e-05,2
2006-07-15,2,0.0,1.0,0.0,1.0,1.1330046951770782,0.0003898736613336,0.5487621030151786,0.0007950899234856365,2
2006-07-16,0,,,,,0.0,0.0,0.0,0.0,0
2006-07-17,1,0.0,0.0,0.0,1.0,0.0216833222657442,1.509810954303248e-05,0.9995517730712892,1.3095648682792673e-05,1
2006-07-18,1,0.0,0.0,1.0,0.0,0.0003624090168159,1.8517192074796185e-05,1.8064323739963584e-05,0.05420608446002,1
2006-07-19,6,1.0,2.0,3.0,0.0,1.9969771849719111,0.005703381852981485,0.0006603943893423792,0.025628262854297423,6
2006-07-20,5,0.0,3.0,1.0,1.0,2.8142364298400935,0.0001481271347074653,1.023393976245643,0.0226809278610744,5
2006-07-21,3,0.0,2.0,0.0,1.0,1.0554075157269835,0.02184707346532376,0.9944960705524863,0.03437916884467986,3
2006-07-22,1,0.0,0.0,0.0,1.0,1.5220623936329504e-05,1.6132371456478722e-05,0.1973955035209655,1.3629428394779096e-05,1
2006-07-23,0,,,,,0.0,0.0,0.0,0.0,0
2006-07-24,2,1.0,0.0,0.0,1.0,0.06183222145773461,0.1458983782758878,0.0672223382134688,5.6811982176441234e-05,2
2006-07-25,7,2.0,5.0,0.0,0.0,3.8778892213013023,0.09667156451723685,0.8849919968633909,0.00014206791456672363,7
2006-07-26,7,0.0,3.0,2.0,2.0,0.025313303747679813,0.00013350464723771438,1.9961527148570894,0.047593479834176736,7
2006-07-27,3,0.0,0.0,0.0,3.0,0.0631775836445739,9.759111708262935e-05,1.8777528703212738,4.699572764366167e-05,3
2006-07-28,4,0.0,1.0,1.0,2.0,0.00910351056154458,0.00020512501941988647,1.8658966765906373,0.005528554190277557,4
2006-07-29,10,0.0,7.0,1.0,2.0,4.215451021687841,0.009861561909928979,1.0289412992915459,0.07214826326526226,10
2006-07-30,0,,,,,0.0,0.0,0.0,0.0,0
2006-07-31,4,0.0,2.0,2.0,0.0,0.78851610214042,7.918836490716785e-05,0.0004883237688772705,0.19209657420014975,3
2006-08-01,1,0.0,0.0,0.0,1.0,5.334433808457106e-05,1.9149807485518977e-05,0.9534187316894532,1.5377201634692028e-05,1
2006-08-02,5,0.0,3.0,1.0,1.0,1.0036238512038833,9.613385554985143e-05,0.5840435200734646,0.005124416667058499,5
2006-08-03,2,0.0,0.0,0.0,2.0,0.0013372960384003,3.581020973797422e-05,1.995741546154022,2.538000990170985e-05,2
2006-08-04,3,0.0,2.0,0.0,1.0,0.9953207057915279,5.672597308148397e-05,0.9963758835192492,4.3824370550282765e-05,3
2006-08-05,3,0.0,2.0,0.0,1.0,0.9202173328230856,0.0004855215320275661,0.9854339644589344,0.0668191794247832,3
2006-08-06,0,,,,,0.0,0.0,0.0,0.0,0
2006-08-07,2,0.0,1.0,1.0,0.0,0.9987419342105568,4.025132511742413e-05,5.287039130053017e-05,0.000904628355783546,2
2006-08-08,7,0.0,7.0,0.0,0.0,3.9971779600018635,0.00019890399835276185,0.0002495781063771574,0.0038393311660910494,7
2006-08-09,2,1.0,1.0,0.0,0.0,0.013034774223342399,0.02240153450020442,0.002491556471795707,9.596664312994108e-05,2
2006-08-10,4,0.0,3.0,1.0,0.0,0.9170506886912334,8.824385713523952e-05,0.2060051383305108,0.032050945030277896,3
2006-08-11,5,0.0,4.0,0.0,1.0,2.277026484516682,9.769336429599207e-05,0.00043875277606275534,7.589301822008565e-05,5
2006-08-12,1,0.0,0.0,1.0,0.0,0.0001025849996949,1.7895104974741116e-05,1.9378379874979142e-05,0.0804987624287605,0
2006-08-13,0,,,,,0.0,0.0,0.0,0.0,0
2006-08-14,0,,,,,0.0,0.0,0.0,0.0,0
2006-08-15,0,,,,,0.0,0.0,0.0,0.0,0
2006-08-16,0,,,,,0.0,0.0,0.0,0.0,0
2006-08-17,3,0.0,2.0,0.0,1.0,1.0071670898687444,5.98051083215978e-05,0.9975208359992394,4.653071482607629e-05,3
2006-08-18,2,0.0,1.0,0.0,1.0,0.04939847759669642,2.9956661819596775e-05,0.9090862538159855,2.4686900360393338e-05,2
2006-08-19,1,0.0,1.0,0.0,0.0,0.0002558130654506,1.46692609632737e-05,1.3075250535621308e-05,1.205097942147404e-05,1
2006-08-20,0,,,,,0.0,0.0,0.0,0.0,0
2006-08-21,0,,,,,0.0,0.0,0.0,0.0,0
2006-08-22,2,0.0,1.0,1.0,0.0,0.014539125586452383,3.687516255013179e-05,0.00012342701484153147,0.0002613931201266821,2
2006-08-23,2,0.0,1.0,1.0,0.0,0.9232560498639942,4.4430746129364707e-05,0.006864620791020495,0.0055467915099142425,2
2006-08-24,3,0.0,3.0,0.0,0.0,1.2246495187282562,0.00042010575998567703,0.00016632331607979722,0.010610722878482144,3
2006-08-25,1,0.0,0.0,0.0,1.0,0.0277421902865171,3.969826138927601e-05,0.0479530990123748,1.452627020626096e-05,1
2006-08-26,4,0.0,2.0,0.0,2.0,0.018770209164358502,8.529453771188855e-05,1.9963595957960931,0.0004416806305016334,4
2006-08-27,0,,,,,0.0,0.0,0.0,0.0,0
2006-08-28,1,0.0,1.0,0.0,0.0,0.9173773527145386,2.180085539293941e-05,0.0001274536480195,1.379119566990994e-05,1
2006-08-29,0,,,,,0.0,0.0,0.0,0.0,0
2006-08-30,2,1.0,1.0,0.0,0.0,0.0269684852100908,0.887563242806209,0.00024841796766844864,3.208421003364492e-05,2
2006-08-31,0,,,,,0.0,0.0,0.0,0.0,0
2006-09-01,0,,,,,0.0,0.0,0.0,0.0,0
2006-09-02,0,,,,,0.0,0.0,0.0,0.0,0
2006-09-03,0,,,,,0.0,0.0,0.0,0.0,0
2006-09-04,0,,,,,0.0,0.0,0.0,0.0,0
2006-09-05,1,0.0,1.0,0.0,0.0,0.0019398116273805,1.599128336238209e-05,4.1610110201872885e-05,3.5570836189435795e-05,0
2006-09-06,0,,,,,0.0,0.0,0.0,0.0,0
2006-09-07,0,,,,,0.0,0.0,0.0,0.0,0
2006-09-08,2,0.0,2.0,0.0,0.0,0.9987250752747059,5.6159587984438986e-05,4.291306686354801e-05,3.199757156835403e-05,2
2006-09-09,0,,,,,0.0,0.0,0.0,0.0,0
2006-09-10,0,,,,,0.0,0.0,0.0,0.0,0
2006-09-11,2,0.0,1.0,0.0,1.0,0.9806302402867002,3.6340234146337025e-05,0.9984914723027031,3.1210860470309854e-05,2
2006-09-12,2,0.0,1.0,0.0,1.0,6.587060488527641e-05,4.25514026574092e-05,0.021818650940986055,2.6587777028908022e-05,2
2006-09-13,0,,,,,0.0,0.0,0.0,0.0,0
2006-09-14,1,0.0,1.0,0.0,0.0,0.0001954398612724,1.5145980796660297e-05,1.2735470590996556e-05,1.2176720701972954e-05,1
2006-09-15,9,0.0,4.0,4.0,1.0,2.0418734598806623,0.0001915753909997875,0.00018570985776023008,0.11045781336451893,6
2006-09-16,0,,,,,0.0,0.0,0.0,0.0,0
2006-09-17,0,,,,,0.0,0.0,0.0,0.0,0
2006-09-18,4,0.0,1.0,0.0,3.0,1.0051207759534007,9.213608063873835e-05,1.109234571456909,5.880706157768145e-05,4
2006-09-19,5,1.0,3.0,1.0,0.0,0.10343089992602458,0.9644505590176776,0.005331255411874606,0.00010076729995489586,5
2006-09-20,6,2.0,1.0,2.0,1.0,0.039134252056100875,1.8475121476703862,0.037121245171874595,0.19589419372732653,6
2006-09-21,8,0.0,2.0,5.0,1.0,0.9974659903527935,0.00015748315763630671,0.9637587360812173,0.7916083169102421,8
2006-09-22,7,0.0,3.0,2.0,2.0,0.9937980060603877,0.0001271698956770706,0.0006491352041847891,0.023860241093643708,3
2006-09-23,11,0.0,4.0,1.0,6.0,1.1027774037283957,0.017617413132029136,3.0987169365234877,0.01412614837681744,9
2006-09-24,0,,,,,0.0,0.0,0.0,0.0,0
2006-09-25,2,0.0,0.0,0.0,2.0,0.0018962283356811999,0.0004890802956651499,0.9790395665913819,7.00867149134865e-05,2
2006-09-26,3,0.0,2.0,0.0,1.0,0.0015303054315152999,5.047995364293456e-05,0.0015454286249223198,4.170005922787823e-05,3
2006-09-27,3,0.0,0.0,1.0,2.0,0.0014029821722941645,6.120443322288338e-05,0.9214354564428502,0.022034824204638384,2
2006-09-28,5,2.0,2.0,0.0,1.0,1.0198399545915886,0.01204665961995468,0.04096207834663785,0.0003463247157923131,5
2006-09-29,7,1.0,1.0,1.0,4.0,0.07540038917613828,0.03889561777214106,2.3846065273264685,0.00023514568329111805,5
2006-09-30,1,0.0,0.0,0.0,1.0,4.920448918710463e-05,1.836975570768118e-05,6.583923823200166e-05,1.7055934222298674e-05,0
2006-10-01,0,,,,,0.0,0.0,0.0,0.0,0
2006-10-02,8,1.0,2.0,2.0,3.0,0.005006009867429355,0.9327540715385112,0.01168174275153425,0.0022435223891077976,1
2006-10-03,2,0.0,1.0,0.0,1.0,0.020921508037645215,0.001071967901225352,0.7930655470063357,3.372164610482287e-05,2
2006-10-04,4,0.0,3.0,1.0,0.0,1.0104918459328474,0.0001353380885120714,0.00036597954749578075,0.03621507153820851,3
2006-10-05,12,2.0,4.0,1.0,5.0,0.016079947523394332,0.9186717431639407,0.2630587006769926,0.00993214091340629,1
2006-10-06,4,0.0,1.0,1.0,2.0,1.028285219334066,8.34554903121898e-05,1.9698573495716118,0.011439731464633913,4
2006-10-07,11,0.0,4.0,3.0,4.0,1.7784299010672837,0.004261056516042903,2.8095864404476742,1.7676808992491713,9
2006-10-08,0,,,,,0.0,0.0,0.0,0.0,0
2006-10-09,3,0.0,1.0,1.0,1.0,0.0009650762040108345,5.1360293582547456e-05,0.00015114811685629958,0.0874234703605907,1
2006-10-10,8,0.0,3.0,0.0,5.0,1.2113041895936474,0.0007815583048794846,3.0807487154415867,0.0001236827883985825,8
2006-10-11,6,1.0,3.0,1.0,1.0,1.001125641152612,0.35260772234505555,0.9649109071815472,0.4748958597647288,3
2006-10-12,2,0.0,0.0,1.0,1.0,0.02031979605089871,4.179897041467484e-05,0.953178123163525,0.1381134489529358,2
2006-10-13,7,0.0,3.0,1.0,3.0,2.095088740083156,0.0001375833871861687,2.618285309017665,0.0010413039144623274,3
2006-10-14,6,0.0,0.0,3.0,3.0,0.0007262075214384145,0.00010077309161715675,0.44807900322848576,0.02475188042535579,1
2006-10-15,0,,,,,0.0,0.0,0.0,0.0,0
2006-10-16,2,0.0,1.0,0.0,1.0,0.0001077746601367835,3.368971556483302e-05,0.005477260212501192,2.828367087204242e-05,0
2006-10-17,1,0.0,0.0,1.0,0.0,0.0007311276858672,1.748696740833111e-05,1.896118737931829e-05,0.006330591160804,1
2006-10-18,0,,,,,0.0,0.0,0.0,0.0,0
2006-10-19,4,0.0,2.0,0.0,2.0,1.0048166975611819,7.181990622484591e-05,1.9298783764897962,5.864601735083852e-05,3
2006-10-20,10,0.0,4.0,1.0,5.0,0.9958378368373813,0.00016504945870110532,1.9972520016654014,0.0069579259816236385,3
2006-10-21,0,,,,,0.0,0.0,0.0,0.0,0
2006-10-22,0,,,,,0.0,0.0,0.0,0.0,0
2006-10-23,7,0.0,4.0,0.0,3.0,0.9942089732812744,0.00019593610159063246,1.995789645199693,0.00010062757246487308,4
2006-10-24,7,0.0,1.0,3.0,3.0,1.8678706779464844,0.00017016736455843784,1.9637065190909193,0.13887163186336676,5
2006-10-25,5,0.0,3.0,0.0,2.0,1.4524263997609523,0.0012502838935686995,0.31169801709256706,0.0010389489689259684,4
2006-10-26,4,1.0,3.0,0.0,0.0,0.004945967782987246,0.9326827229378978,0.00016202176448132377,5.596273967967136e-05,2
2006-10-27,8,0.0,3.0,2.0,3.0,0.9488077752066602,0.00015008140417194227,0.9242496008209854,0.006125597672507749,2
2006-10-28,4,1.0,1.0,1.0,1.0,0.8361750049589318,0.0008015071398403478,0.00014967817514843773,0.03621898502296967,2
2006-10-29,0,,,,,0.0,0.0,0.0,0.0,0
2006-10-30,10,1.0,5.0,1.0,3.0,0.008458669140963857,0.004268088416210886,1.043534367407119,0.004532921218014875,7
2006-10-31,5,0.0,4.0,0.0,1.0,3.7788241463858867,0.030062300827921513,0.7981659998167743,9.738599146658089e-05,5
2006-11-01,6,0.0,3.0,0.0,3.0,2.7049150625243783,0.912761754063467,2.779548983224231,0.014454500686952077,6
2006-11-02,1,0.0,0.0,0.0,1.0,4.334249388193712e-05,1.6428310118499212e-05,0.0078942095860838,1.364232139167143e-05,1
2006-11-03,18,0.0,7.0,6.0,5.0,2.937637147813802,0.0067861637198801915,0.9458454796404109,0.0693481036114461,9
2006-11-04,3,1.0,2.0,0.0,0.0,0.0030265873938332367,0.07394893899618173,5.451751803775551e-05,3.872183606290491e-05,2
2006-11-05,0,,,,,0.0,0.0,0.0,0.0,0
2006-11-06,4,0.0,0.0,1.0,3.0,0.003592387787648379,0.013291872647641836,0.9720996092837594,0.03209216921004549,2
2006-11-07,1,0.0,1.0,0.0,0.0,0.9486438035964966,2.1073097741464156e-05,3.742927947314456e-05,1.676258398219943e-05,1
2006-11-08,5,3.0,1.0,0.0,1.0,0.006472361974374304,0.08465732348122387,0.10249527563064469,7.078696035023313e-05,5
2006-11-09,7,0.0,4.0,1.0,2.0,2.0081590827394393,0.0002441925507810083,0.9991986777386046,0.9582565114451426,4
2006-11-10,1,0.0,0.0,0.0,1.0,7.27677543181926e-05,1.7268281226279214e-05,0.0006645121611654,1.3489340744854417e-05,1
2006-11-11,4,0.0,2.0,1.0,1.0,1.9979559444145705,0.000306468290546019,0.7117242512395022,0.032052207712695166,4
2006-11-12,0,,,,,0.0,0.0,0.0,0.0,0
2006-11-13,4,0.0,2.0,1.0,1.0,0.0005424545688582756,7.297302545339335e-05,0.0001529352866782574,0.043765652832007576,0
2006-11-14,7,0.0,6.0,0.0,1.0,1.8925190259469673,0.000672239311825196,0.0005261634632914782,0.00010851386377908057,2
2006-11-15,10,0.0,4.0,1.0,5.0,2.1045321876299568,0.018783928409902683,4.154483487940524,0.006472334856880459,9
2006-11-16,6,0.0,4.0,1.0,1.0,1.271895056217545,0.08871858053680624,0.856352816047547,0.018645381543137704,6
2006-11-17,18,0.0,6.0,0.0,12.0,1.012867289917267,0.0004647983541871711,2.9694217733322144,0.0003072204954150948,5
2006-11-18,7,0.0,3.0,0.0,4.0,3.7099229663144797,0.0013570779501603583,3.0523129467765098,0.00030327855620267363,7
2006-11-19,0,,,,,0.0,0.0,0.0,0.0,0
2006-11-20,0,,,,,0.0,0.0,0.0,0.0,0
2006-11-21,8,0.0,3.0,2.0,3.0,0.0004244055035087513,0.00014012383871886414,0.00309318551626336,0.028179833273497903,0
2006-11-22,20,0.0,6.0,4.0,10.0,0.0754811433034771,0.001012398219245307,2.2469069828566712,0.2814941487695248,6
2006-11-23,1,0.0,0.0,1.0,0.0,0.0001342127943644,1.5003306543803774e-05,1.6457530364277773e-05,0.0464496873319149,1
2006-11-24,2,0.0,1.0,1.0,0.0,0.0007716451582381649,4.88151672470849e-05,5.861389763595071e-05,0.006343143722915479,2
2006-11-25,6,0.0,3.0,2.0,1.0,1.048277054018399,0.0001298825936828507,0.9991528607934016,0.9558430454981133,6
2006-11-26,0,,,,,0.0,0.0,0.0,0.0,0
2006-11-27,5,0.0,3.0,0.0,2.0,1.953584154121927,0.00015026586697786115,0.0002567973697296111,0.5929279207703075,2
2006-11-28,14,0.0,5.0,2.0,7.0,3.014781787318497,0.0032741361928854728,2.907563543411925,1.0010609463843139,10
2006-11-29,3,0.0,2.0,0.0,1.0,0.9971250261041859,6.923277396708727e-05,0.07649262742779682,0.0005932964522798746,1
2006-11-30,5,1.0,0.0,1.0,3.0,0.04019190960934764,0.04239823855823479,1.6918548590765567,0.044368873063831346,4
2006-12-01,3,0.0,2.0,1.0,0.0,0.0013948842461103286,0.00010323482456442434,9.670237159298267e-05,0.006357882523843695,3
2006-12-02,6,0.0,2.0,1.0,3.0,0.000583675957386607,0.00010674094301066361,1.6564595405361615,0.001916554084345987,2
2006-12-03,0,,,,,0.0,0.0,0.0,0.0,0
2006-12-04,4,0.0,4.0,0.0,0.0,2.001306663034484,9.035800030687824e-05,0.0001469100097892806,6.077739271859173e-05,4
2006-12-05,1,0.0,1.0,0.0,0.0,0.1051529645919799,8.686252112966031e-05,0.0003143242211081,0.0215458311140537,1
2006-12-06,5,0.0,1.0,0.0,4.0,0.3895822570557355,0.000319186372507739,0.0114614250196607,0.0003597657650970151,5
2006-12-07,5,0.0,3.0,0.0,2.0,2.929762387140727,0.007422741644404377,0.6532806291652374,0.23878349030474041,5
2006-12-08,9,0.0,5.0,0.0,4.0,0.060020673219696244,0.00044614986109081656,1.9727704758479376,0.0001252791143997456,7
2006-12-09,2,0.0,2.0,0.0,0.0,0.0118728695670142,3.192044187017018e-05,3.067585657845484e-05,2.5785358047869522e-05,2
2006-12-10,0,,,,,0.0,0.0,0.0,0.0,0
2006-12-11,20,1.0,12.0,3.0,4.0,4.019253220452811,0.017200846432387916,0.564470996190721,0.0845219028160499,7
2006-12-12,11,0.0,7.0,0.0,4.0,1.0137940272907142,0.00576888872637931,0.0010127523419212181,0.0006034330835972507,2
2006-12-13,2,0.0,1.0,0.0,1.0,0.0007941709191071999,7.228381309687393e-05,0.9864708497480024,8.167477426468395e-05,2
2006-12-14,0,,,,,0.0,0.0,0.0,0.0,0
2006-12-15,3,0.0,1.0,0.0,2.0,0.9979108412171626,5.432252237369539e-05,1.8864387869070924,0.0016146035686687426,3
2006-12-16,3,0.0,1.0,1.0,1.0,0.9924063223661506,0.0005568883989325586,0.957891924697833,0.00010332615056540817,2
2006-12-17,0,,,,,0.0,0.0,0.0,0.0,0
2006-12-18,5,1.0,1.0,2.0,1.0,0.0023749439424134563,0.768687033729293,0.04753697409432784,0.022227080452466866,5
2006-12-19,5,1.0,1.0,0.0,3.0,0.0003699914432217629,0.0068951532412029155,0.3312095955789118,8.439055181952426e-05,0
2006-12-20,6,0.0,4.0,1.0,1.0,0.170287792896488,0.0019131868502880258,0.9254713977261415,0.07193901624668782,6
2006-12-21,12,0.0,7.0,0.0,5.0,0.19276287817410762,0.0002576969018264208,1.2393318821941648,0.0002031417343459907,3
2006-12-22,11,1.0,1.0,3.0,6.0,0.020685279605458854,0.887734668858684,1.9604169286740214,0.046082012195256296,4
2006-12-23,3,0.0,3.0,0.0,0.0,1.9955761213059304,5.651349601976108e-05,7.137637658161111e-05,4.544697185338009e-05,2
2006-12-24,0,,,,,0.0,0.0,0.0,0.0,0
2006-12-25,6,0.0,6.0,0.0,0.0,2.93292979648686,0.00015013691336207557,0.00034968642466985103,0.00011041073139494983,4
2006-12-26,4,0.0,3.0,0.0,1.0,1.9303586697460557,0.0002117495259880629,0.11317242244695074,5.688067449227674e-05,4
2006-12-27,1,0.0,0.0,0.0,1.0,2.7225994926993732e-05,1.943706229212694e-05,7.191099575720727e-05,1.5189049918262754e-05,0
2006-12-28,3,0.0,0.0,0.0,3.0,0.0790808962192385,0.00022944081865708697,2.052881896495819,0.0006073779641155659,3
2006-12-29,8,0.0,5.0,1.0,2.0,2.6655951382599596,0.00024376154397032224,0.8958139456790377,0.001904930641103316,5
2006-12-30,4,1.0,1.0,0.0,2.0,1.0157110594209369,0.9327553090352012,1.9938066711329157,0.026392973391011737,4
2006-12-31,0,,,,,0.0,0.0,0.0,0.0,0
2007-01-01,1,1.0,0.0,0.0,0.0,0.0046544456854462,0.9326302409172058,1.7557249520905316e-05,1.2355288163234944e-05,1
2007-01-02,0,,,,,0.0,0.0,0.0,0.0,0
2007-01-03,4,0.0,3.0,0.0,1.0,2.9623950058594346,0.00012930997763760388,0.6702585663642822,9.236620098818092e-05,4
2007-01-04,1,0.0,1.0,0.0,0.0,0.0002238725137431,1.4889675185258966e-05,3.365785232745111e-05,1.3665088772540912e-05,1
2007-01-05,1,0.0,0.0,1.0,0.0,0.00073112960672,1.748696740833111e-05,1.8961143723572604e-05,0.0063304998911917,1
2007-01-06,4,0.0,1.0,0.0,3.0,0.8984133069243397,8.213081673602574e-05,1.9566516906670586,0.0096167510928353,3
2007-01-07,0,,,,,0.0,0.0,0.0,0.0,0
2007-01-08,9,0.0,6.0,1.0,2.0,2.9837026722416335,0.0002968164153571706,1.1381002956622976,0.0038929959273445156,6
2007-01-09,0,,,,,0.0,0.0,0.0,0.0,0
2007-01-10,1,0.0,1.0,0.0,0.0,5.689337194780819e-05,1.438160597899696e-05,1.6038115063565783e-05,1.3994939763506409e-05,1
2007-01-11,2,0.0,1.0,0.0,1.0,7.663138057978358e-05,4.390473441162612e-05,7.678429756197147e-05,2.940248577942839e-05,0
2007-01-12,6,0.0,1.0,2.0,3.0,0.015284950395653042,0.00013543260865844786,1.7068255450139986,0.0001718863250061986,4
2007-01-13,1,0.0,0.0,1.0,0.0,0.000496280088555,1.84889850061154e-05,1.9261155102867636e-05,0.009940892457962,1
2007-01-14,0,,,,,0.0,0.0,0.0,0.0,0
2007-01-15,1,0.0,1.0,0.0,0.0,0.003558570286259,2.053980642813258e-05,2.759660128504038e-05,1.5521087334491313e-05,1
2007-01-16,6,0.0,5.0,1.0,0.0,3.9929263384874503,0.00017086066327465232,0.0001667116848693695,0.004793320034877799,4
2007-01-17,4,0.0,2.0,1.0,1.0,2.2068298384547234,0.0007527626748923816,0.9037064729745906,0.9778158860426629,4
2007-01-18,1,0.0,1.0,0.0,0.0,0.0001992065372178,1.4514749636873605e-05,2.694639442779589e-05,1.3553627468354534e-05,1
2007-01-19,14,1.0,9.0,3.0,1.0,2.9982768506124553,0.047818470940000975,0.017283614142797492,0.14395206673270855,14
2007-01-20,4,1.0,2.0,0.0,1.0,0.01211523240999658,0.4536375455481902,0.006464578606028171,0.0001666292428125923,2
2007-01-21,0,,,,,0.0,0.0,0.0,0.0,0
2007-01-22,7,0.0,4.0,0.0,3.0,0.04249882892690916,0.00022910901498107705,1.9833267003577926,0.0008015691182662895,6
2007-01-23,3,2.0,0.0,0.0,1.0,0.0139923698734491,1.8632521849540353,0.04974838142697988,4.1127380427496973e-05,3
2007-01-24,10,0.0,6.0,0.0,4.0,1.4051469248151987,0.0002110692785208812,2.048908856568232,0.00016630481877655257,7
2007-01-25,5,0.0,2.0,1.0,2.0,1.941865851986222,0.00012375884762150235,0.969572874788355,0.006968658329242288,5
2007-01-26,7,1.0,5.0,0.0,1.0,2.056601497759402,0.8268558855343144,0.0038278733172773193,0.0012138259116908781,5
2007-01-27,8,0.0,8.0,0.0,0.0,5.940994357690215,0.0003381292517588008,0.004383284483992576,0.00018086531417793594,8
2007-01-28,0,,,,,0.0,0.0,0.0,0.0,0
2007-01-29,23,0.0,18.0,2.0,3.0,14.890747124118207,0.022284853548626176,1.2488218100897936,0.018522250126807062,19
2007-01-30,23,0.0,21.0,0.0,2.0,18.77152222422592,0.017144685432867606,2.013969285188068,0.0898427719857863,23
2007-01-31,7,0.0,2.0,1.0,4.0,2.647019619373168,0.0002505048705643276,3.8101160814876494,0.06868040304743757,6
2007-02-01,5,1.0,1.0,2.0,1.0,0.008676830871990969,0.9327148708161985,0.9985548782751721,0.006939558460544497,5
2007-02-02,6,1.0,4.0,1.0,0.0,1.88332478484881,0.14045250877279603,0.0007252428149513399,0.006415588526579065,5
2007-02-03,4,1.0,1.0,1.0,1.0,0.0008303828799396708,0.0015934836501400814,0.0011328475866320645,0.006450345580560619,0
2007-02-04,0,,,,,0.0,0.0,0.0,0.0,0
2007-02-05,3,0.0,1.0,0.0,2.0,0.001873392977358875,5.45165403309511e-05,0.034402501654767464,4.292204812372802e-05,1
2007-02-06,3,0.0,1.0,1.0,1.0,0.004409964110891372,5.141037945577409e-05,0.00014477100739893254,0.08741839652793713,3
2007-02-07,5,0.0,2.0,1.0,2.0,0.01226636419232803,0.002054225147730894,0.08072509385237923,0.36218774383632985,5
2007-02-08,12,1.0,10.0,1.0,0.0,5.98101173852774,0.010503063176656478,0.0002822193637257442,0.06851474648647125,8
2007-02-09,5,0.0,3.0,1.0,1.0,0.6759619270378607,0.00011494891441543587,0.002648409275934607,0.04233615552766423,3
2007-02-10,6,0.0,2.0,2.0,2.0,1.0226335581755848,0.0022185760590218455,1.0127327194240934,0.0998545520360493,5
2007-02-11,0,,,,,0.0,0.0,0.0,0.0,0
2007-02-12,26,0.0,22.0,2.0,2.0,10.879408274195157,0.0006518219779536594,0.002632441306559264,0.021288039180944844,15
2007-02-13,16,0.0,14.0,1.0,1.0,8.490225618501427,0.0012290898494028868,0.04671278840760338,0.010484731235919687,13
2007-02-14,10,0.0,8.0,1.0,1.0,2.0873426942398505,0.00292151223766256,0.9756205415305885,0.0013076134455331817,5
2007-02-15,28,1.0,13.0,10.0,4.0,7.849000697959127,0.07215380649904522,2.3977028791596235,1.7134501558248298,28
2007-02-16,5,0.0,5.0,0.0,0.0,2.879775221554155,0.00013188823595555732,0.008388984307202842,7.454020669683814e-05,5
2007-02-17,1,0.0,1.0,0.0,0.0,0.0280975997447967,0.0006733753252774,0.0009582167258486,3.6989669752074406e-05,1
2007-02-18,0,,,,,0.0,0.0,0.0,0.0,0
2007-02-19,10,0.0,5.0,1.0,4.0,0.0007432290003632955,0.00016464328655274585,0.9139419140756218,0.0024610944064988242,1
2007-02-20,1,0.0,1.0,0.0,0.0,0.05845882371068,2.412019966868684e-05,3.694445331348106e-05,1.4601283510273788e-05,1
2007-02-21,1,0.0,1.0,0.0,0.0,0.0002558112901169,1.4669254596810788e-05,1.3075245078653095e-05,1.2050985787936952e-05,1
2007-02-22,4,0.0,4.0,0.0,0.0,0.9585372262154124,0.00010563054820522666,0.002395829162196521,6.573840983037371e-05,3
2007-02-23,11,1.0,4.0,1.0,5.0,1.014183215147568,0.31214868634560844,0.1352390028696389,0.0013424669978118827,6
2007-02-24,3,0.0,1.0,2.0,0.0,0.0737673798575996,4.685132807935588e-05,0.17127450736734318,1.6990495646768977,3
2007-02-25,0,,,,,0.0,0.0,0.0,0.0,0
2007-02-26,3,0.0,0.0,1.0,2.0,0.19117321798694312,6.087580459279707e-05,0.014520909404381901,0.9690039021706979,3
2007-02-27,10,1.0,1.0,6.0,2.0,0.8793608386240519,0.022018681213012273,0.007822995374226573,1.1679351378907086,5
2007-02-28,3,0.0,1.0,1.0,1.0,0.0531742627499624,0.0007095858672982946,0.001812052636523651,0.9545030730569125,2
2007-03-01,7,0.0,7.0,0.0,0.0,3.989099355858343,0.008682393152412158,0.0002865974774976412,0.00013439756094157929,7
2007-03-02,12,1.0,5.0,3.0,3.0,0.0009166921590802339,0.09022792395353457,0.058741407521665456,0.005894604935747205,0
2007-03-03,0,,,,,0.0,0.0,0.0,0.0,0
2007-03-04,0,,,,,0.0,0.0,0.0,0.0,0
2007-03-05,10,0.0,3.0,2.0,5.0,1.940380112162529,0.00023439825417881366,0.0024397728084293567,0.0017639444513406252,2
2007-03-06,3,0.0,1.0,2.0,0.0,0.00011094657565990927,4.940381404594518e-05,0.0009556658924338691,0.3772677854121865,3
2007-03-07,8,0.0,3.0,3.0,2.0,0.9960232533303494,0.00015620982048858423,0.08747977130224152,0.9442185908283135,5
2007-03-08,4,1.0,0.0,0.0,3.0,0.9809064569417385,0.9466770485232702,1.9984167931743286,0.00019935760155930277,4
2007-03-09,20,0.0,5.0,5.0,10.0,3.008936802274547,0.002817925073941278,1.4581510063126184,0.4978099518139058,9
2007-03-10,3,0.0,2.0,1.0,0.0,0.9711269331892255,5.5356071243295446e-05,0.0001311263349634828,0.00450676917535017,3
2007-03-11,0,,,,,0.0,0.0,0.0,0.0,0
2007-03-12,9,0.0,9.0,0.0,0.0,7.896352544426918,0.00028352162007649895,0.00018091927267960273,0.00015615371921740007,9
2007-03-13,11,1.0,8.0,1.0,1.0,4.983392190166342,0.040468296038852616,0.08728022225477598,0.8497011566851143,10
2007-03-14,0,,,,,0.0,0.0,0.0,0.0,0
2007-03-15,1,0.0,1.0,0.0,0.0,0.9986351132392884,1.997560866584536e-05,1.69908489624504e-05,1.7039099475368857e-05,1
2007-03-16,15,1.0,7.0,4.0,3.0,2.0562716327895028,0.9150083049180465,0.17597547174591435,0.8511606294987358,8
2007-03-17,5,0.0,4.0,0.0,1.0,0.9975066511415208,0.000703601699569692,0.008061197251663458,7.446276413247688e-05,4
2007-03-18,0,,,,,0.0,0.0,0.0,0.0,0
2007-03-19,11,0.0,7.0,2.0,2.0,4.524429943667201,0.003212036997865514,0.08971845272026233,0.8730903148243668,10
2007-03-20,3,0.0,3.0,0.0,0.0,0.000942577276873588,8.127539877023082e-05,0.0007326971899601491,6.539540117955767e-05,1
2007-03-21,5,0.0,4.0,0.0,1.0,0.42810022356570676,0.0008849413661663394,0.008573355378757535,0.00070028213576729,5
2007-03-22,11,0.0,7.0,3.0,1.0,2.9136961547264946,0.0003555029416020222,0.1630643802345728,1.2290739964491877,11
2007-03-23,3,0.0,3.0,0.0,0.0,1.00830286211567,0.007529696869823876,0.0005425255476437915,0.00403193090460263,2
2007-03-24,2,0.0,1.0,1.0,0.0,0.00045618457443189126,3.4088541724486277e-05,3.3904647352756e-05,0.06835579928792866,2
2007-03-25,0,,,,,0.0,0.0,0.0,0.0,0
2007-03-26,4,0.0,2.0,1.0,1.0,0.0338343907824309,0.00032470059886689507,0.012803448422346143,0.06828385097469429,3
2007-03-27,8,0.0,7.0,1.0,0.0,5.9697343969855865,0.0024800535647954594,0.08679122510511643,1.3408520928087455,8
2007-03-28,9,0.0,4.0,3.0,2.0,0.007700959340581629,0.0008157278007273576,0.002056635006738273,0.01675913946655756,2
2007-03-29,7,2.0,2.0,3.0,0.0,0.038620007777353346,0.04028830765309964,0.0007374415390585729,0.13186675627639477,7
2007-03-30,8,0.0,5.0,0.0,3.0,1.1610440698714226,0.0006681440099782178,0.0014949814667487796,0.003314895155199236,6
2007-03-31,2,0.0,1.0,1.0,0.0,0.03139797070252819,3.3137395803350955e-05,0.08564655088775908,0.8495306974355117,2
2007-04-01,0,,,,,0.0,0.0,0.0,0.0,0
2007-04-02,1,0.0,1.0,0.0,0.0,0.9979189038276672,0.0104296784847974,0.0011516774538904,1.4442988685914315e-05,1
2007-04-03,3,0.0,1.0,0.0,2.0,0.8498880312472465,8.577416338084731e-05,0.9974320316414379,6.516335452033672e-05,3
2007-04-04,6,0.0,3.0,1.0,2.0,2.8467919938266277,0.0023769364033795633,1.9070943133046967,0.05782340016776279,5
2007-04-05,5,0.0,2.0,1.0,2.0,2.0661302888183855,9.813291399041191e-05,1.1531014077336295,0.8495768391067031,4
2007-04-06,1,0.0,1.0,0.0,0.0,0.9986338019371032,2.169716935895849e-05,1.6076528481789865e-05,1.4543590623361524e-05,1
2007-04-07,2,0.0,0.0,2.0,0.0,0.0008007443539099167,3.2468912650074344e-05,0.0003844693692371726,0.1444326140917837,2
2007-04-08,0,,,,,0.0,0.0,0.0,0.0,0
2007-04-09,1,0.0,1.0,0.0,0.0,0.9956642985343932,2.0943234630976804e-05,2.9720846214331686e-05,1.9003060515387915e-05,1
2007-04-10,5,0.0,3.0,1.0,1.0,1.9602295125951057,0.000108335203549359,0.9836235702878184,0.010002656985307076,5
2007-04-11,3,0.0,2.0,0.0,1.0,0.8498254520818589,0.0022968600405874023,0.003812739094428155,4.6852350351400673e-05,3
2007-04-12,5,0.0,1.0,3.0,1.0,0.0018288858191225234,8.23574864625698e-05,0.01589807644995741,0.9115534417715023,4
2007-04-13,6,1.0,2.0,2.0,1.0,0.9967052693973526,0.7872019405103856,0.0003857595711451087,0.038750000238905916,6
2007-04-14,1,0.0,0.0,0.0,1.0,0.0061576487496495,1.8341555914958008e-05,0.9774544835090636,1.4668176845589189e-05,1
2007-04-15,0,,,,,0.0,0.0,0.0,0.0,0
2007-04-16,0,,,,,0.0,0.0,0.0,0.0,0
2007-04-17,2,0.0,1.0,1.0,0.0,0.9894648571789729,4.329004877945408e-05,0.9526379798389826,0.03622906634700481,2
2007-04-18,5,0.0,4.0,0.0,1.0,2.9569314550535637,0.00024597664378224455,0.0017410460750397554,0.00934666477496636,5
2007-04-19,6,0.0,4.0,1.0,1.0,1.800155500648543,0.00013487537944456562,0.05936066373578784,0.02848543586605945,5
2007-04-20,10,1.0,8.0,1.0,0.0,6.9588239763616,0.007712902419370863,0.000792806087702021,0.6148761648182699,9
2007-04-21,4,2.0,0.0,1.0,1.0,0.0024607607556389,0.9908637677126535,0.01014368026335432,0.0925227945144797,4
2007-04-22,0,,,,,0.0,0.0,0.0,0.0,0
2007-04-23,3,0.0,2.0,1.0,0.0,0.0363596733659505,4.853193786402698e-05,0.0856594293973103,0.8495670942329525,3
2007-04-24,2,0.0,0.0,1.0,1.0,0.026782841188833,4.1670002246974036e-05,0.9031812238663406,0.0030155127096804578,1
2007-04-25,7,0.0,5.0,0.0,2.0,2.17252496934816,0.0011339204083923474,1.0081452986960355,0.001293010866902406,7
2007-04-26,8,1.0,4.0,0.0,3.0,0.9637519108528065,0.028679717024715324,0.9999650244562871,0.007840494685296984,8
2007-04-27,3,0.0,2.0,1.0,0.0,2.227399706840515,8.5553212556988e-05,0.003879734667862052,0.9677787343916863,1
2007-04-28,8,0.0,3.0,1.0,4.0,1.8203506017089237,0.000241097412072027,3.87671102096283,0.0029148527801225394,7
2007-04-29,0,,,,,0.0,0.0,0.0,0.0,0
2007-04-30,1,0.0,0.0,0.0,1.0,0.0102855870500206,1.780898674041964e-05,0.0229373518377542,3.5366789234103635e-05,1
2007-05-01,3,0.0,2.0,1.0,0.0,0.0007016583986113429,5.0908276534755714e-05,5.004107879358344e-05,0.035334182559381554,1
2007-05-02,0,,,,,0.0,0.0,0.0,0.0,0
2007-05-03,1,0.0,1.0,0.0,0.0,0.0250697471201419,2.3044154659146443e-05,1.527823587821331e-05,6.0586251493077725e-05,1
2007-05-04,8,0.0,2.0,0.0,6.0,0.99723364579404,0.05636341613444508,1.8656978457220246,0.00014156959059619112,8
2007-05-05,0,,,,,0.0,0.0,0.0,0.0,0
2007-05-06,0,,,,,0.0,0.0,0.0,0.0,0
2007-05-07,2,0.0,1.0,1.0,0.0,0.0009230212599504,0.00011503971836646087,0.0001801580783648183,0.006347446927975365,2
2007-05-08,2,0.0,1.0,1.0,0.0,0.7570255842874758,0.00029847562473145773,0.0002954001547549967,0.04365144165240045,2
2007-05-09,3,0.0,2.0,1.0,0.0,1.9389199407014528,7.803315475030104e-05,7.48769107303815e-05,0.03205078921928355,3
2007-05-10,4,0.0,2.0,0.0,2.0,0.024323312754858977,7.922478835098445e-05,0.05916419121058417,5.545583007915411e-05,3
2007-05-11,5,1.0,2.0,0.0,2.0,0.007522695544139386,0.02407874143136717,0.9200278624957717,8.091892414086033e-05,3
2007-05-12,0,,,,,0.0,0.0,0.0,0.0,0
2007-05-13,0,,,,,0.0,0.0,0.0,0.0,0
2007-05-14,8,1.0,6.0,1.0,0.0,2.002506680386432,0.7690020622221709,0.0002024018467636779,0.04971840585039888,7
2007-05-15,2,0.0,1.0,0.0,1.0,1.0055566770024595,0.0001704470487311299,0.9677012676093,0.0025244984981326927,2
2007-05-16,1,0.0,0.0,0.0,1.0,4.9126661906484514e-05,1.761900057317689e-05,0.9818925857543944,1.8280514268553816e-05,1
2007-05-17,2,0.0,0.0,1.0,1.0,0.0004915675744996172,3.2121844924404286e-05,4.8169571527978405e-05,0.09503811394915826,1
2007-05-18,6,0.0,1.0,4.0,1.0,0.998387711300893,0.005534399232601525,0.0018546700994190538,0.6029457889053446,5
2007-05-19,7,0.0,3.0,2.0,2.0,2.0595715607742022,0.00017362164908263367,0.04688100190742245,0.9986405121626375,5
2007-05-20,0,,,,,0.0,0.0,0.0,0.0,0
2007-05-21,3,1.0,1.0,0.0,1.0,0.0051035507312916705,0.8875757812447773,0.041271286191658874,3.721501343534328e-05,3
2007-05-22,3,1.0,1.0,1.0,0.0,0.0002909456998167408,0.0011058551199311718,7.256632488861214e-05,6.827458673797082e-05,3
2007-05-23,2,0.0,0.0,0.0,2.0,0.07036241784226141,4.624278153642081e-05,1.9822912216186523,3.620399002102204e-05,2
2007-05-24,2,0.0,1.0,1.0,0.0,0.0009231695730704,3.051179646718083e-05,2.853583646356128e-05,0.01802097060499361,2
2007-05-25,2,1.0,1.0,0.0,0.0,0.004503828997258,0.7177997210528702,7.005713450780604e-05,2.5687587367428932e-05,1
2007-05-26,4,0.0,3.0,0.0,1.0,1.0914981163805348,0.007978909119628771,0.9906203197242575,0.00020997743558834081,4
2007-05-27,0,,,,,0.0,0.0,0.0,0.0,0
2007-05-28,3,0.0,2.0,0.0,1.0,1.678032909752801,0.0003784175096370375,0.9462762280800233,0.00627433242698307,3
2007-05-29,2,0.0,1.0,0.0,1.0,0.004095164942555,4.494613312999718e-05,0.05909806791169098,2.6502436412556563e-05,2
2007-05-30,21,1.0,12.0,3.0,5.0,8.197633745607163,0.979674478779998,2.0501251144178236,0.8605014709764872,19
2007-05-31,6,0.0,1.0,2.0,3.0,0.0482598386442984,0.00011980614362983033,1.3889064807281102,0.008056921565184812,6
2007-06-01,5,0.0,2.0,1.0,2.0,1.1319567251211993,7.87145409049117e-05,0.8469609215298987,0.13911875396934184,5
2007-06-02,6,0.0,4.0,1.0,1.0,1.753878531315422,0.003163271664561574,0.01690410175615378,0.021958240706226134,6
2007-06-03,0,,,,,0.0,0.0,0.0,0.0,0
2007-06-04,15,2.0,11.0,0.0,2.0,7.975401816889644,0.11478431543582664,4.7447799786441465,0.00024909204057621537,15
2007-06-05,5,0.0,4.0,1.0,0.0,1.8952796613521057,0.03580517663067437,0.00015065029765537474,0.056792494771798346,5
2007-06-06,7,0.0,2.0,5.0,0.0,1.0615327860268733,0.0001371194375678897,0.15808379013105858,2.1516153487818883,6
2007-06-07,0,,,,,0.0,0.0,0.0,0.0,0
2007-06-08,8,0.0,6.0,1.0,1.0,3.9334508314805134,0.0035345119968040167,0.05090017970087494,0.03212104674821598,7
2007-06-09,1,0.0,0.0,0.0,1.0,0.0002686138032004,2.675645555427764e-05,0.9985520243644714,0.0010266021126881,1
2007-06-10,0,,,,,0.0,0.0,0.0,0.0,0
2007-06-11,7,0.0,5.0,1.0,1.0,2.985887676069978,0.0077898225445093925,1.2077051652140653,0.15006258676930873,7
2007-06-12,1,0.0,1.0,0.0,0.0,0.9804075360298156,2.0919729649904184e-05,5.148311538505368e-05,1.6640038666082546e-05,1
2007-06-13,3,0.0,3.0,0.0,0.0,0.9945588443006271,0.0007451708570442415,0.03291260471269194,0.020658108097450126,2
2007-06-14,4,0.0,4.0,0.0,0.0,1.9528943123259523,7.635783913428895e-05,0.5357113221243707,6.350737203320023e-05,3
2007-06-15,16,0.0,14.0,1.0,1.0,8.762974265988305,0.0007054411780699338,0.013301827431860123,0.005628051527310088,11
2007-06-16,15,0.0,7.0,5.0,3.0,4.176664755572347,0.00048457698085248557,2.0919380076338707,0.7211328878620403,15
2007-06-17,0,,,,,0.0,0.0,0.0,0.0,0
2007-06-18,2,0.0,1.0,1.0,0.0,0.0034619414363987,3.1205874620354734e-05,3.0145406526571605e-05,0.06924851037183538,2
2007-06-19,4,0.0,3.0,0.0,1.0,2.998296639882028,0.005719226604924052,0.919717606053382,0.002413719064861609,4
2007-06-20,2,0.0,1.0,0.0,1.0,0.9926730944862356,3.733731136890128e-05,0.0004251312639098231,3.092359474976547e-05,2
2007-06-21,3,0.0,2.0,0.0,1.0,0.9942001299568801,5.647142825182527e-05,0.0021578944069914605,0.00025291739802921133,3
2007-06-22,5,2.0,3.0,0.0,0.0,1.9142221825750312,1.08594850046029,0.12744511755408872,0.0001184538859888562,5
2007-06-23,1,0.0,1.0,0.0,0.0,0.0006163867656141,1.6110087017295882e-05,9.58562595769763e-05,3.177472171955742e-05,1
2007-06-24,0,,,,,0.0,0.0,0.0,0.0,0
2007-06-25,5,0.0,4.0,1.0,0.0,2.12439633114991,0.00017936399672180414,0.0001804976382118184,0.0004919014572804805,3
2007-06-26,0,,,,,0.0,0.0,0.0,0.0,0
2007-06-27,3,0.0,1.0,2.0,0.0,0.00017989405750995502,6.372464486048557e-05,0.0007672481151529771,0.2762086258298949,3
2007-06-28,3,0.0,2.0,0.0,1.0,0.9979023335617968,7.02490242474596e-05,0.18386360012755174,4.6891123020031955e-05,3
2007-06-29,0,,,,,0.0,0.0,0.0,0.0,0
2007-06-30,4,0.0,3.0,0.0,1.0,1.0558451683027668,0.004861684612478551,0.9968538299945063,7.150419787649298e-05,4
2007-07-01,0,,,,,0.0,0.0,0.0,0.0,0
2007-07-02,2,0.0,1.0,1.0,0.0,0.9927690066106152,3.9842592741479166e-05,8.734799848753028e-05,0.04999254552240009,2
2007-07-03,3,0.0,1.0,2.0,0.0,0.0013673323264808998,4.777735739480704e-05,5.1681224249477964e-05,0.07760017764758226,2
2007-07-04,5,0.0,1.0,3.0,1.0,0.032353573515137866,8.048747440625448e-05,0.08600460180605289,0.8943162056184518,4
2007-07-05,3,0.0,2.0,0.0,1.0,1.9842814728617668,6.601357927138451e-05,0.8603502326986927,0.0027258860736765088,2
2007-07-06,9,1.0,5.0,1.0,2.0,3.037282101955497,0.04331793760320551,1.012480272862376,0.024546160000681987,8
2007-07-07,4,0.0,3.0,1.0,0.0,1.0035815646006083,8.65448746480979e-05,0.0018508835946703813,0.006384497813996838,3
2007-07-08,0,,,,,0.0,0.0,0.0,0.0,0
2007-07-09,1,0.0,0.0,1.0,0.0,4.462297147256322e-05,1.457306461816188e-05,1.6520525605301373e-05,0.8995965123176575,1
2007-07-10,2,0.0,2.0,0.0,0.0,0.9984612111293245,0.004533506890766094,0.00027616736224444805,2.6852926566789392e-05,2
2007-07-11,7,0.0,3.0,1.0,3.0,0.008253185220382743,0.00018657829696167028,2.061771831877195,0.0007448189435307765,4
2007-07-12,11,0.0,2.0,0.0,9.0,0.07593039552921237,0.00023171886277850717,4.271398400596809,0.0001908642452690401,11
2007-07-13,14,1.0,6.0,4.0,3.0,3.034801862919266,0.9774847221287928,0.8752478815922586,0.4207364525664159,9
2007-07-14,4,2.0,1.0,0.0,1.0,0.9986329568582732,0.00650171028610195,8.886655996320769e-05,5.898849576624343e-05,2
2007-07-15,0,,,,,0.0,0.0,0.0,0.0,0
2007-07-16,12,0.0,6.0,2.0,4.0,1.0821713117165925,0.00021817780543642584,2.6595278726817924,0.002851428456778931,6
2007-07-17,7,0.0,4.0,1.0,2.0,2.0182021791388247,0.00013649906395585276,0.0071297996200882785,0.010043066096841266,5
2007-07-18,4,0.0,3.0,1.0,0.0,1.0502258417254777,0.004878421339526456,0.016609773109848815,0.04220378117224749,4
2007-07-19,1,0.0,1.0,0.0,0.0,0.1737876385450363,0.0111486176028847,1.991763747355435e-05,1.3130163097230252e-05,1
2007-07-20,3,0.0,3.0,0.0,0.0,1.9912251043133438,6.569183278770652e-05,0.00017820283028403648,5.0127193389926106e-05,3
2007-07-21,14,0.0,3.0,1.0,10.0,0.038331344398102186,0.00032263497269013897,4.721783115718608,0.0685372272200766,14
2007-07-22,0,,,,,0.0,0.0,0.0,0.0,0
2007-07-23,1,0.0,1.0,0.0,0.0,0.9991685152053832,3.4252512705279514e-05,2.519708505133167e-05,2.2196860300027765e-05,1
2007-07-24,11,0.0,6.0,1.0,4.0,0.06383920887856208,0.0008479458638248579,0.9844247875971632,0.002368420931816159,7
2007-07-25,6,0.0,4.0,0.0,2.0,2.716772832442075,0.008855827614752213,2.013032452538937,0.000849064991598402,6
2007-07-26,4,0.0,2.0,0.0,2.0,0.07128507854940824,0.00014681200354971224,0.0024570373398091023,0.00011772766902140575,3
2007-07-27,11,1.0,5.0,0.0,5.0,2.632205341629742,0.06613784040564478,1.04657725845027,0.002533288526137733,7
2007-07-28,2,0.0,2.0,0.0,0.0,0.260862587019801,0.0015143377240747,0.0010008998451666977,3.4625769330887124e-05,2
2007-07-29,0,,,,,0.0,0.0,0.0,0.0,0
2007-07-30,8,1.0,3.0,2.0,2.0,1.0029272006686367,0.36529837976922863,0.06027685468507102,0.9582224402174687,4
2007-07-31,13,0.0,7.0,0.0,6.0,2.07855172964264,0.006980070807912712,2.345439784432528,0.00019840937966364436,8
2007-08-01,8,0.0,4.0,1.0,3.0,2.2938119287864533,0.004045642521305046,2.963420946889528,0.0019951425765610264,8
2007-08-02,3,0.0,3.0,0.0,0.0,1.0661722775548697,5.678097113559488e-05,0.00011464712861197768,4.869390249950811e-05,2
2007-08-03,10,1.0,2.0,0.0,7.0,1.2365519008126282,0.750218369630602,6.605978522915393,0.015976108315953738,10
2007-08-04,6,0.0,2.0,0.0,4.0,0.38107440281964944,0.0001571743305248674,1.0013773065402347,0.00010427623419673182,3
2007-08-05,0,,,,,0.0,0.0,0.0,0.0,0
2007-08-06,2,0.0,1.0,0.0,1.0,1.553641438484192,0.0009026464831549,0.9461436145356855,4.439286840351997e-05,2
2007-08-07,6,0.0,5.0,0.0,1.0,1.1666831132024524,0.0022639576200162007,1.0044417758235795,0.00010275419572280953,6
2007-08-08,0,,,,,0.0,0.0,0.0,0.0,0
2007-08-09,12,0.0,4.0,6.0,2.0,1.8811758983219988,0.00048119831171788903,1.174386478087399,0.8287016665653935,11
2007-08-10,4,0.0,3.0,0.0,1.0,0.999023714392024,7.269571688084397e-05,0.1009511995853244,8.020381301321322e-05,2
2007-08-11,10,1.0,3.0,2.0,4.0,0.9061550316364443,0.9894052109102631,1.0759333139958471,0.0007402063392873784,7
2007-08-12,0,,,,,0.0,0.0,0.0,0.0,0
2007-08-13,0,,,,,0.0,0.0,0.0,0.0,0
2007-08-14,8,0.0,5.0,1.0,2.0,5.6521010665055655,0.0014851488631392716,1.9771633058262523,0.0002361601309530234,8
2007-08-15,0,,,,,0.0,0.0,0.0,0.0,0
2007-08-16,0,,,,,0.0,0.0,0.0,0.0,0
2007-08-17,1,1.0,0.0,0.0,0.0,0.0049228840507566,0.8875386714935303,1.984916707442608e-05,1.2205239727336448e-05,1
2007-08-18,0,,,,,0.0,0.0,0.0,0.0,0
2007-08-19,0,,,,,0.0,0.0,0.0,0.0,0
2007-08-20,0,,,,,0.0,0.0,0.0,0.0,0
2007-08-21,1,0.0,0.0,1.0,0.0,0.0013763395836576,2.070344817184377e-05,0.0067992764525115,0.010545864701271,1
2007-08-22,0,,,,,0.0,0.0,0.0,0.0,0
2007-08-23,0,,,,,0.0,0.0,0.0,0.0,0
2007-08-24,2,0.0,1.0,1.0,0.0,0.0005776431353296359,4.142042598687112e-05,0.0016913112049223005,0.010729163648647903,2
2007-08-25,1,0.0,0.0,0.0,1.0,0.0098508242517709,1.94445328816073e-05,0.0130322454497218,1.434891964890994e-05,1
2007-08-26,0,,,,,0.0,0.0,0.0,0.0,0
2007-08-27,0,,,,,0.0,0.0,0.0,0.0,0
2007-08-28,1,0.0,0.0,0.0,1.0,0.000897565158084,1.7937958546099253e-05,0.9756614565849304,1.2456639524316415e-05,1
2007-08-29,1,0.0,1.0,0.0,0.0,0.1806643307209015,4.425050792633556e-05,0.0072464584372937,0.005276724230498,1
2007-08-30,0,,,,,0.0,0.0,0.0,0.0,0
2007-08-31,1,0.0,1.0,0.0,0.0,0.0383100062608718,2.2498492398881357e-05,0.0026136708911508,6.621390639338642e-05,1
2007-09-01,0,,,,,0.0,0.0,0.0,0.0,0
2007-09-02,0,,,,,0.0,0.0,0.0,0.0,0
2007-09-03,1,0.0,0.0,0.0,1.0,0.0388165563344955,0.0003835333918686,0.0415644459426403,1.816274198063184e-05,1
2007-09-04,0,,,,,0.0,0.0,0.0,0.0,0
2007-09-05,2,1.0,1.0,0.0,0.0,0.9529018746688962,0.9433057440182893,5.1779376008198597e-05,0.2145846980429269,2
2007-09-06,0,,,,,0.0,0.0,0.0,0.0,0
2007-09-07,1,0.0,0.0,1.0,0.0,3.780223778448999e-05,1.4603565432480536e-05,4.55006338597741e-05,0.0021977769210934,1
2007-09-08,0,,,,,0.0,0.0,0.0,0.0,0
2007-09-09,0,,,,,0.0,0.0,0.0,0.0,0
2007-09-10,5,1.0,3.0,0.0,1.0,1.9476647197789134,0.008108490046652138,0.06183399001201898,0.0017651416346779732,5
2007-09-11,2,0.0,2.0,0.0,0.0,1.027211843058467,0.00010336898412788287,4.5972214138600975e-05,0.009197040055369135,2
2007-09-12,0,,,,,0.0,0.0,0.0,0.0,0
2007-09-13,3,1.0,1.0,1.0,0.0,0.0020933550549669,0.9882177155886893,0.0001218988209075178,0.006371702831529469,3
2007-09-14,2,0.0,2.0,0.0,0.0,0.9993256947491318,6.741407560184598e-05,9.100494753511157e-05,0.0005920551539019428,2
2007-09-15,1,0.0,0.0,0.0,1.0,0.2288184016942978,2.0738581952173263e-05,0.9902722835540771,1.4226208804757334e-05,1
2007-09-16,0,,,,,0.0,0.0,0.0,0.0,0
2007-09-17,1,0.0,0.0,0.0,1.0,0.0581118240952491,1.8041897419607267e-05,0.999435544013977,1.722843444440514e-05,1
2007-09-18,6,0.0,4.0,0.0,2.0,1.3506706115294946,0.00012843710555898724,0.9311271424812729,8.485553189530037e-05,6
2007-09-19,1,0.0,0.0,0.0,1.0,0.8928778171539307,2.567520459706429e-05,0.9908460974693298,1.4161330909701064e-05,1
2007-09-20,7,0.0,2.0,1.0,4.0,0.0015323688712669196,0.00036368461041995517,0.0006134976738394344,0.0013617666536446754,0
2007-09-21,6,0.0,3.0,2.0,1.0,0.8949917139507305,0.00010018504053732613,0.022231375472074415,0.007274573475115058,6
2007-09-22,2,0.0,1.0,0.0,1.0,1.006283514201641,0.005185140067624089,0.9207664777059107,2.78669585895841e-05,2
2007-09-23,0,,,,,0.0,0.0,0.0,0.0,0
2007-09-24,5,0.0,1.0,3.0,1.0,0.00027522554773895536,8.654673001728952e-05,0.001326218041867681,0.41432939648348094,4
2007-09-25,11,0.0,6.0,1.0,4.0,1.9902538027145054,0.0007107089850250989,2.98049010683917,0.0026502008659007818,11
2007-09-26,1,0.0,0.0,0.0,1.0,0.0021656739991158,1.939507455972489e-05,0.0323377773165702,1.3993585525895467e-05,1
2007-09-27,7,0.0,1.0,1.0,5.0,0.0017310599560004802,0.00012275947665330023,0.04360253637423731,0.000283910031612283,1
2007-09-28,1,0.0,1.0,0.0,0.0,0.9932662844657898,2.2977379558142275e-05,5.323112418409437e-05,1.5981244359863922e-05,1
2007-09-29,2,0.0,2.0,0.0,0.0,0.0012395268859108001,0.0002715025620999998,9.091874017030932e-05,3.0546215384674724e-05,0
2007-09-30,0,,,,,0.0,0.0,0.0,0.0,0
2007-10-01,7,0.0,4.0,1.0,2.0,1.006997832449997,0.00012094028079445707,0.0028996561341045266,0.011525331936354572,7
2007-10-02,4,2.0,1.0,1.0,0.0,1.0035369647157495,0.947964769145983,0.00011620297846093308,0.011412899873903296,4
2007-10-03,5,0.0,4.0,0.0,1.0,3.888261505402624,0.00336404933113943,1.5446689839009193,0.030354403360433845,5
2007-10-04,9,0.0,5.0,3.0,1.0,4.7876809103509,0.00024237304296548245,0.4936238799728016,1.0641099232761917,9
2007-10-05,3,0.0,2.0,0.0,1.0,0.0565764343918999,5.173473346076207e-05,0.2680168707020129,4.047838319820585e-05,3
2007-10-06,4,0.0,4.0,0.0,0.0,2.900178241681715,0.00010047028808912728,7.900146465544822e-05,8.078639802988619e-05,3
2007-10-07,0,,,,,0.0,0.0,0.0,0.0,0
2007-10-08,2,0.0,2.0,0.0,0.0,0.0355241006473078,6.016475708747748e-05,7.015442133706529e-05,2.6029650143755134e-05,2
2007-10-09,4,0.0,2.0,0.0,2.0,1.0213358892578979,0.006617264328269701,1.8684046404632682,6.541776838275837e-05,4
2007-10-10,5,0.0,2.0,3.0,0.0,1.0205186817183856,0.00012378997053019702,0.004663022070417276,0.12534647257234593,4
2007-10-11,6,0.0,3.0,1.0,2.0,0.882565539144707,0.005261436268483461,0.0072115072180165,0.13817850301529683,6
2007-10-12,5,2.0,3.0,0.0,0.0,1.0260715478507334,0.9764458328327236,0.00011108066246379167,6.596005096071167e-05,5
2007-10-13,8,0.0,7.0,1.0,0.0,5.255785139559521,0.00031852005849941634,0.00023379798585665412,0.002175516285205921,6
2007-10-14,0,,,,,0.0,0.0,0.0,0.0,0
2007-10-15,4,0.0,4.0,0.0,0.0,3.0055479034781456,0.019585598294724966,0.0005056282207077854,6.391098304447951e-05,4
2007-10-16,2,0.0,0.0,0.0,2.0,0.0002694983486434,3.470595220278483e-05,1.9942696690559387,2.7409194444771856e-05,2
2007-10-17,5,1.0,4.0,0.0,0.0,1.30350717031979,0.024170323365979064,0.00011953206558246166,7.571504011139041e-05,5
2007-10-18,1,0.0,0.0,0.0,1.0,2.119546479661949e-05,1.82737348950468e-05,0.0030684329103678,1.207809145853389e-05,1
2007-10-19,16,1.0,10.0,0.0,5.0,5.009357486131194,0.9581192521036428,1.515067700107465,0.0007207741728052399,13
2007-10-20,8,1.0,4.0,1.0,2.0,2.6280894353039908,0.9446504400420963,1.2646565578088484,0.010823743770742961,8
2007-10-21,0,,,,,0.0,0.0,0.0,0.0,0
2007-10-22,0,,,,,0.0,0.0,0.0,0.0,0
2007-10-23,5,1.0,1.0,0.0,3.0,0.061957864556461295,0.42448019759285666,2.8289616763904633,8.048768540902529e-05,5
2007-10-24,9,0.0,6.0,0.0,3.0,4.933561283605741,0.004966670343492099,2.61987647701244,0.00022765644644092632,6
2007-10-25,3,0.0,1.0,1.0,1.0,1.8973260509301326,5.7125316743622534e-05,0.9730354419971262,0.843364097921949,2
2007-10-26,4,0.0,3.0,1.0,0.0,0.8552231746725737,0.0002675924097275067,0.00015407629871333484,0.025019559559041164,4
2007-10-27,4,0.0,2.0,0.0,2.0,2.006243892130442,0.0035937055963586274,0.07066563329681222,0.004041368111757025,4
2007-10-28,0,,,,,0.0,0.0,0.0,0.0,0
2007-10-29,4,0.0,3.0,1.0,0.0,1.8822182831354437,7.52934611227829e-05,0.08570176839020859,0.8495628543641942,4
2007-10-30,7,0.0,4.0,0.0,3.0,0.5969124738094249,0.0014580714378098006,2.1378658390040073,0.00015953877937135985,6
2007-10-31,6,0.0,5.0,0.0,1.0,2.9635824603028595,0.010565042659436492,1.0691674680474532,0.013532892795410562,5
2007-11-01,4,0.0,1.0,1.0,2.0,0.0032294389129672437,0.00020084536663483377,1.1448944389612734,0.022000476267748963,4
2007-11-02,1,0.0,1.0,0.0,0.0,0.9933875203132628,2.4072976884781383e-05,4.442752469913103e-05,1.7006965208565816e-05,1
2007-11-03,2,0.0,2.0,0.0,0.0,0.9957860135473312,3.965912765124813e-05,0.0005281811427266778,2.9598204491776414e-05,2
2007-11-04,0,,,,,0.0,0.0,0.0,0.0,0
2007-11-05,9,0.0,5.0,0.0,4.0,1.9717961629503402,0.001906067569507203,3.8369592271046713,0.00014879526042932412,9
2007-11-06,7,0.0,5.0,0.0,2.0,4.901333748333855,0.000517428900820885,1.9359818407210696,0.00010770360495371278,7
2007-11-07,7,0.0,4.0,1.0,2.0,0.9927245622984626,0.0002878905042961574,1.9151455790943146,0.1887235978529133,6
2007-11-08,1,1.0,0.0,0.0,0.0,0.0009037726558744,0.0270942356437444,9.08995934878476e-05,1.682062429608777e-05,1
2007-11-09,9,1.0,5.0,1.0,2.0,4.235815386113245,0.9299250842941547,2.0028458121487347,0.4338808876509574,9
2007-11-10,1,0.0,0.0,0.0,1.0,3.196292163920589e-05,1.9255765437264927e-05,0.0001216035016113,2.029980896622874e-05,0
2007-11-11,0,,,,,0.0,0.0,0.0,0.0,0
2007-11-12,3,0.0,2.0,0.0,1.0,0.9048960070940666,7.142842514440417e-05,0.9815956601269136,4.012678164144745e-05,3
2007-11-13,11,0.0,8.0,0.0,3.0,6.77104183020856,0.0088658130061956,0.12224877103471939,0.00018312364500161493,10
2007-11-14,20,0.0,15.0,0.0,5.0,10.17814792941499,0.018021881447566494,3.0387065659779178,0.0003309303465357516,20
2007-11-15,5,0.0,3.0,0.0,2.0,0.057798470574198096,0.0055818764849390615,0.013539703058995415,7.364133307419252e-05,5
2007-11-16,1,0.0,0.0,0.0,1.0,0.0002005647256737,1.3449674042931292e-05,0.0119925243780016,1.2089627489331178e-05,1
2007-11-17,3,0.0,2.0,0.0,1.0,1.0420270874164996,0.012417870004355786,0.0185609278269111,4.1139805944112595e-05,3
2007-11-18,0,,,,,0.0,0.0,0.0,0.0,0
2007-11-19,4,0.0,1.0,1.0,2.0,0.001130411672420364,7.191499025793746e-05,0.034783652663463636,0.06859188710768635,3
2007-11-20,7,0.0,3.0,0.0,4.0,2.0815073885169113,0.0001514337600383442,0.14158538766059753,0.0800226590617967,6
2007-11-21,8,1.0,4.0,0.0,3.0,0.23048123477383312,0.04599077086459116,0.11567130281400723,0.004446387638381497,8
2007-11-22,1,0.0,1.0,0.0,0.0,0.9916814565658568,2.1301282686181366e-05,3.854371243505739e-05,1.7195425243698992e-05,1
2007-11-23,14,1.0,12.0,0.0,1.0,7.683922924217768,0.024820053535222448,0.034725065828752094,0.0003862142739307548,14
2007-11-24,10,0.0,6.0,1.0,3.0,3.050706413647276,0.0014048860812179821,2.9963366405499983,0.07579925570462358,10
2007-11-25,0,,,,,0.0,0.0,0.0,0.0,0
2007-11-26,6,1.0,4.0,1.0,0.0,1.1838612187420947,0.01622261130432879,0.0016514674207427703,0.001750052289025848,6
2007-11-27,7,1.0,5.0,0.0,1.0,4.2479461510665715,0.9599450980294931,1.001209349680721,0.0007875032415540256,7
2007-11-28,6,0.0,4.0,0.0,2.0,0.9547106276513657,0.00026600710225459457,2.0759347800558317,0.00014510709297610447,5
2007-11-29,2,0.0,0.0,0.0,2.0,0.01108564907917745,0.0006593974430870079,0.8854942147590918,2.9242021810205188e-05,2
2007-11-30,4,0.0,2.0,0.0,2.0,1.9272775222489142,0.0009242355263266878,2.8191185755986226,0.002595701194877607,4
2007-12-01,1,0.0,1.0,0.0,0.0,0.016564518213272,2.8425638447515663e-05,0.0001035740788211,2.2905325749889016e-05,1
2007-12-02,0,,,,,0.0,0.0,0.0,0.0,0
2007-12-03,6,0.0,5.0,0.0,1.0,4.709884405136108,0.0005261902369964777,1.3298545800516874,0.0031418911949003415,6
2007-12-04,16,1.0,11.0,2.0,2.0,8.94697701631776,0.0006279500012169578,0.06372608398305576,0.02708192279351344,16
2007-12-05,2,0.0,2.0,0.0,0.0,1.020593672990799,0.028307888116614745,0.0001261768138646961,3.7777443139930256e-05,2
2007-12-06,3,0.0,1.0,2.0,0.0,0.0010148776636922,4.804012132808566e-05,0.00010712514995248057,0.056470940220606176,1
2007-12-07,0,,,,,0.0,0.0,0.0,0.0,0
2007-12-08,5,1.0,3.0,1.0,0.0,1.0726731045324414,0.9361569856046118,0.01594103748357141,0.029035048251898735,4
2007-12-09,0,,,,,0.0,0.0,0.0,0.0,0
2007-12-10,5,0.0,5.0,0.0,0.0,2.9629683629609644,0.00013407575352175627,0.00034886689718398317,7.924228521005716e-05,5
2007-12-11,5,0.0,1.0,2.0,2.0,0.9948485958157105,0.000367654527508346,1.9598979499096458,0.012702459593128724,5
2007-12-12,3,0.0,1.0,0.0,2.0,0.1975240797619334,0.00011750915291486308,1.9324149402709738,0.00013464250059760436,3
2007-12-13,3,0.0,0.0,1.0,2.0,0.9454219306644517,5.392439925344661e-05,1.9891535112819838,0.0063616469833504335,3
2007-12-14,2,0.0,1.0,0.0,1.0,0.02510525601974215,3.761391781154089e-05,0.0002455063204251557,7.461351833626395e-05,2
2007-12-15,5,1.0,2.0,0.0,2.0,1.0843667969747912,0.08871768600329233,0.9972739365912272,0.008007145449482696,4
2007-12-16,0,,,,,0.0,0.0,0.0,0.0,0
2007-12-17,10,0.0,10.0,0.0,0.0,8.43290065228939,0.03129328857539797,0.0006622816908929901,0.00017020285304170102,10
2007-12-18,6,1.0,5.0,0.0,0.0,4.721484499750659,0.2596691581466075,0.00027384529766999357,9.125618180405581e-05,2
2007-12-19,6,0.0,2.0,1.0,3.0,1.9294512092437794,0.0007361846637650078,1.9777577824206674,0.0007578682652819745,5
2007-12-20,4,0.0,4.0,0.0,0.0,2.9131474927417003,0.0013002883151784694,0.0006134000686869735,0.00016094460443126046,4
2007-12-21,4,0.0,3.0,1.0,0.0,2.0950629680301063,0.0001075028812920209,0.00011274664939264767,0.009989512831452848,4
2007-12-22,2,0.0,1.0,0.0,1.0,0.9767844338784925,4.181010262982454e-05,0.9986087607503576,2.6052761313621886e-05,2
2007-12-23,0,,,,,0.0,0.0,0.0,0.0,0
2007-12-24,2,0.0,2.0,0.0,0.0,1.9981120824813843,5.4869447922101244e-05,3.7272609915817156e-05,3.353745705680922e-05,2
2007-12-25,1,0.0,0.0,1.0,0.0,0.0106286946684122,1.48197214002721e-05,1.6924625015235506e-05,0.9419038891792296,1
2007-12-26,2,0.0,1.0,1.0,0.0,0.0278249993280041,4.138860276725609e-05,4.9864660468301736e-05,0.9495554609293321,2
2007-12-27,14,1.0,13.0,0.0,0.0,12.697593382559717,0.008659234890728795,0.04468621863998122,0.0007686005583308717,14
2007-12-28,11,0.0,10.0,1.0,0.0,8.009164750939817,0.0002839046537701506,0.08584078425519692,0.8497574219845774,11
2007-12-29,3,0.0,2.0,0.0,1.0,2.978162169456482,0.013618855555250598,0.9941387518992997,0.002264586438286555,3
2007-12-30,0,,,,,0.0,0.0,0.0,0.0,0
2007-12-31,8,1.0,3.0,0.0,4.0,4.590907639823854,0.13930004243229605,3.968857937530629,0.00014344542341859778,8
2008-01-01,1,0.0,0.0,1.0,0.0,0.0007311276858672,1.748696740833111e-05,1.896118737931829e-05,0.006330591160804,1
2008-01-02,0,,,,,0.0,0.0,0.0,0.0,0
2008-01-03,11,0.0,5.0,0.0,6.0,3.1124309850856657,0.00044520163464767393,4.784400107735564,0.00017340235535812099,11
2008-01-04,7,1.0,5.0,0.0,1.0,4.771772037787741,0.07424902679394994,0.941984526320084,0.0001021017124003265,6
2008-01-05,5,0.0,4.0,0.0,1.0,0.9313235265508408,8.534139124094509e-05,0.4637717406058072,7.994824409252033e-05,4
2008-01-06,0,,,,,0.0,0.0,0.0,0.0,0
2008-01-07,1,0.0,1.0,0.0,0.0,0.0410962924361228,2.1532101527554914e-05,1.896505091281142e-05,1.340359176538186e-05,1
2008-01-08,1,0.0,1.0,0.0,0.0,0.0005158029962331,1.6553854948142543e-05,1.82247440534411e-05,1.290547697863076e-05,1
2008-01-09,6,0.0,2.0,0.0,4.0,0.6664679339155551,0.00028033047055935143,4.091207600351481,0.0007217876172943701,6
2008-01-10,5,0.0,5.0,0.0,0.0,4.94045102596283,0.00012596254782692995,0.00016285678248095792,8.724150393391028e-05,5
2008-01-11,5,0.0,5.0,0.0,0.0,3.1760460340883583,0.00015198180335573852,0.0001612366540939547,8.651427015138324e-05,5
2008-01-12,11,0.0,7.0,0.0,4.0,4.768099869790603,0.00040424654616793177,1.9990013758324492,0.027542742836885733,11
2008-01-13,0,,,,,0.0,0.0,0.0,0.0,0
2008-01-14,3,1.0,2.0,0.0,0.0,0.03793582216530911,0.9761090345409683,4.925594748783624e-05,3.780220595217543e-05,3
2008-01-15,1,0.0,1.0,0.0,0.0,0.9935013055801392,3.0040120691410262e-05,3.0777373467572033e-05,1.6320431313943118e-05,1
2008-01-16,5,2.0,2.0,0.0,1.0,1.0853426955291068,0.9188415293283468,0.04039082415692961,8.13328952062875e-05,5
2008-01-17,5,0.0,5.0,0.0,0.0,4.884946525096893,0.0004944352913298605,0.0022535299667651837,0.0036597360140148316,5
2008-01-18,9,0.0,7.0,2.0,0.0,5.023625396213902,0.00020597796356014442,0.00022185831585375126,0.1898684772504565,8
2008-01-19,12,0.0,8.0,0.0,4.0,2.3520844671875234,0.0003176395457558101,2.02546065459137,0.00023355656958301552,12
2008-01-20,0,,,,,0.0,0.0,0.0,0.0,0
2008-01-21,2,0.0,2.0,0.0,0.0,0.0018972944817503999,3.846018444164656e-05,3.1033791856316384e-05,2.7216469788982067e-05,1
2008-01-22,4,2.0,2.0,0.0,0.0,1.999063970084535,0.07024143740636637,0.0005673842078976912,7.703882329224143e-05,4
2008-01-23,8,1.0,7.0,0.0,0.0,4.379987555206753,0.007149727191062772,0.0002896229070756817,0.0001338983238383662,8
2008-01-24,5,0.0,3.0,0.0,2.0,2.9906515365837545,0.00018468887810740853,0.9347196701055509,8.001541118574096e-05,4
2008-01-25,9,1.0,7.0,0.0,1.0,5.018923242139863,0.5734955557591092,1.1016877660622413,0.00013631344882014673,9
2008-01-26,2,0.0,2.0,0.0,0.0,1.0821878239512441,5.769930430687964e-05,6.0312329878797755e-05,3.6833753256360076e-05,2
2008-01-27,0,,,,,0.0,0.0,0.0,0.0,0
2008-01-28,0,,,,,0.0,0.0,0.0,0.0,0
2008-01-29,2,0.0,2.0,0.0,0.0,1.7819877862930298,3.820270467258524e-05,0.0059389335219748,3.1586216209689155e-05,2
2008-01-30,11,1.0,4.0,3.0,3.0,3.9446728190450813,0.011520249780005428,2.5078316083254317,0.46496852537802624,11
2008-01-31,3,0.0,2.0,0.0,1.0,1.0283952851896174,0.00039087008281052756,0.15410674218856002,5.9048085859103594e-05,3
2008-02-01,7,1.0,4.0,0.0,2.0,2.8812143727409416,0.31632712921418704,0.07812522238054942,0.00011340788114466704,6
2008-02-02,1,0.0,1.0,0.0,0.0,0.977661430835724,1.3558107639255468e-05,1.932549821503926e-05,1.3696407222596465e-05,0
2008-02-03,0,,,,,0.0,0.0,0.0,0.0,0
2008-02-04,1,0.0,1.0,0.0,0.0,0.9935675263404846,2.100536039506551e-05,3.284311242168769e-05,1.550803608552087e-05,1
2008-02-05,4,0.0,3.0,0.0,1.0,1.9407235096514341,0.0036255778295525495,1.0080208735344058,5.446715567813953e-05,4
2008-02-06,5,0.0,3.0,2.0,0.0,2.987416858028155,0.0001624389969947515,0.002625500021167525,0.501539365901408,5
2008-02-07,4,1.0,3.0,0.0,0.0,2.028395862587786,0.0023238710382427583,0.0001144646666944027,0.037106992591361625,4
2008-02-08,3,0.0,3.0,0.0,0.0,2.0066105285659432,0.0023490648236474117,0.0014626003539888143,4.6878467401256785e-05,3
2008-02-09,6,0.0,4.0,0.0,2.0,2.8663185393670574,0.0002091970163746737,1.9609771951945731,0.0009901799658109502,6
2008-02-10,0,,,,,0.0,0.0,0.0,0.0,0
2008-02-11,2,0.0,1.0,0.0,1.0,0.9071621373304879,3.4786682590493e-05,0.0017707112128844999,2.8652437322307378e-05,2
2008-02-12,3,0.0,1.0,0.0,2.0,0.0011810888336184608,5.577209412876982e-05,1.0134645680918763,4.165306017966941e-05,3
2008-02-13,3,1.0,1.0,1.0,0.0,0.9224394628545269,0.0030010021400812097,0.0012816343914891306,0.006861459349238309,3
2008-02-14,2,0.0,2.0,0.0,0.0,1.9228652715682983,5.3834915888728574e-05,0.00018262784942629516,0.0034930369492939717,2
2008-02-15,2,0.0,2.0,0.0,0.0,1.99188631772995,4.926996916765347e-05,6.102239422034472e-05,3.093146824539872e-05,2
2008-02-16,2,0.0,2.0,0.0,0.0,0.1479222625494003,0.00011281003389740364,0.009552218387398092,3.216120421711821e-05,2
2008-02-17,0,,,,,0.0,0.0,0.0,0.0,0
2008-02-18,7,0.0,3.0,0.0,4.0,2.944092269986868,0.00029641325818374753,2.7010350440195907,0.000119680037641956,7
2008-02-19,3,0.0,1.0,0.0,2.0,0.003332349973788941,4.868850010097958e-05,0.25549148584377684,3.883741555910092e-05,3
2008-02-20,1,0.0,1.0,0.0,0.0,0.0408922135829925,2.717286224651616e-05,0.0003419205895625,2.1915378965786655e-05,1
2008-02-21,10,0.0,8.0,1.0,1.0,3.6753530241931003,0.0004592146960931008,0.002647657824127172,0.07103668407762595,10
2008-02-22,4,0.0,4.0,0.0,0.0,0.4609453250650403,8.248315225500846e-05,0.05236613381748599,5.645726378133986e-05,3
2008-02-23,5,0.0,2.0,1.0,2.0,0.9600098275986965,0.0010279091275151365,0.23576459757168772,0.8507111480148524,4
2008-02-24,0,,,,,0.0,0.0,0.0,0.0,0
2008-02-25,4,0.0,4.0,0.0,0.0,3.9439634680747986,0.00014689863928651903,9.785645488591399e-05,6.933174154255539e-05,4
2008-02-26,3,0.0,2.0,0.0,1.0,0.9870339546905594,0.0003401655822016153,0.9583788063509927,4.28871562689892e-05,2
2008-02-27,3,1.0,1.0,0.0,1.0,0.07446656520914971,0.9634371144620671,0.023233064181113063,4.145448747294722e-05,1
2008-02-28,5,0.0,4.0,0.0,1.0,2.98512782366015,0.00025110280148505265,0.13341681668680386,0.00011043501763197128,5
2008-02-29,7,0.0,7.0,0.0,0.0,3.4687694704625756,0.0001919962087413296,0.00018148123035643948,0.00011394052762625506,7
2008-03-01,2,0.0,1.0,0.0,1.0,1.0477980598807335,4.696148607763462e-05,0.970511738303685,0.0022782939231546138,1
2008-03-02,0,,,,,0.0,0.0,0.0,0.0,0
2008-03-03,3,0.0,1.0,0.0,2.0,1.028566840919666,0.0001063694289769046,1.8852116405032575,5.229323141975328e-05,3
2008-03-04,3,0.0,1.0,2.0,0.0,0.9977860187354962,5.4285009355226066e-05,0.0004441135606611152,0.13851376603633975,3
2008-03-05,1,0.0,1.0,0.0,0.0,0.412823736667633,4.702778096543625e-05,0.0001558479561936,0.000134267451358,1
2008-03-06,15,1.0,11.0,1.0,2.0,7.813637689392635,0.8876830097460694,1.877375313390075,0.020882518689177038,13
2008-03-07,4,0.0,2.0,0.0,2.0,1.9772818987257774,0.00017758047215462477,1.0488390443861135,6.46645630695275e-05,4
2008-03-08,13,3.0,8.0,2.0,0.0,6.1663141897297455,2.8319852512604484,0.024635202062199768,0.07484687591204416,13
2008-03-09,0,,,,,0.0,0.0,0.0,0.0,0
2008-03-10,4,0.0,2.0,0.0,2.0,1.9848544188826056,0.0015251167951645858,0.9997162901145201,6.86693238094449e-05,4
2008-03-11,5,1.0,3.0,0.0,1.0,1.960603436047677,0.9344751438256933,0.957431131226258,0.0003691991278174002,4
2008-03-12,9,0.0,6.0,0.0,3.0,3.012615421786904,0.002552513968112102,2.817411675462608,0.012648762301978327,9
2008-03-13,4,0.0,3.0,1.0,0.0,2.983171905274503,8.22382153273793e-05,8.847783828969114e-05,0.06838829870866894,4
2008-03-14,5,0.0,1.0,2.0,2.0,1.094605488648085,8.609553060523467e-05,1.128979056415119,0.16648569192602733,5
2008-03-15,7,1.0,6.0,0.0,0.0,5.978241382166743,0.1087212777074455,0.0005312628964020303,0.00010455848496349063,7
2008-03-16,0,,,,,0.0,0.0,0.0,0.0,0
2008-03-17,10,0.0,7.0,0.0,3.0,6.799127379403217,0.0012024470270261636,1.0673510434426132,0.00015451604303962085,10
2008-03-18,24,0.0,22.0,1.0,1.0,18.91243838776427,0.011088364606620727,1.523041010530505,2.300777872355866,24
2008-03-19,4,0.0,4.0,0.0,0.0,3.8394144773483276,0.001194927646793008,0.018912306815764137,7.098340756783728e-05,4
2008-03-20,1,0.0,0.0,0.0,1.0,7.521326915593818e-05,2.1523666873690672e-05,0.0014060117537155,1.4620832189393695e-05,1
2008-03-21,3,0.0,2.0,0.0,1.0,0.0002526180142011958,5.7242801631218754e-05,0.11012184208811955,4.148088555666618e-05,3
2008-03-22,5,1.0,1.0,1.0,2.0,1.9833950895408634,0.972747589017672,0.052383747091880456,0.7023306359487832,5
2008-03-23,0,,,,,0.0,0.0,0.0,0.0,0
2008-03-24,4,0.0,0.0,3.0,1.0,0.0165128761436788,0.00025585133607811805,0.6293424955347291,0.17828770807682295,4
2008-03-25,3,0.0,2.0,0.0,1.0,0.9348784749872721,6.084767483116593e-05,0.010356821971072197,0.0031801128225197144,3
2008-03-26,3,0.0,3.0,0.0,0.0,7.313981222978327e-05,5.762277760368306e-05,5.460783540911507e-05,3.983960777986795e-05,3
2008-03-27,0,,,,,0.0,0.0,0.0,0.0,0
2008-03-28,1,0.0,1.0,0.0,0.0,0.2225323021411895,0.000493386236485,7.114107575034723e-05,1.8493501556804404e-05,1
2008-03-29,2,0.0,1.0,1.0,0.0,0.00028169651886849874,3.0008407520654146e-05,6.01574311076547e-05,0.0004943165322401003,2
2008-03-30,0,,,,,0.0,0.0,0.0,0.0,0
2008-03-31,2,0.0,0.0,1.0,1.0,0.00023959989994173247,3.196369289071299e-05,0.12775315887665778,0.04217048558803066,2
2008-04-01,3,1.0,2.0,0.0,0.0,0.3794430313864721,1.044485007296316,0.09022876689868999,4.342900683695916e-05,3
2008-04-02,1,0.0,0.0,0.0,1.0,0.0079164421185851,1.7254842532565817e-05,0.5554194450378418,1.3305285392561927e-05,1
2008-04-03,2,0.0,2.0,0.0,0.0,0.9069856880232691,0.003761061212571781,7.631496919202618e-05,0.07830181323060961,2
2008-04-04,2,0.0,2.0,0.0,0.0,0.0981105098035186,0.00013247056267567454,0.003572593443095627,0.0014559720475517677,2
2008-04-05,0,,,,,0.0,0.0,0.0,0.0,0
2008-04-06,0,,,,,0.0,0.0,0.0,0.0,0
2008-04-07,3,0.0,3.0,0.0,0.0,2.6600703597068787,6.787465645174962e-05,6.364936052705161e-05,4.671763326768996e-05,3
2008-04-08,1,0.0,1.0,0.0,0.0,0.0045669232495129,2.239156674477272e-05,2.0104322175029665e-05,1.2436205906851685e-05,1
2008-04-09,4,0.0,2.0,2.0,0.0,0.03154466778687482,0.00016960014727365077,9.019245953822974e-05,0.06846993353701683,4
2008-04-10,2,1.0,1.0,0.0,0.0,0.0021983582410029,0.9408081956371462,3.604863377404399e-05,2.588427651062375e-05,2
2008-04-11,4,0.0,3.0,0.0,1.0,1.003567469633708,0.0013010545790164835,0.009962402837117959,7.660095343453577e-05,4
2008-04-12,6,0.0,5.0,1.0,0.0,2.9764346209631185,0.00021175531401240733,0.00038720922748319635,0.09587606462719112,6
2008-04-13,0,,,,,0.0,0.0,0.0,0.0,0
2008-04-14,2,0.0,2.0,0.0,0.0,1.991819977760315,4.199045361019671e-05,6.39942372799851e-05,0.00285983074354587,2
2008-04-15,4,0.0,3.0,0.0,1.0,1.180852605961263,0.0001720436466712272,0.9968486122033937,0.0035709954227058534,4
2008-04-16,5,0.0,2.0,1.0,2.0,0.9459458786932372,0.00011021656609955244,0.9966841712102904,0.06501324735654626,3
2008-04-17,9,2.0,6.0,1.0,0.0,3.884015425050165,0.008633158769043582,0.0003045242747248267,0.002944432956610315,8
2008-04-18,2,0.0,1.0,0.0,1.0,0.9978845803707374,5.0749660658766516e-05,0.11011203348061817,2.789736754493788e-05,2
2008-04-19,3,0.0,3.0,0.0,0.0,1.9183236733078957,0.0001322581374552101,7.531880692113191e-05,5.741111272072885e-05,3
2008-04-20,0,,,,,0.0,0.0,0.0,0.0,0
2008-04-21,5,0.0,1.0,2.0,2.0,0.004758484486956019,0.00010478861531737493,0.004844266606596609,0.14456853766478156,5
2008-04-22,14,0.0,12.0,0.0,2.0,10.832209117827006,0.05902797796989012,2.8254704697865236,0.0002709236850932939,14
2008-04-23,5,0.0,5.0,0.0,0.0,4.981160581111908,0.08072947713299056,0.00033245502527279314,0.00011342013203829993,5
2008-04-24,6,2.0,1.0,1.0,2.0,0.04653763544956721,0.9340359974376041,1.187567706712798,0.013915304474721734,5
2008-04-25,2,0.0,2.0,0.0,0.0,0.1342115961015224,0.0013704785433219363,3.472514799796045e-05,2.5120682039414532e-05,1
2008-04-26,8,0.0,5.0,0.0,3.0,3.816680873533187,0.00020929319362039678,2.8170826657751604,0.8625006886850315,7
2008-04-27,0,,,,,0.0,0.0,0.0,0.0,0
2008-04-28,5,2.0,1.0,0.0,2.0,0.1206128385383634,0.019889575287379363,1.931276809420524,7.379899579973426e-05,5
2008-04-29,13,0.0,9.0,0.0,4.0,2.5471827875680897,0.023896035563666186,2.2100904490471294,0.01568519290867688,13
2008-04-30,6,0.0,6.0,0.0,0.0,2.6208337475400185,0.0006351707706925998,0.00033118523606390113,0.00013638197924592532,5
2008-05-01,4,0.0,2.0,1.0,1.0,1.990415989770554,0.0008773902645770224,0.11690679674393321,0.040314293613846496,4
2008-05-02,1,0.0,0.0,1.0,0.0,0.001706622657366,1.7609174392418936e-05,1.528388929727953e-05,0.0423478782176971,1
2008-05-03,4,1.0,0.0,1.0,2.0,0.0198066207231022,0.009325786506451463,0.0900765053338545,0.09249372987596866,4
2008-05-04,0,,,,,0.0,0.0,0.0,0.0,0
2008-05-05,9,0.0,5.0,0.0,4.0,3.0625962346675806,0.00020809319721593056,0.3261759469605746,0.0001280069991480559,9
2008-05-06,3,0.0,3.0,0.0,0.0,0.9657194442697801,0.00010529737483011559,8.41569062686176e-05,4.0366800931224134e-05,3
2008-05-07,1,0.0,0.0,1.0,0.0,6.961508188396692e-05,1.498193796578562e-05,0.0003655095351859,0.1380954086780548,1
2008-05-08,6,1.0,4.0,1.0,0.0,2.113093352294527,0.0016372992586184349,0.00021284044578351313,0.13940916854244273,6
2008-05-09,7,0.0,7.0,0.0,0.0,6.991443634033203,0.0002179268849431537,0.00014906578871887177,0.00011942782748519676,7
2008-05-10,10,0.0,10.0,0.0,0.0,8.985035653575324,0.0002719423882808769,0.01117819875435078,0.0001525060624771868,10
2008-05-11,0,,,,,0.0,0.0,0.0,0.0,0
2008-05-12,7,0.0,7.0,0.0,0.0,6.008966721594334,0.041158620440910405,0.00035362488415553473,0.00013437148299999535,7
2008-05-13,1,0.0,0.0,0.0,1.0,0.0003697473148349,5.745437738369219e-05,0.9668401479721068,1.4017298781254794e-05,1
2008-05-14,6,1.0,2.0,1.0,2.0,0.23366620337583277,0.00040376634206035683,1.002417934654659,0.028299614442403205,4
2008-05-15,2,0.0,1.0,1.0,0.0,0.0003167075938108562,4.781786265084519e-05,7.882942009018734e-05,0.004643657364795146,2
2008-05-16,3,0.0,2.0,0.0,1.0,1.995384669397026,0.0036924720297974423,0.973293284929241,4.423602695169393e-05,3
2008-05-17,2,0.0,0.0,1.0,1.0,0.002555654886236863,4.165030986769125e-05,0.0034324224488954357,0.12392747207468345,2
2008-05-18,0,,,,,0.0,0.0,0.0,0.0,0
2008-05-19,6,0.0,6.0,0.0,0.0,4.961656023595424,0.00014384426503966097,0.00016889418475329876,0.00011558065943972906,6
2008-05-20,4,0.0,2.0,1.0,1.0,1.135497602968826,0.00010148955152544659,0.9913643545460218,0.0008866800453688037,4
2008-05-21,1,0.0,0.0,0.0,1.0,0.0020966683514416,1.952918137249071e-05,0.601297914981842,1.3978740753373131e-05,1
2008-05-22,24,0.0,17.0,0.0,7.0,13.79625930358452,0.017651829284659363,3.9066354593778665,0.5343052715106749,24
2008-05-23,15,1.0,14.0,0.0,0.0,11.70690600015223,0.9767084855320718,0.00038325613604683895,0.0002673118633538252,15
2008-05-24,2,1.0,1.0,0.0,0.0,0.9985788802141542,0.0032985337275022028,4.1705854528117925e-05,3.223300245736027e-05,2
2008-05-25,0,,,,,0.0,0.0,0.0,0.0,0
2008-05-26,3,0.0,2.0,0.0,1.0,1.9970723576843739,0.0014841557986073175,0.9851447590299358,5.664648961101193e-05,3
2008-05-27,5,0.0,3.0,0.0,2.0,0.2352187106152994,0.0004908287673969831,1.5341009778021544,0.00023744939699093113,4
2008-05-28,3,1.0,1.0,0.0,1.0,0.0166524797386954,0.932819420134365,0.4333780722154188,8.249321490438888e-05,2
2008-05-29,1,0.0,1.0,0.0,0.0,0.9936826825141908,2.4834820578689687e-05,2.6030507797258903e-05,1.639982838241849e-05,1
2008-05-30,7,0.0,6.0,0.0,1.0,6.0443064123392105,0.0012629792563529601,0.9970117257598757,0.00013565686458605342,7
2008-05-31,6,1.0,3.0,2.0,0.0,1.0220564718038074,0.026113085985343697,0.0008521798363289702,0.27626453243374266,6
2008-06-01,0,,,,,0.0,0.0,0.0,0.0,0
2008-06-02,8,0.0,6.0,1.0,1.0,1.0040913692355384,0.0004162524119236804,0.015191555193268804,0.34266257400304306,7
2008-06-03,0,,,,,0.0,0.0,0.0,0.0,0
2008-06-04,4,0.0,1.0,2.0,1.0,1.0032381424098276,0.0003625719182308898,0.8888969394774904,0.10572269638032593,4
2008-06-05,9,0.0,7.0,1.0,1.0,3.8479430159313774,0.0008691138391441034,0.9984836941493993,0.006017373001668568,9
2008-06-06,0,,,,,0.0,0.0,0.0,0.0,0
2008-06-07,6,1.0,4.0,1.0,0.0,0.022024828491339396,0.9353373646990805,0.0001392173671774799,0.024986402764625357,6
2008-06-08,0,,,,,0.0,0.0,0.0,0.0,0
2008-06-09,4,0.0,2.0,1.0,1.0,1.0012087591821908,7.277869735844433e-05,0.9908012379346474,0.006388199804859974,4
2008-06-10,12,0.0,11.0,1.0,0.0,3.413111061185191,0.0008915786265788318,0.002286973853187974,0.008782052826973002,12
2008-06-11,6,0.0,4.0,2.0,0.0,2.0004805970947928,0.00012666159636864904,0.00014965824630053248,0.0037662490876754825,5
2008-06-12,3,0.0,3.0,0.0,0.0,1.9955214394722134,9.446619878872298e-05,0.00010744871542556211,4.904310299025383e-05,3
2008-06-13,2,0.0,2.0,0.0,0.0,1.0009989610407501,0.0008214549225158324,0.00016446946028726912,0.00569796516356284,2
2008-06-14,5,0.0,3.0,1.0,1.0,3.5000241771340366,0.002478066620824294,1.0111616105750725,0.7399918194560086,5
2008-06-15,0,,,,,0.0,0.0,0.0,0.0,0
2008-06-16,3,0.0,2.0,1.0,0.0,0.008297292697534323,7.384307173197158e-05,5.068199789093342e-05,0.6147610024836467,2
2008-06-17,1,0.0,1.0,0.0,0.0,0.0002557506959419,1.4832291526545305e-05,5.504631553776562e-05,5.707513992092572e-05,1
2008-06-18,5,0.0,2.0,1.0,2.0,0.003982553782407012,9.022067297337344e-05,0.11708608925255236,0.06841199949849396,5
2008-06-19,2,1.0,1.0,0.0,0.0,0.020024076104164,0.9321539527463756,4.2560865040286444e-05,0.004016343844341421,2
2008-06-20,1,0.0,0.0,1.0,0.0,0.0313795246183872,1.4976159945945255e-05,0.0856280624866485,0.8495174050331116,1
2008-06-21,3,0.0,3.0,0.0,0.0,2.898733973503113,0.0004303569257899455,6.862451846245676e-05,0.012106943822800505,3
2008-06-22,0,,,,,0.0,0.0,0.0,0.0,0
2008-06-23,3,0.0,2.0,1.0,0.0,0.0110924106556921,9.205905007547699e-05,0.00019823378170258366,0.0028561500948853496,2
2008-06-24,3,0.0,3.0,0.0,0.0,2.7275341153144836,0.0008445730836682669,9.38229204621166e-05,0.0014023271160112493,3
2008-06-25,10,0.0,6.0,0.0,4.0,5.81393978826236,0.0005347136320778638,1.1693048630750125,0.0024896715422073556,10
2008-06-26,12,0.0,12.0,0.0,0.0,9.948571712244302,0.0003712413308676332,0.000713748971975194,0.0003382891845831182,12
2008-06-27,4,0.0,4.0,0.0,0.0,1.873215392624843,0.00010619723980198614,0.00010584754818410147,0.00016703852270429312,3
2008-06-28,1,0.0,0.0,1.0,0.0,4.15452232118696e-05,1.645530210225843e-05,1.836425690271426e-05,5.718541069654748e-05,0
2008-06-29,0,,,,,0.0,0.0,0.0,0.0,0
2008-06-30,3,0.0,3.0,0.0,0.0,1.2816607245440537,9.466671690461226e-05,8.294286635646131e-05,4.969894052919699e-05,2
2008-07-01,1,0.0,1.0,0.0,0.0,0.0043901912868022,1.4050618119654246e-05,1.671492645982653e-05,1.2793267160304822e-05,1
2008-07-02,12,1.0,4.0,2.0,5.0,1.3433601225533491,0.906683996288848,0.0894699486634632,0.1004953012334226,12
2008-07-03,0,,,,,0.0,0.0,0.0,0.0,0
2008-07-04,6,0.0,4.0,2.0,0.0,2.9881300987617574,0.00011981223724433221,0.0001577690363774309,0.9173046779887954,5
2008-07-05,10,0.0,10.0,0.0,0.0,4.995951095253986,0.08702473230005096,0.004441807899638581,0.0024076428153420714,9
2008-07-06,0,,,,,0.0,0.0,0.0,0.0,0
2008-07-07,3,1.0,1.0,0.0,1.0,0.0455592812504618,0.08040858767344616,1.0112845917428783,0.0001548484342492804,3
2008-07-08,5,1.0,1.0,1.0,2.0,0.9017476962653744,0.8838633191044208,0.5718802380761189,0.06840556045062832,3
2008-07-09,3,0.0,2.0,0.0,1.0,0.017820968341766222,7.366504996753065e-05,0.9986025504440477,4.415182502270909e-05,3
2008-07-10,2,0.0,0.0,1.0,1.0,0.0036741509102283998,2.979510918521555e-05,0.0034853622055378724,0.08790836517346175,2
2008-07-11,7,0.0,7.0,0.0,0.0,2.949372480572492,0.0002731597123783113,0.0002038616676145466,0.00010655299593054224,7
2008-07-12,3,1.0,1.0,0.0,1.0,0.0615996004780754,0.9235323478314967,1.6987969831970986,5.542205053643556e-05,3
2008-07-13,0,,,,,0.0,0.0,0.0,0.0,0
2008-07-14,3,0.0,2.0,0.0,1.0,0.015906877837551212,5.450837852549739e-05,0.0007634465328009848,3.9962252230907325e-05,3
2008-07-15,7,0.0,3.0,1.0,3.0,1.0226514359437713,0.028604114850167995,0.3292375840683232,0.04225214221423806,7
2008-07-16,2,0.0,2.0,0.0,0.0,0.9255487715709022,3.958886554755736e-05,4.564147093333304e-05,3.053926229767967e-05,2
2008-07-17,0,,,,,0.0,0.0,0.0,0.0,0
2008-07-18,5,1.0,3.0,0.0,1.0,2.6506194338435307,0.9786442369750148,0.8859578916299142,8.092561438388657e-05,5
2008-07-19,1,0.0,1.0,0.0,0.0,0.9971020221710204,2.6762083507492207e-05,0.0204401686787605,1.6223357306444086e-05,1
2008-07-20,0,,,,,0.0,0.0,0.0,0.0,0
2008-07-21,10,2.0,5.0,1.0,2.0,2.9849395686615026,0.4217407159703725,2.0879711620000307,0.8031830747386264,10
2008-07-22,14,1.0,5.0,2.0,6.0,0.6779419351842076,0.03378087811870494,5.867167601798428,0.00871126867968993,14
2008-07-23,4,0.0,1.0,0.0,3.0,1.2502484689466655,0.0005456429389596239,1.7524676337634444,0.0004263363944118307,4
2008-07-24,12,0.0,11.0,1.0,0.0,10.902524969016667,0.0003206942947144853,0.0004194549146632198,0.0018376210009590987,12
2008-07-25,4,1.0,2.0,1.0,0.0,2.029003401497903,0.07477874594587768,0.08568854427358014,0.8495627298334512,3
2008-07-26,3,0.0,0.0,0.0,3.0,0.8605807698604621,0.00023081086692391153,2.9752314686775208,4.570537566905841e-05,3
2008-07-27,0,,,,,0.0,0.0,0.0,0.0,0
2008-07-28,8,1.0,6.0,1.0,0.0,4.106882202770066,0.11043327968218354,0.0002220447559011518,0.036975164000068485,8
2008-07-29,12,0.0,10.0,1.0,1.0,2.228614986677712,0.017547334642585826,1.8367518207696774,0.006182133106449323,12
2008-07-30,7,1.0,3.0,0.0,3.0,2.0993568313951982,0.05530539348364957,1.9908999685994786,9.981764651456615e-05,7
2008-07-31,4,0.0,3.0,0.0,1.0,0.0155571670038623,9.79587475740118e-05,0.7093220683364052,0.0011706352361215856,4
2008-08-01,8,0.0,5.0,2.0,1.0,4.982699698390206,0.00015561844247713452,0.018194228774518626,0.012753196489029351,8
2008-08-02,1,0.0,0.0,1.0,0.0,0.000437403912656,1.5927336789900437e-05,1.6034611689974554e-05,0.0683424547314643,1
2008-08-03,0,,,,,0.0,0.0,0.0,0.0,0
2008-08-04,2,0.0,1.0,0.0,1.0,0.9950937202665954,3.851461588055827e-05,0.7202881337616418,2.8259305508981925e-05,2
2008-08-05,7,0.0,4.0,1.0,2.0,0.9429519225959666,0.004614338149622116,0.33440048003012623,0.9959439054664472,7
2008-08-06,7,0.0,6.0,0.0,1.0,3.976232004190024,0.00018028011618298478,0.31413125663857494,0.00011237825674470514,7
2008-08-07,6,0.0,4.0,1.0,1.0,1.020966273776139,0.00047218142481139966,0.9809705302841394,0.23801337393069835,5
2008-08-08,12,0.0,8.0,0.0,4.0,6.038344293752743,0.0018747024669208017,2.9812998188808706,0.0001992140205402393,12
2008-08-09,1,0.0,1.0,0.0,0.0,0.1839439421892166,7.892540452303365e-05,1.8921684386441484e-05,2.196978311985731e-05,1
2008-08-10,0,,,,,0.0,0.0,0.0,0.0,0
2008-08-11,9,2.0,5.0,1.0,1.0,1.9914534556664871,0.053344239831858056,0.9998362042178994,0.004492503406254378,8
2008-08-12,5,1.0,3.0,1.0,0.0,1.9217219283455051,0.00781283054129737,0.0005729934628106025,0.006398990057277838,4
2008-08-13,1,0.0,1.0,0.0,0.0,0.9906564354896544,0.0048229852691292,0.0165513325482606,1.611841616977472e-05,1
2008-08-14,8,0.0,5.0,2.0,1.0,4.974975605378859,0.0014444009084398286,0.09109515512864143,0.130361440503293,8
2008-08-15,2,0.0,1.0,0.0,1.0,0.9993438525125383,6.487867904070299e-05,0.987914994771927,7.092909800121561e-05,2
2008-08-16,1,0.0,0.0,1.0,0.0,0.0007311276858672,1.748696740833111e-05,1.896118737931829e-05,0.006330591160804,1
2008-08-17,0,,,,,0.0,0.0,0.0,0.0,0
2008-08-18,0,,,,,0.0,0.0,0.0,0.0,0
2008-08-19,3,0.0,3.0,0.0,0.0,2.9822258949279785,0.0003360960254211,0.0011394491884857,4.471537704375805e-05,3
2008-08-20,2,0.0,1.0,1.0,0.0,0.1676408167404588,3.774840570258675e-05,0.000480396527564,0.13811348921080926,2
2008-08-21,0,,,,,0.0,0.0,0.0,0.0,0
2008-08-22,3,1.0,0.0,0.0,2.0,0.0145098605426027,0.034860218485846375,0.051870316317945156,0.0002522248387321804,3
2008-08-23,1,0.0,0.0,0.0,1.0,0.0041032237932085,2.1029934941907413e-05,0.5460689067840576,1.310144489252707e-05,1
2008-08-24,0,,,,,0.0,0.0,0.0,0.0,0
2008-08-25,1,0.0,1.0,0.0,0.0,0.9987592697143556,0.0005231502582319,0.0003512662660796,1.4495810319203883e-05,1
2008-08-26,0,,,,,0.0,0.0,0.0,0.0,0
2008-08-27,0,,,,,0.0,0.0,0.0,0.0,0
2008-08-28,0,,,,,0.0,0.0,0.0,0.0,0
2008-08-29,0,,,,,0.0,0.0,0.0,0.0,0
2008-08-30,0,,,,,0.0,0.0,0.0,0.0,0
2008-08-31,0,,,,,0.0,0.0,0.0,0.0,0
2008-09-01,0,,,,,0.0,0.0,0.0,0.0,0
2008-09-02,0,,,,,0.0,0.0,0.0,0.0,0
2008-09-03,0,,,,,0.0,0.0,0.0,0.0,0
2008-09-04,2,0.0,2.0,0.0,0.0,0.9931487721623853,4.228961006447207e-05,5.380873153626453e-05,2.9685289518965874e-05,2
2008-09-05,0,,,,,0.0,0.0,0.0,0.0,0
2008-09-06,3,0.0,1.0,0.0,2.0,1.0556951023172587,6.164783553685993e-05,1.6675121278276492,4.578414882416837e-05,3
2008-09-07,0,,,,,0.0,0.0,0.0,0.0,0
2008-09-08,1,0.0,1.0,0.0,0.0,0.9587602019309998,1.759143196977675e-05,0.0046676155179739,1.507181968918303e-05,1
2008-09-09,3,0.0,2.0,1.0,0.0,0.9585253214390832,0.0004076458299095798,6.799792936362792e-05,0.00011129203903692542,3
2008-09-10,3,0.0,2.0,1.0,0.0,1.9926774107734673,0.00010222929449810181,7.455125523847528e-05,0.00636734521322061,3
2008-09-11,0,,,,,0.0,0.0,0.0,0.0,0
2008-09-12,2,0.0,2.0,0.0,0.0,0.9981335767515701,3.564979306247551e-05,3.775572622544132e-05,0.0019100606759820092,2
2008-09-13,2,0.0,2.0,0.0,0.0,0.00030080726719460547,3.1177188247966114e-05,3.884278157784138e-05,2.484556989656994e-05,2
2008-09-14,0,,,,,0.0,0.0,0.0,0.0,0
2008-09-15,4,0.0,1.0,1.0,2.0,1.0371141717514545,0.00027040925488105386,0.9565920920886128,0.06176232859706941,3
2008-09-16,2,0.0,1.0,1.0,0.0,0.9659269938329088,4.2866941839747597e-05,5.828290886711329e-05,0.03284113385961966,2
2008-09-17,1,0.0,1.0,0.0,0.0,0.986399471759796,2.6491628887015395e-05,3.868920975946821e-05,1.8336537323193625e-05,1
2008-09-18,0,,,,,0.0,0.0,0.0,0.0,0
2008-09-19,4,0.0,3.0,0.0,1.0,2.637653574347496,0.00012857609181082807,0.05151387315163439,6.371468407451175e-05,4
2008-09-20,3,0.0,3.0,0.0,0.0,2.0123780388385057,0.0002674453626241106,0.0020306155693105153,0.0001481128256272552,3
2008-09-21,0,,,,,0.0,0.0,0.0,0.0,0
2008-09-22,0,,,,,0.0,0.0,0.0,0.0,0
2008-09-23,5,0.0,1.0,3.0,1.0,0.009614452850655536,0.00011686924062814796,0.002651919094205218,0.4143306759651749,5
2008-09-24,4,1.0,3.0,0.0,0.0,2.716527202865109,0.004828328903386039,0.00012063457870681304,6.005493014527019e-05,4
2008-09-25,2,0.0,2.0,0.0,0.0,0.9852753398008643,4.842907947022468e-05,4.202419768262189e-05,3.343655225762632e-05,2
2008-09-26,1,0.0,1.0,0.0,0.0,0.9899033308029176,2.711585875658784e-05,4.6849181671859697e-05,1.4573814951290842e-05,1
2008-09-27,2,0.0,1.0,0.0,1.0,0.9890096409362741,4.2250096157658845e-05,0.995135978770122,3.390843266970478e-05,2
2008-09-28,0,,,,,0.0,0.0,0.0,0.0,0
2008-09-29,2,0.0,2.0,0.0,0.0,0.9847599336353594,3.9389842640957795e-05,5.5560487453476526e-05,2.920315455412492e-05,2
2008-09-30,5,1.0,2.0,0.0,2.0,0.9950306669052223,0.0032581765754001965,1.224534551722172,7.711233138252283e-05,4
2008-10-01,2,0.0,1.0,1.0,0.0,1.0023888684809208,4.29041338065872e-05,7.220083170977887e-05,0.9178521839075984,1
2008-10-02,6,0.0,3.0,2.0,1.0,0.0050007067038675,0.00010952077445836039,0.9951365512315533,0.0671404223494391,6
2008-10-03,2,0.0,2.0,0.0,0.0,0.9612253441318898,4.808866106031928e-05,3.869205647788476e-05,2.9563541829702444e-05,2
2008-10-04,2,0.0,1.0,0.0,1.0,0.0059999409131705,0.00014616482803824063,0.0034816271545423643,2.852424222510308e-05,2
2008-10-05,0,,,,,0.0,0.0,0.0,0.0,0
2008-10-06,1,0.0,0.0,0.0,1.0,5.243218765826896e-05,1.5661811630707234e-05,0.0085792988538742,1.3514790225599428e-05,1
2008-10-07,0,,,,,0.0,0.0,0.0,0.0,0
2008-10-08,2,0.0,0.0,1.0,1.0,0.952625105248444,0.0001186169938591706,0.0028741920250467,0.963043138105604,2
2008-10-09,2,0.0,1.0,0.0,1.0,1.0013228548923507,0.00019693622562040475,1.0926035717129707,7.741575973341241e-05,2
2008-10-10,3,0.0,2.0,0.0,1.0,1.9367400247319893,7.39350143703632e-05,0.0009705123065941593,4.959146099281497e-05,3
2008-10-11,3,0.0,2.0,0.0,1.0,2.761769652366638,0.007230552771943447,1.0453561983449615,5.243342002358986e-05,3
2008-10-12,0,,,,,0.0,0.0,0.0,0.0,0
2008-10-13,21,1.0,10.0,0.0,10.0,10.519648552573926,0.01629449728170563,3.2090346890436185,0.0007133131230147657,21
2008-10-14,0,,,,,0.0,0.0,0.0,0.0,0
2008-10-15,2,0.0,1.0,0.0,1.0,0.0023022177701931003,0.00029399089908109803,0.9873435365952902,2.8668888262473047e-05,2
2008-10-16,4,0.0,2.0,1.0,1.0,1.0047273038690034,0.0011477756106614636,1.9698641630038762,0.04368094964320334,4
2008-10-17,2,0.0,1.0,1.0,0.0,0.0267833098478148,3.3944272217922844e-05,3.584221667551901e-05,0.07874337863177061,2
2008-10-18,2,0.0,2.0,0.0,0.0,1.232518970966339,0.0003469958392087987,0.0001686770901869594,3.36414323101053e-05,2
2008-10-19,0,,,,,0.0,0.0,0.0,0.0,0
2008-10-20,4,0.0,4.0,0.0,0.0,0.1707775550821679,8.801860803941963e-05,9.223039796779631e-05,5.64709298487287e-05,4
2008-10-21,4,0.0,1.0,2.0,1.0,0.010470111783433796,7.5439613283379e-05,0.0025814661366893566,0.092081607901491,4
2008-10-22,2,0.0,2.0,0.0,0.0,0.00012035819599987008,3.255776027799584e-05,2.9979350074427202e-05,2.6806163987203036e-05,2
2008-10-23,4,0.0,3.0,0.0,1.0,2.954422710230574,0.014590354890969973,0.06699136296811041,0.0026310608327548674,4
2008-10-24,4,0.0,1.0,1.0,2.0,0.9989947385802225,7.997625652933493e-05,0.9181897098005719,0.0696967991643759,4
2008-10-25,1,0.0,0.0,1.0,0.0,7.329404616029933e-05,1.413731115462724e-05,3.497633952065371e-05,8.553286897949874e-05,1
2008-10-26,0,,,,,0.0,0.0,0.0,0.0,0
2008-10-27,5,0.0,1.0,4.0,0.0,0.0010140281920028404,8.109474947559647e-05,0.00011744342646125006,0.062139001137438525,5
2008-10-28,5,0.0,4.0,0.0,1.0,0.0037746418965978004,0.00011495742819533916,0.054565673281103864,0.0011776339979405115,5
2008-10-29,5,1.0,2.0,0.0,2.0,1.259726023301482,0.04797862257692019,1.9835795499411688,0.00016582740136067135,4
2008-10-30,7,0.0,6.0,0.0,1.0,4.904928455129266,0.0009663589607953236,0.0032660443193889862,0.00023797781159368416,7
2008-10-31,6,0.0,4.0,1.0,1.0,1.1735691293506532,0.000147851960718981,0.03287798163546539,0.011875202058035933,6
2008-11-01,2,0.0,2.0,0.0,0.0,0.9991362020955422,4.6412569645326585e-05,3.182076306984527e-05,3.150907105009537e-05,2
2008-11-02,0,,,,,0.0,0.0,0.0,0.0,0
2008-11-03,4,1.0,2.0,1.0,0.0,1.997677518404089,0.9513687459584618,8.872541184246074e-05,0.006375118538016944,4
2008-11-04,5,0.0,2.0,1.0,2.0,2.0011385556135792,0.00033132406497311643,0.853022853465518,0.024631746498016534,5
2008-11-05,5,0.0,5.0,0.0,0.0,1.9749705768081183,0.00015357851589214988,0.00013386750379140722,7.140809975680895e-05,3
2008-11-06,1,0.0,1.0,0.0,0.0,0.9997605681419371,1.6936808606260456e-05,1.9274339138064533e-05,0.0079077081754803,1
2008-11-07,2,0.0,0.0,1.0,1.0,0.0005190862484595663,3.76154130208306e-05,0.0012776043531630265,0.009954602988727764,2
2008-11-08,4,0.0,4.0,0.0,0.0,1.0256200365474795,8.09743160061771e-05,0.00011360450844222214,5.6704373491811566e-05,4
2008-11-09,0,,,,,0.0,0.0,0.0,0.0,0
2008-11-10,1,0.0,0.0,0.0,1.0,2.5864705094136294e-05,1.802292172214948e-05,0.0007828709203749,1.2993688869755717e-05,1
2008-11-11,4,0.0,3.0,0.0,1.0,0.0030090367381488963,0.0001702187873887861,0.0009494142132097725,5.083859014121117e-05,3
2008-11-12,5,0.0,4.0,0.0,1.0,3.8557511754333973,0.011806537509983122,0.606274853575087,9.257118654204533e-05,5
2008-11-13,3,0.0,3.0,0.0,0.0,1.0458447742275894,8.65030615386786e-05,0.0011627868279901544,4.790664479514817e-05,3
2008-11-14,5,0.0,5.0,0.0,0.0,1.9048757465516248,0.0001109418117266614,0.00012018869438179536,9.507726917945547e-05,3
2008-11-15,1,0.0,1.0,0.0,0.0,0.4252768456935882,0.0029550599865615,0.0463745929300785,1.4982396351115312e-05,1
2008-11-16,0,,,,,0.0,0.0,0.0,0.0,0
2008-11-17,2,0.0,1.0,0.0,1.0,1.0080344788730145,0.009675407367467338,0.993890247416857,0.005353973914679954,2
2008-11-18,2,0.0,2.0,0.0,0.0,0.8182120344717987,0.000248909744186587,0.6333560147922981,2.958504956040997e-05,2
2008-11-19,11,0.0,7.0,1.0,3.0,5.421893940860173,0.017378055524204385,2.191484377324741,0.03383892937563348,11
2008-11-20,3,0.0,3.0,0.0,0.0,2.1664846539497375,7.962814743223134e-05,8.208971303247381e-05,5.1816449740726966e-05,3
2008-11-21,3,0.0,3.0,0.0,0.0,2.441789895296097,0.0003856529747280488,0.0003118484310106568,4.8419577069580555e-05,3
2008-11-22,7,0.0,3.0,1.0,3.0,0.9127615436264022,0.000215087883589149,1.0922444705383894,0.002504205224795302,6
2008-11-23,0,,,,,0.0,0.0,0.0,0.0,0
2008-11-24,0,,,,,0.0,0.0,0.0,0.0,0
2008-11-25,6,1.0,2.0,2.0,1.0,0.0049523013440191,0.002046767864157969,0.9999558683412033,0.6070811517502078,6
2008-11-26,9,1.0,4.0,0.0,4.0,2.132090480357874,0.015162061463342922,0.5561197607312348,0.0001373613722535083,9
2008-11-27,3,0.0,3.0,0.0,0.0,0.7331112481624585,7.468551120837219e-05,0.0001032764048432,9.322970436187461e-05,3
2008-11-28,4,0.0,3.0,0.0,1.0,1.9355620403803184,0.000518789953275639,0.006183740657434007,5.361075909604551e-05,3
2008-11-29,7,1.0,5.0,0.0,1.0,1.3554799284538601,0.047162041561932655,0.9773202906344524,9.821229377848795e-05,7
2008-11-30,0,,,,,0.0,0.0,0.0,0.0,0
2008-12-01,3,0.0,2.0,1.0,0.0,1.9073400091729127,6.37851426290581e-05,0.00011544783046701923,0.006365295441355535,3
2008-12-02,2,0.0,2.0,0.0,0.0,0.9875217229127883,4.823191738978494e-05,0.0918650919047649,2.8354415007925127e-05,2
2008-12-03,4,1.0,1.0,0.0,2.0,0.0012923356698592,0.0006016716197336023,1.9371494123633966,5.306781986291753e-05,4
2008-12-04,6,1.0,5.0,0.0,0.0,3.149109285324812,0.001465935920350582,0.0539135311646532,0.00010477468822500668,6
2008-12-05,7,0.0,4.0,1.0,2.0,1.5066302421400903,0.00014069674853089964,0.009760344304595462,0.0328011523924941,7
2008-12-06,4,0.0,3.0,0.0,1.0,2.894093919388979,9.326218059868552e-05,0.00396980349796635,6.140174718893832e-05,4
2008-12-07,0,,,,,0.0,0.0,0.0,0.0,0
2008-12-08,2,1.0,1.0,0.0,0.0,0.0848783091641961,0.9823612284308183,0.00706065308077079,2.845202834578231e-05,2
2008-12-09,2,0.0,0.0,0.0,2.0,3.99199707317166e-05,3.448934330663178e-05,0.0005863269652763741,2.5800532966968603e-05,2
2008-12-10,2,0.0,2.0,0.0,0.0,0.0266004964360035,4.17745814047521e-05,0.00011205677219550124,0.0001023204495140817,2
2008-12-11,1,0.0,1.0,0.0,0.0,0.9954997301101683,1.921646253322251e-05,0.0025207605212926,1.338571291853441e-05,1
2008-12-12,3,1.0,1.0,0.0,1.0,0.0029961759028082485,0.024579997732871468,0.00013125880650477484,3.886582089762669e-05,3
2008-12-13,6,0.0,6.0,0.0,0.0,4.642272771743592,0.00033907006763905095,0.0002594852667243313,0.00010457686403242406,6
2008-12-14,0,,,,,0.0,0.0,0.0,0.0,0
2008-12-15,1,0.0,0.0,1.0,0.0,6.961508188396692e-05,1.498193796578562e-05,0.0003655095351859,0.1380954086780548,1
2008-12-16,7,1.0,2.0,0.0,4.0,0.028419034542821277,0.0024919377174227515,3.0061400041522575,0.0004589853006108692,7
2008-12-17,2,0.0,2.0,0.0,0.0,1.9542155265808105,5.8418319895281456e-05,5.791862713522278e-05,3.0073629204707686e-05,2
2008-12-18,2,0.0,2.0,0.0,0.0,1.9301844835281372,6.848186239949428e-05,0.00044217640242999576,3.235660187783651e-05,2
2008-12-19,2,0.0,1.0,0.0,1.0,0.010355668004194678,3.419573840801604e-05,0.9802551663979103,2.5854797968349885e-05,2
2008-12-20,4,0.0,1.0,0.0,3.0,1.7386800642780142,0.0005583977963396057,1.9942171734292056,6.01729207119206e-05,3
2008-12-21,0,,,,,0.0,0.0,0.0,0.0,0
2008-12-22,1,0.0,1.0,0.0,0.0,0.0002755266032181,2.1148118321434595e-05,1.3030798982072156e-05,1.2338379747234283e-05,0
2008-12-23,4,1.0,2.0,0.0,1.0,0.016499425906658687,0.012191471370897307,0.3598012798011041,5.890864667890128e-05,4
2008-12-24,1,0.0,0.0,0.0,1.0,0.0004030258860439,6.640784704359248e-05,0.0715989395976066,1.578454248374328e-05,1
2008-12-25,0,,,,,0.0,0.0,0.0,0.0,0
2008-12-26,2,0.0,0.0,1.0,1.0,8.985109889181331e-05,3.257485423091566e-05,0.0032460619404446,0.13811403539057207,2
2008-12-27,6,0.0,2.0,1.0,3.0,1.0038205507662494,0.003466487120021944,1.3655158451001626,0.8536762767671462,5
2008-12-28,0,,,,,0.0,0.0,0.0,0.0,0
2008-12-29,8,0.0,6.0,1.0,1.0,4.892599365368369,0.00019022588185180211,0.8592003320136427,0.08749723352502768,8
2008-12-30,8,1.0,6.0,1.0,0.0,0.03675848221428143,0.0038098713330326525,0.0006465485757871465,0.01865027501298752,7
2008-12-31,3,0.0,1.0,1.0,1.0,0.0008562132570657,5.298427822708618e-05,0.8571890003759108,0.06836954011123451,3
2009-01-01,1,0.0,1.0,0.0,0.0,0.9960379004478456,0.0093913041055202,0.0006102874758653,1.4847605598333756e-05,1
2009-01-02,0,,,,,0.0,0.0,0.0,0.0,0
2009-01-03,1,0.0,0.0,0.0,1.0,2.3115015210350972e-05,2.032544944086112e-05,2.8143816962256096e-05,1.3294808013597503e-05,1
2009-01-04,0,,,,,0.0,0.0,0.0,0.0,0
2009-01-05,0,,,,,0.0,0.0,0.0,0.0,0
2009-01-06,0,,,,,0.0,0.0,0.0,0.0,0
2009-01-07,20,1.0,9.0,4.0,6.0,4.959656066901516,0.9821779908743338,1.8135792668454087,0.5792339326126238,4
2009-01-08,5,0.0,3.0,0.0,2.0,2.7563624957110733,0.00015408603940159082,1.9422711174447613,7.702958919253433e-05,4
2009-01-09,3,0.0,2.0,1.0,0.0,0.19198553351088765,6.136472075013444e-05,0.004777921347340269,0.0005252047139947205,3
2009-01-10,4,1.0,3.0,0.0,0.0,2.91422766528558,0.009183662148643591,0.00020517284792723135,6.805800148868002e-05,4
2009-01-11,0,,,,,0.0,0.0,0.0,0.0,0
2009-01-12,1,0.0,1.0,0.0,0.0,0.9941972494125366,2.3088667148840614e-05,2.478977694408968e-05,1.5766088836244307e-05,1
2009-01-13,8,1.0,4.0,1.0,2.0,1.1022049720122593,0.016217853521084066,2.0211737235040346,0.17674933079797478,7
2009-01-14,6,0.0,5.0,1.0,0.0,4.934207926358795,0.0001481204089941457,0.0001475779754400719,0.001073308430932052,5
2009-01-15,2,0.0,1.0,1.0,0.0,0.0006398002915375012,3.644645039457828e-05,4.5914088332210674e-05,0.00027420676269676895,2
2009-01-16,4,0.0,4.0,0.0,0.0,1.983610765833873,9.373919601785019e-05,0.00017744485739967786,0.009176382947771306,4
2009-01-17,1,0.0,0.0,0.0,1.0,0.0002847895957529,2.3215421606437303e-05,0.0071173100732266,1.5675170288886875e-05,1
2009-01-18,0,,,,,0.0,0.0,0.0,0.0,0
2009-01-19,3,1.0,2.0,0.0,0.0,0.00019635893841041252,0.035900257586945344,6.10697352385614e-05,4.052876192872645e-05,3
2009-01-20,1,0.0,0.0,0.0,1.0,0.0032168207690119,1.4999278391769622e-05,0.0036792615428566,1.2722724022751208e-05,1
2009-01-21,5,1.0,3.0,0.0,1.0,2.8302667466705316,0.006326081645965884,1.0178748693433588,8.761826211411972e-05,5
2009-01-22,3,0.0,3.0,0.0,0.0,0.010915062906860819,0.00016088961092460786,5.828310804645298e-05,0.0007730852839813122,3
2009-01-23,2,0.0,1.0,0.0,1.0,0.9751996701234019,0.00010403613850940019,0.204134520910884,3.582417411962524e-05,1
2009-01-24,8,0.0,6.0,0.0,2.0,4.989708090992281,0.0015341049374910042,0.0016358993743777399,0.00012441728540579788,8
2009-01-25,0,,,,,0.0,0.0,0.0,0.0,0
2009-01-26,2,1.0,1.0,0.0,0.0,5.663579759129789e-05,4.3416921471362e-05,4.896812060906086e-05,2.7020387278753333e-05,2
2009-01-27,10,2.0,7.0,0.0,1.0,1.9679951468369836,0.018003537417825944,0.044537605272125476,0.05837026932840662,10
2009-01-28,7,0.0,3.0,2.0,2.0,1.8571032731979356,0.0005487595262819956,0.01704032411998906,0.5195080071725897,6
2009-01-29,2,0.0,2.0,0.0,0.0,0.0010389439121353998,5.2448991482378915e-05,4.7612736125302035e-05,2.5079296392505057e-05,1
2009-01-30,0,,,,,0.0,0.0,0.0,0.0,0
2009-01-31,2,0.0,2.0,0.0,0.0,1.971538007259369,4.805218486580998e-05,5.8632873333408504e-05,3.509820089675486e-05,2
2009-02-01,0,,,,,0.0,0.0,0.0,0.0,0
2009-02-02,10,1.0,4.0,3.0,2.0,3.0271292184479535,0.9869513912772162,0.015146057719902887,0.31443298671547365,10
2009-02-03,2,0.0,1.0,0.0,1.0,0.0218406425847205,0.0002133208517988301,0.11231057488475926,7.051928059809143e-05,2
2009-02-04,4,0.0,1.0,1.0,2.0,0.9752648607827722,0.000536002604348967,1.9727191142283118,0.012212153936161424,4
2009-02-05,1,0.0,0.0,1.0,0.0,0.0002891944313887,1.7170901628560387e-05,2.041369953076355e-05,0.0531863085925579,1
2009-02-06,7,0.0,4.0,1.0,2.0,0.11704547300905664,0.0023869469096098137,1.0421101512820314,0.012769167476107918,5
2009-02-07,2,0.0,2.0,0.0,0.0,0.9989679143764079,5.13706781930523e-05,0.00018204719890483728,3.380501220817678e-05,2
2009-02-08,0,,,,,0.0,0.0,0.0,0.0,0
2009-02-09,0,,,,,0.0,0.0,0.0,0.0,0
2009-02-10,4,1.0,3.0,0.0,0.0,1.9918368252692744,0.0020761712112288447,0.0005179159616090472,6.324694095383165e-05,4
2009-02-11,7,0.0,3.0,2.0,2.0,1.220544320927729,0.005454752960758714,1.0171996261069578,0.11726921359149849,7
2009-02-12,4,1.0,1.0,1.0,1.0,0.0037616616282318744,0.939199111167909,0.0002083584822685225,0.02719250860263855,4
2009-02-13,6,0.0,3.0,0.0,3.0,0.7879682488164688,0.0007916369540907766,1.1051959596134109,9.197326471621636e-05,6
2009-02-14,0,,,,,0.0,0.0,0.0,0.0,0
2009-02-15,0,,,,,0.0,0.0,0.0,0.0,0
2009-02-16,6,0.0,4.0,0.0,2.0,1.7811537602101453,0.0002537647214921358,0.9918718775816161,0.00027865626179839336,5
2009-02-17,9,0.0,9.0,0.0,0.0,5.659275099344086,0.004241092165102573,0.0929491382248669,0.004130842421545683,9
2009-02-18,8,2.0,4.0,2.0,0.0,2.010336692706914,0.9906241582611982,0.00043732118410842714,0.025851527740087404,8
2009-02-19,9,2.0,5.0,1.0,1.0,2.0165475686662826,0.9973921048876944,0.0002855234988601296,0.000993154425486858,5
2009-02-20,6,1.0,3.0,0.0,2.0,0.0830085729539858,0.7136182466210812,1.9208907657030068,8.214592253352748e-05,6
2009-02-21,1,0.0,1.0,0.0,0.0,0.0714080408215522,4.721590812550858e-05,3.158885010634549e-05,2.009301351790782e-05,1
2009-02-22,0,,,,,0.0,0.0,0.0,0.0,0
2009-02-23,4,0.0,2.0,0.0,2.0,0.910446625028271,0.0016191134236577397,0.9729105518126742,7.457661558873951e-05,4
2009-02-24,5,1.0,2.0,2.0,0.0,0.9596581411897201,0.9432696033818501,0.00011887697291967925,0.06284521565612519,5
2009-02-25,3,0.0,3.0,0.0,0.0,1.9465699584325193,6.591613237105776e-05,0.00015271169831976295,4.7900431127345655e-05,3
2009-02-26,4,1.0,3.0,0.0,0.0,1.96081273528398,0.0017723408682285987,0.00032952566925805685,7.44240433050436e-05,4
2009-02-27,7,0.0,5.0,1.0,1.0,1.0860055337652736,0.07729761064456389,0.9762527093425888,0.006428694614442032,7
2009-02-28,4,0.0,3.0,0.0,1.0,2.9729946575371287,9.792649325390812e-05,0.002353983369175672,6.329080042632995e-05,4
2009-03-01,0,,,,,0.0,0.0,0.0,0.0,0
2009-03-02,3,0.0,3.0,0.0,0.0,0.0058836902026086005,0.0004671291435442882,0.0004989494682375982,3.963193466915982e-05,3
2009-03-03,11,0.0,8.0,1.0,2.0,5.921871780508809,0.00025506817200948717,0.0005155608541826745,0.07988037963787051,10
2009-03-04,4,1.0,2.0,0.0,1.0,2.9340260475873947,0.05511971792111574,0.9770812334754737,7.040665605018148e-05,4
2009-03-05,3,0.0,1.0,1.0,1.0,0.9584947559487772,0.001681813570030409,0.0027338011641403937,0.9647105415469923,3
2009-03-06,6,0.0,2.0,3.0,1.0,1.2007654572153112,0.0002560295333750266,0.9100272880923512,0.1993031496494949,5
2009-03-07,5,1.0,3.0,0.0,1.0,1.0691183873223054,0.9441828934704971,0.9449589015948732,7.971292689035181e-05,4
2009-03-08,0,,,,,0.0,0.0,0.0,0.0,0
2009-03-09,5,1.0,2.0,2.0,0.0,0.8908554064983035,0.04015676350536523,0.00010143616600544192,0.8214586530657471,5
2009-03-10,9,0.0,6.0,2.0,1.0,3.9221155013392486,0.00019863933630404063,0.027832439214762344,0.07965321828305597,9
2009-03-11,4,0.0,2.0,0.0,2.0,1.8591153769084485,0.000989344831395887,0.026554774940450325,0.015002590424046497,4
2009-03-12,8,0.0,5.0,0.0,3.0,4.820150243933313,0.00022485103727376554,0.8643437127884679,0.00012578462883539032,8
2009-03-13,3,0.0,1.0,2.0,0.0,0.001290416112169517,4.530791011347901e-05,6.748383020749316e-05,0.08188979980332071,3
2009-03-14,5,0.0,2.0,1.0,2.0,1.9980976615916006,0.00010865967669815291,0.00010470891356817447,0.00014011840903549455,4
2009-03-15,0,,,,,0.0,0.0,0.0,0.0,0
2009-03-16,4,0.0,4.0,0.0,0.0,0.006613955607462853,8.500820695189759e-05,5.3513335842581e-05,6.424743423849577e-05,2
2009-03-17,2,1.0,0.0,1.0,0.0,0.0068652034969999,0.026960806486385987,6.406761895050295e-05,0.06824748452527268,1
2009-03-18,6,0.0,5.0,1.0,0.0,3.003433080335526,0.00046127481073195197,0.005251089160083141,0.02498490773632509,6
2009-03-19,2,0.0,2.0,0.0,0.0,1.9445374608039856,4.1300110751762986e-05,0.004175856272922794,3.070622369705234e-05,2
2009-03-20,4,0.0,3.0,0.0,1.0,0.02858292672863156,8.077012444118736e-05,0.003275734979979366,0.002008441702855607,4
2009-03-21,7,0.0,6.0,0.0,1.0,5.958030033099931,0.00014513700807583518,0.002059311964330788,0.00010225499681837391,7
2009-03-22,0,,,,,0.0,0.0,0.0,0.0,0
2009-03-23,5,0.0,3.0,0.0,2.0,0.005714092701964253,9.138829227595124e-05,1.952410460648025,8.920948948798468e-05,5
2009-03-24,26,5.0,10.0,1.0,10.0,3.9327092371613612,1.9684343562839781,4.639339623221531,0.001169415621916363,26
2009-03-25,3,0.0,2.0,1.0,0.0,0.9755945076030913,0.00021848919550389542,0.8173938992604234,0.06410058816618401,3
2009-03-26,3,1.0,1.0,1.0,0.0,1.008335733320564,0.9334485723411489,0.0011447661327110335,0.012962241056811664,3
2009-03-27,6,1.0,4.0,1.0,0.0,0.4609178748578413,0.41895732666944235,0.0001490683134761639,0.06707803465451433,5
2009-03-28,3,0.0,2.0,0.0,1.0,1.0181443371402565,0.012352304343949051,1.0044397905876392,4.687331420427654e-05,3
2009-03-29,0,,,,,0.0,0.0,0.0,0.0,0
2009-03-30,0,,,,,0.0,0.0,0.0,0.0,0
2009-03-31,4,0.0,2.0,1.0,1.0,1.0037405354232758,0.00018908035781344543,0.9867274740136054,0.006389209945154984,4
2009-04-01,2,0.0,1.0,0.0,1.0,0.934914268553257,0.0002840601118804821,1.18307363986969,2.927510649897158e-05,2
2009-04-02,3,0.0,3.0,0.0,0.0,1.9145212726580212,0.008390699928895606,0.00013418962407740764,9.796133326744894e-05,3
2009-04-03,7,0.0,3.0,1.0,3.0,2.118294045834773,0.0004799040798388796,1.9476704163116665,0.9233969063807307,7
2009-04-04,4,1.0,2.0,0.0,1.0,0.9532334848408938,0.005141627318152988,0.00885093635952201,9.112879251915729e-05,4
2009-04-05,0,,,,,0.0,0.0,0.0,0.0,0
2009-04-06,3,0.0,2.0,0.0,1.0,0.005809519054309807,4.872443059866782e-05,0.9119288688743835,5.269518806017004e-05,3
2009-04-07,5,1.0,2.0,0.0,2.0,0.9733261332057735,0.0004465019646885659,0.06465002567711037,0.00044451441499397264,5
2009-04-08,4,0.0,2.0,0.0,2.0,0.007260493737703485,9.400208182341885e-05,1.0191053391163223,5.759162831964204e-05,4
2009-04-09,8,0.0,8.0,0.0,0.0,7.908709466457367,0.00036596032987285443,0.0004948540117765929,0.0001241234012923087,8
2009-04-10,0,,,,,0.0,0.0,0.0,0.0,0
2009-04-11,2,0.0,2.0,0.0,0.0,1.9909887313842776,5.608214814856183e-05,5.132880323799327e-05,3.1950214179232717e-05,2
2009-04-12,0,,,,,0.0,0.0,0.0,0.0,0
2009-04-13,4,1.0,3.0,0.0,0.0,0.04802181659579209,0.0011451014934209037,7.536474367952906e-05,0.00016436061923741355,4
2009-04-14,15,2.0,8.0,0.0,5.0,1.27543215708647,1.8929364729001463,1.0520804597581441,0.00021131712765054544,5
2009-04-15,3,0.0,2.0,0.0,1.0,0.0002942802311735462,4.7013897528813686e-05,0.00030020399572087947,8.909420193958795e-05,3
2009-04-16,2,1.0,0.0,1.0,0.0,0.0019064273219555,0.020809281664696727,5.8966003052773885e-05,0.1463767385721439,2
2009-04-17,2,0.0,1.0,0.0,1.0,0.0019783698808168,5.6537841373938136e-05,0.06750559870215511,2.4584223865531385e-05,2
2009-04-18,1,0.0,0.0,1.0,0.0,0.00056544970721,1.674549639574252e-05,1.451785647077486e-05,0.0436366945505142,1
2009-04-19,0,,,,,0.0,0.0,0.0,0.0,0
2009-04-20,2,0.0,0.0,2.0,0.0,0.0012106034155294348,3.240552177885547e-05,3.21166698995512e-05,0.10165617056190959,2
2009-04-21,1,0.0,1.0,0.0,0.0,0.9986287355422974,3.613838271121495e-05,2.2025553334970027e-05,1.533964677946642e-05,1
2009-04-22,3,0.0,3.0,0.0,0.0,0.9942185791915107,0.0008969353693827848,0.6359294769517874,9.39721994654974e-05,3
2009-04-23,2,0.0,1.0,0.0,1.0,0.0289751193486153,5.618142859020736e-05,0.10921650218006106,2.6105894903594162e-05,2
2009-04-24,2,0.0,2.0,0.0,0.0,0.0261945104721234,3.9513364754384384e-05,2.9939221349195577e-05,8.318287473230157e-05,2
2009-04-25,7,0.0,4.0,1.0,2.0,1.0132603284873765,0.0007836802178644312,1.9444235141800164,0.8999394925258457,7
2009-04-26,0,,,,,0.0,0.0,0.0,0.0,0
2009-04-27,4,0.0,3.0,0.0,1.0,1.0021037945989517,8.285407784569543e-05,0.9319200637100947,5.228656755207339e-05,3
2009-04-28,18,2.0,15.0,0.0,1.0,14.35978676332161,1.4370022108305414,11.722264533706038,0.9801676511406185,18
2009-04-29,9,0.0,6.0,1.0,2.0,4.952088656486012,0.002867056888135186,0.948394607672526,0.006654885554780769,9
2009-04-30,7,0.0,6.0,0.0,1.0,3.9775966871529813,0.001673169746936619,0.03623913291812618,0.0001043515303535969,7
2009-05-01,2,0.0,1.0,1.0,0.0,0.0008938461687648,4.817347144125961e-05,5.6056656831060536e-05,0.00634396481018481,2
2009-05-02,0,,,,,0.0,0.0,0.0,0.0,0
2009-05-03,0,,,,,0.0,0.0,0.0,0.0,0
2009-05-04,1,0.0,1.0,0.0,0.0,0.0207830127328634,3.125272996840067e-05,2.641394348756876e-05,1.4569277482223695e-05,1
2009-05-05,6,1.0,2.0,0.0,3.0,0.9485460316936949,0.9443300953353171,2.3572796418793587,9.063322340807645e-05,6
2009-05-06,4,1.0,3.0,0.0,0.0,1.98750048619695,0.9432550485189494,7.41377461963566e-05,0.00013873071929992875,4
2009-05-07,2,0.0,0.0,0.0,2.0,0.8819490292808041,3.716159699251875e-05,1.9582889080047607,2.581960870884359e-05,2
2009-05-08,0,,,,,0.0,0.0,0.0,0.0,0
2009-05-09,0,,,,,0.0,0.0,0.0,0.0,0
2009-05-10,0,,,,,0.0,0.0,0.0,0.0,0
2009-05-11,4,1.0,2.0,1.0,0.0,0.018731956282863102,0.9697110194447306,0.00011164798706886359,0.0007825640832378438,4
2009-05-12,4,1.0,2.0,1.0,0.0,0.0026828073314389,0.026477306030756105,0.00017360334823020548,0.06842345865425159,4
2009-05-13,6,0.0,3.0,0.0,3.0,2.9746983197728696,0.0002548592001403244,0.37201171914784925,0.00025539475336695626,5
2009-05-14,3,0.0,2.0,0.0,1.0,0.005234987767835205,6.796087109250948e-05,0.0014779832408747748,4.4207113205629867e-05,3
2009-05-15,2,0.0,1.0,0.0,1.0,0.0427080286026466,0.0028645536222029313,0.9943952392786742,0.0036334660944703397,2
2009-05-16,1,0.0,1.0,0.0,0.0,0.993559181690216,1.947868258866947e-05,2.645005406520795e-05,1.5636218449799344e-05,1
2009-05-17,0,,,,,0.0,0.0,0.0,0.0,0
2009-05-18,6,0.0,2.0,3.0,1.0,0.8654520283671444,0.00011086903305113083,0.2942521220338676,0.05371788314187125,6
2009-05-19,7,1.0,4.0,1.0,1.0,2.9740591521331226,0.009224481742421508,0.001814609140637819,0.44560891782293766,7
2009-05-20,5,1.0,1.0,2.0,1.0,0.007344627687416397,0.9753983617483756,0.9980119867841494,0.18272995204461032,5
2009-05-21,2,0.0,1.0,0.0,1.0,0.0012025345349683,6.867135562060867e-05,0.047315659316154716,2.600354218884604e-05,2
2009-05-22,4,1.0,1.0,1.0,1.0,0.00901850360241936,0.00024713436687300255,0.9290262040285598,0.12395741018917761,4
2009-05-23,1,0.0,1.0,0.0,0.0,0.0008319503976963,0.0001435052108718,3.3659584005363286e-05,1.707174305920489e-05,1
2009-05-24,0,,,,,0.0,0.0,0.0,0.0,0
2009-05-25,5,0.0,3.0,0.0,2.0,2.0521520383190364,0.00016152055650309194,1.8177936406355002,0.00012620808138308348,5
2009-05-26,7,2.0,4.0,0.0,1.0,0.9993380197993244,0.10009694080508731,0.05632987588614902,0.0001211770440932014,7
2009-05-27,6,0.0,6.0,0.0,0.0,5.959973514080048,0.0001945539243024541,0.000247977895924123,0.00013305473203217844,6
2009-05-28,2,0.0,2.0,0.0,0.0,0.33816277608275397,4.575730599754024e-05,4.454004556464497e-05,2.5635057681938637e-05,2
2009-05-29,4,0.0,4.0,0.0,0.0,0.7351794317219172,0.0007909235237093189,0.00015314266602217528,8.852909104462015e-05,4
2009-05-30,2,1.0,1.0,0.0,0.0,2.6927737053483725e-05,2.7769576263381168e-05,2.6588891159917694e-05,2.615046196297044e-05,0
2009-05-31,0,,,,,0.0,0.0,0.0,0.0,0
2009-06-01,1,0.0,0.0,0.0,1.0,0.0001964172261068,1.9793818864854984e-05,0.0066588749177753,1.5428340702783316e-05,1
2009-06-02,1,0.0,1.0,0.0,0.0,2.840555498551112e-05,1.6941567082540132e-05,2.0041219613631256e-05,1.2968155715498142e-05,1
2009-06-03,6,1.0,4.0,0.0,1.0,1.0354238697254912,0.9739234282606049,0.0021137666135471883,0.00010051634126284625,5
2009-06-04,6,0.0,5.0,1.0,0.0,0.0560230509217943,0.000256924860877885,0.0012845039818783876,0.9901970389082635,6
2009-06-05,3,0.0,2.0,1.0,0.0,0.0017579713821759381,6.484880577772856e-05,6.386324275808875e-05,0.00031770357600174225,2
2009-06-06,4,0.0,3.0,1.0,0.0,2.996419810104271,9.999192661780398e-05,8.802127194940113e-05,0.005538964627703514,4
2009-06-07,0,,,,,0.0,0.0,0.0,0.0,0
2009-06-08,6,1.0,3.0,2.0,0.0,0.16091633449832432,0.07071995909063843,0.007788370490743485,0.09725212965622615,4
2009-06-09,3,0.0,3.0,0.0,0.0,1.9344658551272005,8.791250911599491e-05,0.0001400236233166396,7.177770203270484e-05,3
2009-06-10,10,0.0,8.0,1.0,1.0,4.9870951920675,0.0006812761293985732,0.2403407619040079,0.15188677589685534,10
2009-06-11,2,0.0,2.0,0.0,0.0,1.0226723663508892,0.015310045644582633,6.206382931850385e-05,3.027980164915789e-05,2
2009-06-12,5,0.0,4.0,1.0,0.0,1.0029379172483457,0.00016523585509276018,0.00019095207244390622,0.01184586082126766,5
2009-06-13,5,1.0,2.0,1.0,1.0,0.023697851787801417,0.0001244024724655901,0.00015005655677668983,0.002214390508015599,5
2009-06-14,0,,,,,0.0,0.0,0.0,0.0,0
2009-06-15,1,0.0,1.0,0.0,0.0,0.0847815871238708,0.0080780079588294,1.7406820916221477e-05,1.2976785910723264e-05,0
2009-06-16,7,1.0,4.0,0.0,2.0,2.023483253957238,0.0052616123748521135,2.7915615030678964,0.00010856496010092087,7
2009-06-17,2,0.0,1.0,1.0,0.0,0.0021364786080082998,3.9191638279589824e-05,3.8106863939901814e-05,0.0022666890290564887,1
2009-06-18,3,0.0,2.0,0.0,1.0,1.0133998178207546,0.0037259903856465613,0.9554393691669247,0.0016353599085050243,3
2009-06-19,0,,,,,0.0,0.0,0.0,0.0,0
2009-06-20,0,,,,,0.0,0.0,0.0,0.0,0
2009-06-21,0,,,,,0.0,0.0,0.0,0.0,0
2009-06-22,8,0.0,8.0,0.0,0.0,4.937508719303878,0.00037001699274694317,0.0037455148849402913,0.0020785741035069553,8
2009-06-23,2,0.0,2.0,0.0,0.0,1.9707544445991516,4.0277680454892106e-05,0.0031157159592111383,2.8868906156276353e-05,2
2009-06-24,5,0.0,3.0,1.0,1.0,2.0526937848335365,0.0001563876030559186,0.005753956333137393,0.9531978288659957,5
2009-06-25,3,0.0,3.0,0.0,0.0,1.0812461976893246,0.00678123418038011,6.428667438740376e-05,0.0011223642331969748,3
2009-06-26,10,0.0,6.0,2.0,2.0,2.2482433066470544,0.004863358057263749,2.8560325257658405,0.08054209954025282,9
2009-06-27,1,0.0,1.0,0.0,0.0,0.9822112321853638,2.7400643375585787e-05,2.305768612131942e-05,1.6251766282948665e-05,1
2009-06-28,0,,,,,0.0,0.0,0.0,0.0,0
2009-06-29,3,1.0,2.0,0.0,0.0,0.05710367646315704,0.9705550418511848,0.0005934321179665452,4.2302570363972336e-05,3
2009-06-30,4,0.0,2.0,1.0,1.0,0.002505375894542997,0.00024944310553106876,0.028540629637063678,0.09504329520768798,4
2009-07-01,5,1.0,2.0,1.0,1.0,0.998013506105053,0.0007604220982102146,0.05490827267203709,0.0017805777124521238,5
2009-07-02,6,0.0,6.0,0.0,0.0,3.5291090232349234,0.0003289882270109802,0.001520935004009471,9.295549989474239e-05,6
2009-07-03,1,0.0,1.0,0.0,0.0,0.0087407734245061,0.0008188120555132,4.3476218706928194e-05,1.9254463040851988e-05,1
2009-07-04,6,0.0,5.0,0.0,1.0,2.997278227296192,0.0003051703642995129,0.012882241822808047,9.29694087972166e-05,6
2009-07-05,0,,,,,0.0,0.0,0.0,0.0,0
2009-07-06,8,0.0,8.0,0.0,0.0,3.6735265301031172,0.01740304452687262,0.03715969741188012,0.0001186825274999137,8
2009-07-07,3,0.0,2.0,1.0,0.0,1.0383805463789029,6.623591980314814e-05,9.901960584102198e-05,0.0010802622246045804,3
2009-07-08,7,0.0,4.0,2.0,1.0,3.98709449917078,0.0002221221675426932,0.9563651003954872,2.6227903855924524,6
2009-07-09,3,0.0,2.0,0.0,1.0,0.999350731548475,0.00020548008433246337,0.0009368884693685637,4.479569452087162e-05,3
2009-07-10,3,0.0,2.0,0.0,1.0,0.9467076359869678,4.6366636524908245e-05,0.00011577688928809948,4.331821219238918e-05,3
2009-07-11,8,0.0,6.0,0.0,2.0,3.9835147043922916,0.0001915194752655225,0.020240677913534046,0.00011926209754165029,8
2009-07-12,0,,,,,0.0,0.0,0.0,0.0,0
2009-07-13,1,1.0,0.0,0.0,0.0,0.0003648727724794,0.9734757542610168,1.3739821952185594e-05,1.2552223779493945e-05,1
2009-07-14,2,0.0,1.0,0.0,1.0,0.9717996690305881,0.00029040716253793267,0.9721187629984342,5.3826159273739904e-05,2
2009-07-15,4,0.0,3.0,0.0,1.0,3.5701184272766113,0.0002573367219155941,0.9097810491221027,6.606637089134892e-05,4
2009-07-16,10,0.0,8.0,0.0,2.0,6.892349360976368,0.005685256082870089,0.0639875160613881,0.0001699821095826337,10
2009-07-17,2,0.0,1.0,0.0,1.0,0.9858160214644159,0.00016932092694327562,0.01543008349472074,2.8930834560014773e-05,2
2009-07-18,4,0.0,4.0,0.0,0.0,2.9969825726002455,8.928004172048531e-05,7.564563566120341e-05,5.821932427352294e-05,4
2009-07-19,0,,,,,0.0,0.0,0.0,0.0,0
2009-07-20,5,0.0,2.0,2.0,1.0,0.006237625058929308,0.0001058772177202627,0.4333985401881364,0.08573530503872459,3
2009-07-21,9,0.0,4.0,2.0,3.0,1.4557184732984747,0.0009192452980640826,1.2807203900865713,0.2951091140748758,9
2009-07-22,2,0.0,1.0,0.0,1.0,0.0092922360636293,6.846006181149278e-05,0.9965882394280926,5.5102243095461745e-05,2
2009-07-23,5,0.0,4.0,0.0,1.0,2.9766386685660104,0.0001363256415061187,0.07090052639796321,6.745390692231013e-05,5
2009-07-24,4,0.0,3.0,1.0,0.0,0.47537113644648327,0.009688106589237407,0.0002314527264388073,0.008603936250437825,4
2009-07-25,2,0.0,2.0,0.0,0.0,1.9184212684631348,6.0009911976521835e-05,5.401910129876342e-05,3.278388066974003e-05,2
2009-07-26,0,,,,,0.0,0.0,0.0,0.0,0
2009-07-27,5,0.0,5.0,0.0,0.0,3.9601479396224026,0.00897579048250908,0.0007989545338204525,7.54414086259203e-05,5
2009-07-28,4,0.0,3.0,1.0,0.0,0.9565304807729261,8.037907718971837e-05,0.0023217525758809253,0.10480720435862165,4
2009-07-29,4,0.0,2.0,0.0,2.0,1.8706641364842653,0.0025339694548163,2.3838905144293676,7.519979590142611e-05,4
2009-07-30,6,2.0,3.0,0.0,1.0,1.019646194872621,1.8747677136743732,0.9748424786776013,8.010511282918742e-05,6
2009-07-31,6,0.0,4.0,1.0,1.0,1.8562527018511898,0.00037273879934208374,0.9784276796272023,0.005601912865131428,6
2009-08-01,6,0.0,5.0,0.0,1.0,3.8707539895549417,0.022753400065994307,0.9786688722888356,9.686757857707562e-05,6
2009-08-02,0,,,,,0.0,0.0,0.0,0.0,0
2009-08-03,6,0.0,4.0,1.0,1.0,0.013001769073525559,0.00011071458175138105,0.02863117334254632,0.04183306752747736,5
2009-08-04,3,0.0,1.0,0.0,2.0,0.9740187144343506,0.0033914073683262024,0.29790918193793897,3.9955870306584984e-05,3
2009-08-05,3,0.0,0.0,1.0,2.0,0.9404470659792422,0.01250203664403665,1.4196433519900893,0.001764769291185056,3
2009-08-06,13,0.0,4.0,4.0,5.0,0.20539386805830845,0.008073356746535747,1.0605043199830104,0.12653202596811722,8
2009-08-07,11,0.0,11.0,0.0,0.0,8.94041305531573,0.0006730079512634744,0.001152359770458083,0.00020741088064823998,11
2009-08-08,5,0.0,2.0,0.0,3.0,1.5243502313969655,0.0002426861155981112,1.0106366717100173,8.488675484841224e-05,5
2009-08-09,0,,,,,0.0,0.0,0.0,0.0,0
2009-08-10,4,0.0,4.0,0.0,0.0,2.9741243634198327,9.76049432210857e-05,0.00012496897215896752,6.673393545497674e-05,4
2009-08-11,5,0.0,3.0,0.0,2.0,0.18915307433417172,0.0007382550284091771,1.2527591037369348,6.992208636802388e-05,3
2009-08-12,1,0.0,1.0,0.0,0.0,0.9991262555122375,0.0111825903877615,4.250002893968485e-05,0.0282744672149419,1
2009-08-13,2,0.0,1.0,0.0,1.0,0.0007410746184177001,3.0308186978800222e-05,0.09270593622932205,3.3059328416129574e-05,1
2009-08-14,1,0.0,1.0,0.0,0.0,0.994615077972412,0.0757489949464798,4.220919799990952e-05,0.0164981838315725,1
2009-08-15,1,0.0,1.0,0.0,0.0,0.9628208875656128,3.871450826409273e-05,8.100605919025838e-05,1.3408193808572832e-05,1
2009-08-16,0,,,,,0.0,0.0,0.0,0.0,0
2009-08-17,2,1.0,1.0,0.0,0.0,1.0085617676377296,0.9747075503692029,0.00046784372625549017,2.7163467166246843e-05,2
2009-08-18,2,0.0,2.0,0.0,0.0,0.9940336480503903,0.009732576572787276,0.000469090258775362,2.7634022444544826e-05,2
2009-08-19,1,0.0,1.0,0.0,0.0,0.0005990916979499,0.0003669131256174,7.595649367431179e-05,1.4584923519578297e-05,1
2009-08-20,0,,,,,0.0,0.0,0.0,0.0,0
2009-08-21,1,1.0,0.0,0.0,0.0,0.005796818062663,0.9431991577148438,1.705405520624481e-05,1.2729769878205843e-05,1
2009-08-22,3,0.0,0.0,0.0,3.0,6.52107901260024e-05,0.00011542813899723114,0.0013272916694403,3.8653686715406366e-05,0
2009-08-23,0,,,,,0.0,0.0,0.0,0.0,0
2009-08-24,2,0.0,2.0,0.0,0.0,0.028732066741213102,3.9461758206016384e-05,3.2875606848392636e-05,7.402280971291475e-05,2
2009-08-25,0,,,,,0.0,0.0,0.0,0.0,0
2009-08-26,1,0.0,1.0,0.0,0.0,0.9946103692054749,0.0002220531605416,0.0007460991619154,1.466435151087353e-05,1
2009-08-27,1,0.0,1.0,0.0,0.0,0.0001489678252255,2.874535675800871e-05,2.0733637938974425e-05,1.372733368043555e-05,1
2009-08-28,1,0.0,1.0,0.0,0.0,0.107531689107418,3.0080442229518667e-05,0.0530780665576458,1.5101607459655496e-05,1
2009-08-29,0,,,,,0.0,0.0,0.0,0.0,0
2009-08-30,0,,,,,0.0,0.0,0.0,0.0,0
2009-08-31,0,,,,,0.0,0.0,0.0,0.0,0
2009-09-01,4,0.0,1.0,1.0,2.0,1.858290257070621,0.00011137996807519812,1.1067330181213038,0.00010594668310659472,3
2009-09-02,2,0.0,2.0,0.0,0.0,1.1967661529779434,4.6890671001165174e-05,0.0035285547328384524,0.0022188792418090923,2
2009-09-03,0,,,,,0.0,0.0,0.0,0.0,0
2009-09-04,1,1.0,0.0,0.0,0.0,0.0071262549608945,0.0529654473066329,8.806447294773534e-05,1.322045318374876e-05,1
2009-09-05,2,0.0,2.0,0.0,0.0,0.0004856370360357,2.891755684686359e-05,3.040266346943099e-05,5.99599788984051e-05,2
2009-09-06,0,,,,,0.0,0.0,0.0,0.0,0
2009-09-07,3,0.0,3.0,0.0,0.0,1.0059191389009356,0.00010706205466703977,0.00010786528582684696,6.212158677953994e-05,3
2009-09-08,0,,,,,0.0,0.0,0.0,0.0,0
2009-09-09,1,0.0,1.0,0.0,0.0,9.70198816503398e-05,1.5701405573054217e-05,2.4507728085154667e-05,1.720678665151354e-05,1
2009-09-10,1,0.0,1.0,0.0,0.0,0.9949714541435242,2.4913075321819637e-05,4.065650864504278e-05,1.698101004876662e-05,1
2009-09-11,2,0.0,2.0,0.0,0.0,0.0041931967571143995,0.0002836257408488881,0.0010924084344878177,2.927671721408842e-05,2
2009-09-12,0,,,,,0.0,0.0,0.0,0.0,0
2009-09-13,0,,,,,0.0,0.0,0.0,0.0,0
2009-09-14,2,0.0,1.0,0.0,1.0,0.0073942770832217,0.00013795876111536513,0.7799965505382715,2.743802633631276e-05,2
2009-09-15,7,1.0,2.0,0.0,4.0,0.05331936156653648,0.003597984774387421,2.705082510783541,0.0006005709547025314,7
2009-09-16,1,0.0,1.0,0.0,0.0,0.9988988041877748,2.572098310338333e-05,1.9650098693091422e-05,1.7340844351565465e-05,1
2009-09-17,6,0.0,3.0,2.0,1.0,2.995510213102534,0.00017680720338830724,0.007684261177018805,0.04632423539806037,6
2009-09-18,0,,,,,0.0,0.0,0.0,0.0,0
2009-09-19,6,0.0,5.0,0.0,1.0,4.853809144382467,0.00018528896725911181,0.01241074175231903,8.82818094396498e-05,6
2009-09-20,0,,,,,0.0,0.0,0.0,0.0,0
2009-09-21,10,0.0,9.0,0.0,1.0,7.881310663360637,0.0015366127681772847,1.0039772015588824,0.002367984419834093,10
2009-09-22,13,0.0,5.0,3.0,5.0,1.9478707389898768,0.0006025015727572384,0.1091790692635181,1.0509978410782421,13
2009-09-23,0,,,,,0.0,0.0,0.0,0.0,0
2009-09-24,4,0.0,3.0,0.0,1.0,0.9771380280144512,0.0010370208201493244,0.020559702174068616,0.00010200494398304727,4
2009-09-25,1,0.0,1.0,0.0,0.0,0.4160514175891876,0.0011049396125599,7.877370808273554e-05,1.634142427064944e-05,1
2009-09-26,7,0.0,7.0,0.0,0.0,6.964745759963989,0.023755470343530722,0.024639159029902605,0.00011774946142395493,7
2009-09-27,0,,,,,0.0,0.0,0.0,0.0,0
2009-09-28,6,0.0,6.0,0.0,0.0,3.7078209167812015,0.0001598639846633887,0.00014372541045304388,0.00011023713341273833,6
2009-09-29,1,0.0,1.0,0.0,0.0,0.1511055529117584,0.0086954049766063,1.9598548533394933e-05,1.2828171747969463e-05,0
2009-09-30,14,0.0,9.0,0.0,5.0,4.251357953184197,0.0114239667364016,3.8151724584922704,0.003970244174524759,14
2009-10-01,7,0.0,1.0,2.0,4.0,1.1757984947835212,0.008140407831888142,2.246376810782749,0.023614122436811,6
2009-10-02,2,0.0,2.0,0.0,0.0,0.0018317133071831999,9.498845611233264e-05,4.8794609028846025e-05,2.722199042182183e-05,2
2009-10-03,1,0.0,1.0,0.0,0.0,7.624278805451468e-05,1.3026580745645331e-05,1.3972403394291176e-05,1.2211398825456854e-05,1
2009-10-04,0,,,,,0.0,0.0,0.0,0.0,0
2009-10-05,6,1.0,2.0,0.0,3.0,2.004363200680018,0.9474830195231334,0.9212453145773906,0.00010840263439604314,5
2009-10-06,2,0.0,2.0,0.0,0.0,1.9688117504119873,0.0037090304904268006,0.000125511425721828,6.472332461271435e-05,2
2009-10-07,3,0.0,3.0,0.0,0.0,0.0842193388380108,0.0001873081537268798,0.0004589991576721677,4.635886307369219e-05,2
2009-10-08,6,0.0,4.0,0.0,2.0,2.971798658807529,0.011199394633877051,1.753275215965914,9.322976347903023e-05,6
2009-10-09,6,1.0,4.0,1.0,0.0,1.817007101351919,0.9813542205611155,0.060502731728774746,0.02227322637008903,6
2009-10-10,5,0.0,5.0,0.0,0.0,4.0913300812244415,0.005322623223037174,0.0001760114755597897,8.047607934713596e-05,5
2009-10-11,0,,,,,0.0,0.0,0.0,0.0,0
2009-10-12,3,0.0,3.0,0.0,0.0,2.9570298194885254,0.005828628651215614,0.0005174238085600726,4.857102612731978e-05,3
2009-10-13,2,0.0,1.0,1.0,0.0,0.0028758554253726,4.7433968575205654e-05,5.208926995692309e-05,0.06824709160264313,2
2009-10-14,3,1.0,1.0,0.0,1.0,1.8429899783805013,0.004418820302817013,0.8969599558386108,5.213024905970087e-05,3
2009-10-15,3,1.0,2.0,0.0,0.0,0.0224658783990888,0.024585193231359808,0.00012100386084057391,4.917529622616712e-05,3
2009-10-16,4,0.0,4.0,0.0,0.0,3.9876588582992554,8.091592826531269e-05,8.14827872090973e-05,6.223756918188883e-05,4
2009-10-17,0,,,,,0.0,0.0,0.0,0.0,0
2009-10-18,0,,,,,0.0,0.0,0.0,0.0,0
2009-10-19,1,0.0,1.0,0.0,0.0,0.0001557947398396,1.564479316584766e-05,1.3288724403537344e-05,1.2328458979027346e-05,1
2009-10-20,7,0.0,6.0,0.0,1.0,4.88752259728426,0.00018470439499651548,0.029903907121479167,0.0005699666035070465,7
2009-10-21,5,1.0,2.0,0.0,2.0,1.9779277159832416,0.016516683193913,1.0140290082272259,7.785103207424982e-05,5
2009-10-22,12,1.0,7.0,1.0,3.0,1.8736956128959714,0.0468815539716159,0.0262272123100045,0.774717148570744,11
2009-10-23,4,0.0,4.0,0.0,0.0,0.7052969142096115,6.761934128007852e-05,0.07953961316889036,0.00010895102241192944,3
2009-10-24,4,0.0,4.0,0.0,0.0,2.882893927395344,0.0001453033783036517,0.007928795976113151,0.00014988912244003394,4
2009-10-25,0,,,,,0.0,0.0,0.0,0.0,0
2009-10-26,13,0.0,13.0,0.0,0.0,10.813405915145267,0.019636385743069626,0.00045554230928244516,0.0002209146387031069,13
2009-10-27,5,0.0,2.0,1.0,2.0,1.0104923387916642,0.0063330744596895834,0.010347314515456623,0.01370562997090001,5
2009-10-28,5,1.0,2.0,0.0,2.0,1.003279721880972,0.03844629398008685,0.04898537017652393,0.00033930645440701917,5
2009-10-29,2,0.0,1.0,1.0,0.0,6.58257140457863e-05,3.198423746653134e-05,0.0004920890150969931,0.18864125598156525,2
2009-10-30,3,0.0,3.0,0.0,0.0,0.9971937013469868,0.00010381354695709888,7.875929441070184e-05,4.229734622640535e-05,2
2009-10-31,9,0.0,8.0,1.0,0.0,3.7834548779937904,0.0002996103576151654,0.00023389438138110563,0.008881984099389199,9
2009-11-01,0,,,,,0.0,0.0,0.0,0.0,0
2009-11-02,7,1.0,4.0,2.0,0.0,1.2268942507125757,0.0037767163830721745,0.00013253277484182036,0.7371760003088639,2
2009-11-03,5,0.0,2.0,2.0,1.0,1.0383839180431094,0.0001045684721248108,0.06951658902744383,0.0727996375144356,5
2009-11-04,0,,,,,0.0,0.0,0.0,0.0,0
2009-11-05,4,0.0,2.0,1.0,1.0,2.0124588881153613,7.418313543894328e-05,0.10123780984577016,0.019515062639584326,4
2009-11-06,3,0.0,1.0,0.0,2.0,0.9940063615213146,7.596709474455565e-05,1.0016533824673388,4.9531889089848846e-05,3
2009-11-07,8,0.0,8.0,0.0,0.0,5.9006837870492745,0.0023550354526377937,0.0003466617718003428,0.00014434154672926525,8
2009-11-08,0,,,,,0.0,0.0,0.0,0.0,0
2009-11-09,9,0.0,7.0,0.0,2.0,3.9966250414317983,0.004808510868315265,0.904087684020851,0.00016009103001124458,4
2009-11-10,2,1.0,1.0,0.0,0.0,0.002500418209819973,0.8267969528287722,4.546360287349671e-05,2.8694767024717294e-05,2
2009-11-11,2,0.0,2.0,0.0,0.0,0.034373974618574665,0.00012884149873569525,0.0009946742156897916,3.039516923308838e-05,2
2009-11-12,18,2.0,5.0,2.0,9.0,3.2200294193426084,0.005130649096827074,4.685152251394356,0.00801783693168535,8
2009-11-13,2,0.0,2.0,0.0,0.0,0.00015179452748270705,3.0509993848681916e-05,4.347878257249249e-05,2.4905672944441903e-05,2
2009-11-14,0,,,,,0.0,0.0,0.0,0.0,0
2009-11-15,0,,,,,0.0,0.0,0.0,0.0,0
2009-11-16,8,0.0,8.0,0.0,0.0,6.493558252695948,0.00024665819728397764,0.0004805093503818261,0.00013533563651435543,8
2009-11-17,8,0.0,5.0,1.0,2.0,3.7708195939467255,0.00025080217710637953,0.9524995899846544,0.001985852634788892,8
2009-11-18,8,1.0,6.0,0.0,1.0,0.958572432016808,0.7687113227602822,0.9979210901110489,0.00012978629183635348,8
2009-11-19,9,3.0,4.0,0.0,2.0,1.1008298792476123,1.0321528556978592,0.03414559739667307,0.00012826204147131648,3
2009-11-20,3,0.0,1.0,1.0,1.0,0.0018682062800506373,5.267628512228839e-05,5.3859437684877776e-05,0.6996198011656816,3
2009-11-21,3,0.0,2.0,1.0,0.0,0.0631561211775987,6.633535485889297e-05,9.737775326357223e-05,0.027176394394700733,3
2009-11-22,0,,,,,0.0,0.0,0.0,0.0,0
2009-11-23,12,1.0,10.0,0.0,1.0,4.782052029797342,0.01670516394005967,0.10553904027437952,0.00020362100531201577,12
2009-11-24,6,0.0,5.0,1.0,0.0,3.769070401089266,0.0034219733061035614,0.00017844348803919274,0.26382952609765187,5
2009-11-25,4,0.0,1.0,1.0,2.0,0.957857153043733,0.00016541454533576042,1.034681483870372,0.022249036580433236,4
2009-11-26,10,0.0,2.0,1.0,7.0,0.6604299088940023,0.00022554936913365964,1.878285029753897,0.0023497496540584887,9
2009-11-27,7,3.0,2.0,0.0,2.0,1.0817834578338077,0.3951869182928929,1.9563997879467934,0.00010093325636262307,5
2009-11-28,8,0.0,6.0,1.0,1.0,4.645754656739882,0.000545339687960091,0.9887058170388626,0.005642907432957059,8
2009-11-29,0,,,,,0.0,0.0,0.0,0.0,0
2009-11-30,13,0.0,11.0,0.0,2.0,8.730507911441237,0.0003952660208597081,0.12047449907367982,0.00024292162925121374,13
2009-12-01,32,5.0,8.0,6.0,13.0,0.12215641839793497,2.4824719934376844,6.311842606027312,0.9005617314469416,30
2009-12-02,1,0.0,1.0,0.0,0.0,0.0002435139758745,8.169897773768753e-05,1.5997362424968742e-05,1.3487771866493858e-05,1
2009-12-03,8,0.0,6.0,0.0,2.0,4.129766794452735,0.00027703902378561907,0.30607325774508337,0.00013382423458097037,8
2009-12-04,3,0.0,2.0,0.0,1.0,0.0009791490265341856,5.87151589570567e-05,0.04300112573764636,6.378631223924458e-05,3
2009-12-05,2,0.0,2.0,0.0,0.0,1.2726159989833832,0.0021500676411959885,0.0005838326724187362,3.103071139776148e-05,2
2009-12-06,0,,,,,0.0,0.0,0.0,0.0,0
2009-12-07,7,3.0,0.0,1.0,3.0,0.07696294963898226,2.931422542963446,1.8493647770192183,0.0007915686210252716,5
2009-12-08,23,1.0,21.0,1.0,0.0,17.997402272256295,0.9660770604295976,0.012121547390051798,0.8473560476841157,23
2009-12-09,2,0.0,0.0,0.0,2.0,0.0002268904299853046,3.1202341233438347e-05,0.0680341986007988,0.000991766487459234,2
2009-12-10,8,1.0,1.0,2.0,4.0,0.012517798841144826,0.024663363426952783,0.097809464219608,0.1361988913158711,8
2009-12-11,0,,,,,0.0,0.0,0.0,0.0,0
2009-12-12,3,0.0,2.0,1.0,0.0,0.060087498357461175,0.00011052620720874984,0.00029988609276168724,0.0032369239597755247,3
2009-12-13,0,,,,,0.0,0.0,0.0,0.0,0
2009-12-14,11,0.0,7.0,1.0,3.0,3.9740784010518837,0.00025528274272801355,0.1102411876063342,0.5862573521799277,11
2009-12-15,10,1.0,6.0,1.0,2.0,6.0490175879967865,0.0012094489920854634,0.34393406415256306,0.9491913761603427,10
2009-12-16,10,1.0,8.0,0.0,1.0,4.43636996438181,0.8816923493650392,0.25095073560441944,0.0005772224958490993,10
2009-12-17,5,0.0,4.0,1.0,0.0,2.026354475063272,0.00013197039334045257,0.00012380846419546288,0.0684224653386991,5
2009-12-18,6,1.0,3.0,1.0,1.0,1.068056588377658,0.9185072970594774,0.0646854774922758,0.0006256745064091802,4
2009-12-19,9,2.0,5.0,1.0,1.0,2.0104378202977387,0.9897477589111076,0.002652339022461037,0.035909745466596976,9
2009-12-20,0,,,,,0.0,0.0,0.0,0.0,0
2009-12-21,19,1.0,14.0,0.0,4.0,10.180593528879399,0.9812948096441688,1.733132060232492,0.0003274170221629902,17
2009-12-22,4,0.0,0.0,1.0,3.0,0.0117313609225673,0.0006254023064683683,1.9653219564352185,0.0115919835689055,4
2009-12-23,6,1.0,3.0,1.0,1.0,0.005261585711195709,0.00520799947662447,0.003949415599890827,0.07386124747699788,6
2009-12-24,1,0.0,0.0,0.0,1.0,7.435756560880691e-05,1.6073247024905868e-05,0.002177964663133,1.4035718777449802e-05,1
2009-12-25,0,,,,,0.0,0.0,0.0,0.0,0
2009-12-26,8,0.0,8.0,0.0,0.0,7.61849844455719,0.0002458685303281527,0.0002403028393018758,0.00016634498933854047,8
2009-12-27,0,,,,,0.0,0.0,0.0,0.0,0
2009-12-28,1,0.0,0.0,1.0,0.0,0.0004373957635834,1.5927298591122963e-05,1.6034644431783818e-05,0.0683431029319763,1
2009-12-29,3,0.0,2.0,0.0,1.0,1.9389893644947733,8.328126205014996e-05,0.9992141930270009,7.039929732854944e-05,3
2009-12-30,3,0.0,1.0,1.0,1.0,0.5697027860587695,0.00016082740967245286,0.9991157323020161,0.01884978474208758,3
2009-12-31,0,,,,,0.0,0.0,0.0,0.0,0
2010-01-01,2,0.0,2.0,0.0,0.0,0.00262670929078,6.175566159072332e-05,6.70259032631293e-05,2.641921764734434e-05,2
2010-01-02,0,,,,,0.0,0.0,0.0,0.0,0
2010-01-03,0,,,,,0.0,0.0,0.0,0.0,0
2010-01-04,12,0.0,7.0,2.0,3.0,3.2313908028590954,0.0002708596148295328,0.08801000448693198,0.7430769979464458,12
2010-01-05,1,0.0,0.0,0.0,1.0,0.0040007717907428,1.648961733735632e-05,0.9989668726921082,1.7472288163844496e-05,1
2010-01-06,2,0.0,1.0,0.0,1.0,0.7161330680683022,5.6783548643579707e-05,0.0025525521195959,0.0015426693626067836,2
2010-01-07,0,,,,,0.0,0.0,0.0,0.0,0
2010-01-08,5,0.0,1.0,2.0,2.0,0.0011036459327441474,0.0009522791669950829,0.01097878177461093,0.04112060720763102,5
2010-01-09,2,0.0,0.0,1.0,1.0,0.0043194606550969,0.000923098134080585,0.978255644929959,0.13716175953049967,2
2010-01-10,0,,,,,0.0,0.0,0.0,0.0,0
2010-01-11,9,0.0,4.0,0.0,5.0,1.0350788930627457,0.00019811892889265437,0.03253250001944231,0.00015592167528666323,9
2010-01-12,12,0.0,7.0,0.0,5.0,5.011979810718913,0.00023423328366334317,1.0486555073548511,0.004010717757409976,12
2010-01-13,1,0.0,1.0,0.0,0.0,0.9980059266090392,2.75207930826582e-05,2.725912054302171e-05,1.6232745110755786e-05,1
2010-01-14,4,1.0,2.0,0.0,1.0,1.998281923122704,0.03082489194093771,1.0032329451205442,5.597716517513618e-05,4
2010-01-15,2,0.0,2.0,0.0,0.0,0.00035213586670570206,3.076341363339452e-05,2.8838393518526573e-05,2.598770970507758e-05,1
2010-01-16,16,0.0,16.0,0.0,0.0,13.227647020481527,0.0005601600478257751,0.0004174208334006835,0.0003139791542707826,16
2010-01-17,0,,,,,0.0,0.0,0.0,0.0,0
2010-01-18,13,0.0,12.0,1.0,0.0,6.026808247101144,0.010142770324818997,0.045853743922634665,0.47242426362936385,13
2010-01-19,4,0.0,4.0,0.0,0.0,0.9789987715339519,0.002852579978025441,0.00012785541184712201,6.283299080678262e-05,4
2010-01-20,1,0.0,1.0,0.0,0.0,0.0500719100236892,0.0019110633293166,5.2378964028321207e-05,0.0022730161435902,1
2010-01-21,0,,,,,0.0,0.0,0.0,0.0,0
2010-01-22,0,,,,,0.0,0.0,0.0,0.0,0
2010-01-23,0,,,,,0.0,0.0,0.0,0.0,0
2010-01-24,0,,,,,0.0,0.0,0.0,0.0,0
2010-01-25,3,1.0,2.0,0.0,0.0,2.003248695284128,0.9454533814932803,5.6063632655423135e-05,4.5775738726661075e-05,3
2010-01-26,5,1.0,4.0,0.0,0.0,3.3969423696398735,0.9537593851273414,0.008700058560862011,8.744456044951221e-05,5
2010-01-27,3,0.0,2.0,0.0,1.0,0.145712686527986,0.00010737916636571754,0.010325906616344572,0.0003880626154568529,3
2010-01-28,7,1.0,3.0,1.0,2.0,0.6357315521927374,0.9194422457712789,0.9971435874540476,0.512093119175006,7
2010-01-29,3,0.0,3.0,0.0,0.0,2.9759658575057983,7.311061744985636e-05,7.732352059974801e-05,0.002555043838583503,3
2010-01-30,3,0.0,3.0,0.0,0.0,1.0413770966988523,6.0482539993245155e-05,0.014404715055206881,0.00013295290045788614,3
2010-01-31,0,,,,,0.0,0.0,0.0,0.0,0
2010-02-01,21,3.0,6.0,1.0,11.0,1.0543887803942196,0.00042479516196181066,2.726856269287964,0.0015475425707336113,16
2010-02-02,10,0.0,9.0,1.0,0.0,6.818371208151802,0.00024049610055953963,0.002241365275040098,0.028394522565577014,9
2010-02-03,8,0.0,3.0,1.0,4.0,0.9289856399991548,0.00048736041571823766,1.0099035220428048,0.014741264835720273,8
2010-02-04,2,1.0,1.0,0.0,0.0,0.0163793683750554,0.9752456286078085,3.613780972955283e-05,2.594142461020965e-05,2
2010-02-05,6,2.0,3.0,0.0,1.0,0.9888203421760408,0.9317204575827415,1.8819580912677338,0.00011146569431730313,2
2010-02-06,4,0.0,2.0,2.0,0.0,1.9278531025047414,0.0005148260588611781,0.0001667453989284695,0.263782098347292,4
2010-02-07,0,,,,,0.0,0.0,0.0,0.0,0
2010-02-08,0,,,,,0.0,0.0,0.0,0.0,0
2010-02-09,3,0.0,2.0,0.0,1.0,1.8936328650452197,6.436395960918162e-05,0.8793623365836538,4.628284750651801e-05,3
2010-02-10,0,,,,,0.0,0.0,0.0,0.0,0
2010-02-11,11,1.0,7.0,1.0,2.0,2.011413793850806,0.9729138104667073,1.9470067036827459,0.017093388119064808,11
2010-02-12,4,1.0,2.0,0.0,1.0,1.9879673854447901,0.025508661405183097,0.0050902407729153465,0.00038206243880260386,4
2010-02-13,0,,,,,0.0,0.0,0.0,0.0,0
2010-02-14,0,,,,,0.0,0.0,0.0,0.0,0
2010-02-15,8,0.0,7.0,1.0,0.0,5.78224666362803,0.0002318737515452085,0.0003262587606513702,0.06845946689736591,8
2010-02-16,2,0.0,0.0,0.0,2.0,0.1437218459323047,3.967847442254424e-05,1.9697848558425903,2.890436826419318e-05,2
2010-02-17,5,0.0,0.0,0.0,5.0,0.004019313317257907,0.00010299075256625656,4.68301248550415,0.00010569440382823815,5
2010-02-18,0,,,,,0.0,0.0,0.0,0.0,0
2010-02-19,1,0.0,1.0,0.0,0.0,0.0006954531418159,1.563173827889841e-05,1.3215637409302872e-05,1.2507526662375312e-05,1
2010-02-20,2,1.0,1.0,0.0,0.0,0.9967377416051022,0.009897958763758598,0.003636334065049564,3.203291544195963e-05,2
2010-02-21,0,,,,,0.0,0.0,0.0,0.0,0
2010-02-22,5,0.0,4.0,0.0,1.0,2.8732835933333263,0.00017714325258566532,0.9674937632244109,9.577064884069841e-05,4
2010-02-23,5,0.0,3.0,1.0,1.0,2.096864084393019,0.045419670575938646,0.9566760774341675,0.7318305490098282,4
2010-02-24,6,0.0,4.0,1.0,1.0,1.9860670838243095,0.0004908422642983626,0.06828750464046598,0.001123092664784021,6
2010-02-25,4,0.0,1.0,1.0,2.0,0.04389566766622,8.70825360834715e-05,1.0020658945195462,0.9747785427343844,4
2010-02-26,2,0.0,1.0,0.0,1.0,0.8949393458897248,4.0675851778360084e-05,0.009846025994192957,2.6967320991388988e-05,2
2010-02-27,3,0.0,3.0,0.0,0.0,0.0017530191980766,0.0002002217788685254,5.126299765834119e-05,7.937021564430324e-05,3
2010-02-28,0,,,,,0.0,0.0,0.0,0.0,0
2010-03-01,9,2.0,1.0,1.0,5.0,0.03100636967246802,0.07119673183387917,0.23901689156809866,0.03279241691143392,9
2010-03-02,5,0.0,3.0,0.0,2.0,3.77454767562449,0.00041308740946981393,1.9906547562040942,8.660732237331104e-05,5
2010-03-03,7,0.0,4.0,1.0,2.0,0.06271203838696211,0.0005505207363966833,0.002623637642500289,0.7318511177154505,5
2010-03-04,3,1.0,1.0,0.0,1.0,0.9989577644373641,0.9432390456713619,8.880846326064784e-05,4.3453595935716294e-05,3
2010-03-05,2,0.0,0.0,0.0,2.0,6.156593371997587e-05,3.711279896378983e-05,0.19399026773317019,3.1612425118510146e-05,2
2010-03-06,2,0.0,0.0,0.0,2.0,0.0008338048883160707,3.3182446713908575e-05,0.9908188575063832,2.6666471057978924e-05,1
2010-03-07,0,,,,,0.0,0.0,0.0,0.0,0
2010-03-08,8,2.0,4.0,1.0,1.0,2.038723929643311,0.0008054619465838165,0.007622145654749835,0.7318642014488432,7
2010-03-09,3,0.0,3.0,0.0,0.0,1.026256785960868,0.00018947016724268906,0.0011001338098138658,4.9332509661326185e-05,3
2010-03-10,2,0.0,0.0,1.0,1.0,0.001602683363671505,4.1462260924163274e-05,0.000299597604680423,0.006243863072086201,2
2010-03-11,1,0.0,1.0,0.0,0.0,0.0021586273796856,4.894608719041571e-05,4.15653339587152e-05,0.0005860493984073,1
2010-03-12,1,0.0,1.0,0.0,0.0,0.99757182598114,2.428628249617759e-05,4.499737042351626e-05,0.0015786199364811,1
2010-03-13,3,0.0,1.0,0.0,2.0,0.9985515243497504,5.855578274349682e-05,0.9396782191652162,4.21002278017113e-05,3
2010-03-14,0,,,,,0.0,0.0,0.0,0.0,0
2010-03-15,4,0.0,2.0,2.0,0.0,1.9861642793548526,7.860126243031118e-05,0.00011816450387414078,0.2828282389909872,4
2010-03-16,4,0.0,4.0,0.0,0.0,0.007855309615479157,0.00021627282330874523,0.0005007840918550821,5.3768587349622976e-05,1
2010-03-17,6,1.0,2.0,1.0,2.0,0.9631964028376385,0.03417653945325566,0.011782424951888838,0.06643063010415058,6
2010-03-18,9,0.0,4.0,3.0,2.0,2.018870436178986,0.0001588087661730242,0.00022056537636672147,0.036960386933969726,9
2010-03-19,7,0.0,6.0,0.0,1.0,2.2969091594641213,0.006783300834285787,0.9992270868551714,0.001066367934981771,7
2010-03-20,3,0.0,1.0,0.0,2.0,0.005777480793767555,0.0001960263980435724,0.03119493320991734,4.6264207412605174e-05,3
2010-03-21,0,,,,,0.0,0.0,0.0,0.0,0
2010-03-22,3,0.0,2.0,0.0,1.0,1.0930161196156403,6.62789407215314e-05,0.00891729224895231,4.654052827390842e-05,3
2010-03-23,24,4.0,7.0,4.0,9.0,1.078608723775687,1.0152824559854705,3.217441423490527,0.48712607640482003,23
2010-03-24,2,0.0,1.0,0.0,1.0,0.0018911516235675,0.0014250579160943301,0.04209480592908216,7.34328423277475e-05,2
2010-03-25,8,1.0,4.0,0.0,3.0,1.9827528751902714,0.010185300754528611,0.0860461923966794,0.00012712059015029809,8
2010-03-26,2,0.0,2.0,0.0,0.0,0.001924309362948353,3.644632852228824e-05,6.046979888196802e-05,0.00023435521961793037,2
2010-03-27,0,,,,,0.0,0.0,0.0,0.0,0
2010-03-28,0,,,,,0.0,0.0,0.0,0.0,0
2010-03-29,0,,,,,0.0,0.0,0.0,0.0,0
2010-03-30,4,1.0,2.0,0.0,1.0,0.0032684272719050956,0.0015779634431964487,0.9612313310117315,5.811145638290327e-05,4
2010-03-31,5,1.0,3.0,0.0,1.0,1.2369011273076465,0.03002433218443905,0.004829009725654025,6.606195438507712e-05,5
2010-04-01,6,0.0,1.0,0.0,5.0,1.0194494328970902,0.025677192903458376,3.149957030720543,0.0005009109172533354,6
2010-04-02,1,0.0,0.0,0.0,1.0,7.714069943176582e-05,0.000379103468731,0.000600752828177,2.848950862244237e-05,1
2010-04-03,2,1.0,1.0,0.0,0.0,0.008316375588037706,0.008818604978841819,6.267477147048339e-05,3.058890342799714e-05,2
2010-04-04,0,,,,,0.0,0.0,0.0,0.0,0
2010-04-05,1,0.0,1.0,0.0,0.0,0.0012612116988748,1.7044396372511983e-05,1.5403446013806388e-05,1.246978445124114e-05,1
2010-04-06,6,0.0,4.0,0.0,2.0,1.9583467830234438,0.0001521890917501878,1.014009476539286,0.0016322932506226886,6
2010-04-07,4,0.0,2.0,0.0,2.0,1.0986321605159899,0.00013916315128881251,0.06669954017343091,6.349690556817222e-05,4
2010-04-08,2,0.0,0.0,0.0,2.0,0.0062376030255108,5.4220623496803455e-05,1.947675108909607,2.6832581170310732e-05,2
2010-04-09,0,,,,,0.0,0.0,0.0,0.0,0
2010-04-10,4,2.0,2.0,0.0,0.0,0.7426348034787225,0.015644335970136872,0.014557477076777865,0.007828427515050832,4
2010-04-11,0,,,,,0.0,0.0,0.0,0.0,0
2010-04-12,3,1.0,0.0,1.0,1.0,0.0042813000618479,0.024563142669649086,0.2773767400922224,0.01141831173208623,3
2010-04-13,6,0.0,2.0,0.0,4.0,1.5585178196997729,0.00018049893515126314,3.8925786404324754,9.969129678211175e-05,6
2010-04-14,3,1.0,1.0,0.0,1.0,0.9881942975334823,0.02456436986085463,0.018304861598153362,4.301977514842292e-05,3
2010-04-15,2,0.0,2.0,0.0,0.0,0.002038606235146204,6.038429091859143e-05,5.169056385057047e-05,2.7382950975152195e-05,2
2010-04-16,0,,,,,0.0,0.0,0.0,0.0,0
2010-04-17,12,2.0,9.0,1.0,0.0,3.9970699315672387,1.8703904465528465,0.0008012661364772037,0.9593622605980271,12
2010-04-18,0,,,,,0.0,0.0,0.0,0.0,0
2010-04-19,1,0.0,0.0,1.0,0.0,0.0012760431272909,1.8341441318625584e-05,6.676610064459965e-05,0.0025717038661241,1
2010-04-20,0,,,,,0.0,0.0,0.0,0.0,0
2010-04-21,2,0.0,1.0,0.0,1.0,0.023017051629722,5.292751120578032e-05,0.991087441550917,0.0097804145043483,2
2010-04-22,7,1.0,5.0,0.0,1.0,2.9280010837246664,0.025099497695919026,0.9966648300323866,0.007673508851439548,7
2010-04-23,4,1.0,2.0,1.0,0.0,1.6009594945080607,0.00047713668391217463,0.00014799501332163345,0.908343332934237,4
2010-04-24,6,0.0,2.0,1.0,3.0,0.9992187310490408,0.004029404064567572,0.06665962157057939,0.008507817397003152,6
2010-04-25,0,,,,,0.0,0.0,0.0,0.0,0
2010-04-26,6,0.0,1.0,2.0,3.0,0.0023041762096908435,0.0003034596484210838,0.956120390590513,0.0014229290582078978,6
2010-04-27,10,0.0,7.0,2.0,1.0,3.670647034712601,0.000979915192146923,0.9978933782931563,0.04483946315212943,9
2010-04-28,0,,,,,0.0,0.0,0.0,0.0,0
2010-04-29,4,0.0,4.0,0.0,0.0,2.9911105817882344,8.038173291424755e-05,7.782692682667403e-05,6.282695903792046e-05,4
2010-04-30,2,1.0,1.0,0.0,0.0,0.8881638753227888,0.02459053580969332,0.0003639364695117607,2.631670759001281e-05,2
2010-05-01,3,0.0,3.0,0.0,0.0,2.9829378724098206,0.001568133853652389,0.0009564504362060473,4.152644396526739e-05,3
2010-05-02,0,,,,,0.0,0.0,0.0,0.0,0
2010-05-03,0,,,,,0.0,0.0,0.0,0.0,0
2010-05-04,2,0.0,2.0,0.0,0.0,0.16436674079159272,0.010726540491305022,5.7090275731752627e-05,8.402724051848054e-05,2
2010-05-05,7,0.0,1.0,1.0,5.0,0.01953000973298881,0.00017433725588489324,3.912751950247184,0.011488183831716002,7
2010-05-06,8,1.0,6.0,0.0,1.0,3.8656803001176736,0.0002278242618558579,1.000169290613485,0.00012364066969894338,8
2010-05-07,5,1.0,1.0,1.0,2.0,0.9759942192158632,0.0031702311716798126,0.998418060094991,0.9178358861836386,5
2010-05-08,12,3.0,3.0,0.0,6.0,2.0553429156552734,1.9573923975149228,3.989883721489605,0.00016957920888671651,11
2010-05-09,0,,,,,0.0,0.0,0.0,0.0,0
2010-05-10,0,,,,,0.0,0.0,0.0,0.0,0
2010-05-11,5,0.0,5.0,0.0,0.0,2.4406338217668235,0.00014902703514962923,0.0001580894586368231,0.0019462052296148134,5
2010-05-12,2,1.0,1.0,0.0,0.0,0.8039378002285957,0.9432245642601628,4.159171294304542e-05,2.9309534511412494e-05,2
2010-05-13,7,0.0,5.0,1.0,1.0,1.3630232901086856,0.015900244774456868,0.9122330706677529,0.05827850980767826,7
2010-05-14,6,1.0,3.0,0.0,2.0,1.1670916972798293,0.009867822496744158,1.0539655751535975,9.079125720745651e-05,5
2010-05-15,2,0.0,2.0,0.0,0.0,1.9976866841316223,6.547141492774244e-05,5.859270095243119e-05,4.072443516633939e-05,2
2010-05-16,0,,,,,0.0,0.0,0.0,0.0,0
2010-05-17,3,0.0,3.0,0.0,0.0,0.022207081594387928,0.01768431803793644,6.500637846329482e-05,4.0165831705962773e-05,1
2010-05-18,5,0.0,4.0,0.0,1.0,2.080593686550855,0.00014842275413684547,0.12916854991999563,7.523991644120542e-05,5
2010-05-19,6,0.0,4.0,1.0,1.0,0.008194871246814464,0.00013597113138530403,0.044028597066244395,0.3418532029218113,6
2010-05-20,5,0.0,2.0,1.0,2.0,0.9614713911432773,0.00025709342662587635,0.11334043128226762,0.06840054542408316,5
2010-05-21,1,0.0,1.0,0.0,0.0,0.9984248280525208,3.997088060714304e-05,1.890151906991377e-05,1.829259235819336e-05,1
2010-05-22,5,1.0,2.0,0.0,2.0,0.06723463659000091,0.06616265967204518,0.986363732137761,0.00010892257341765799,4
2010-05-23,0,,,,,0.0,0.0,0.0,0.0,0
2010-05-24,5,0.0,2.0,1.0,2.0,1.9125862708096975,0.0001535675019113114,0.9782249519648757,0.8495913043943801,5
2010-05-25,4,0.0,4.0,0.0,0.0,3.9827367663383484,0.0001478184640291147,0.010054661090180125,0.0037827429932803603,4
2010-05-26,2,1.0,0.0,1.0,0.0,0.0109727340750395,0.9442087401239406,3.711481258505955e-05,0.011404507439692641,2
2010-05-27,7,0.0,6.0,1.0,0.0,2.855750773451291,0.0002180712326662615,0.08576818694200483,0.8496103193656381,7
2010-05-28,1,0.0,0.0,0.0,1.0,7.752605597488582e-05,2.272849815199152e-05,0.0015764037379994,1.42509688885184e-05,1
2010-05-29,13,1.0,1.0,1.0,10.0,1.0056562624340584,0.012442117684258788,4.9977960551532306,0.003353192644681231,13
2010-05-30,0,,,,,0.0,0.0,0.0,0.0,0
2010-05-31,1,0.0,0.0,0.0,1.0,0.2351527214050293,1.9826286006718877e-05,0.2542682588100433,1.4421166270039976e-05,1
2010-06-01,5,0.0,3.0,0.0,2.0,0.9993015439285955,9.460371620662045e-05,0.0018800883399307138,6.641626532655209e-05,5
2010-06-02,1,1.0,0.0,0.0,0.0,0.0014831125736236,0.978135883808136,1.2937707651872188e-05,1.211307244375348e-05,1
2010-06-03,0,,,,,0.0,0.0,0.0,0.0,0
2010-06-04,4,0.0,2.0,0.0,2.0,1.0299021089595044,9.718452020024415e-05,0.008143663291775611,6.0683699302899186e-05,4
2010-06-05,13,0.0,9.0,0.0,4.0,4.998617237017243,0.007966958706674502,3.147683986566335,0.006819791841735309,13
2010-06-06,0,,,,,0.0,0.0,0.0,0.0,0
2010-06-07,1,0.0,1.0,0.0,0.0,0.9483466148376464,2.9311833714018576e-05,1.8334383639739823e-05,1.5170454389590304e-05,1
2010-06-08,4,0.0,3.0,1.0,0.0,2.9834463340230286,6.984570245549548e-05,0.00812592408874466,0.04183397543056341,3
2010-06-09,3,0.0,0.0,0.0,3.0,0.0085312385635915,0.00027293427592662233,2.036321699619293,0.0033339160645482328,3
2010-06-10,6,0.0,4.0,1.0,1.0,2.965816774696577,0.0007872905298426301,0.021745027243014144,0.10639948868265481,5
2010-06-11,0,,,,,0.0,0.0,0.0,0.0,0
2010-06-12,6,0.0,4.0,0.0,2.0,1.9991787664912406,0.00013392875735007692,0.020635290176869443,0.0026979758431479287,6
2010-06-13,0,,,,,0.0,0.0,0.0,0.0,0
2010-06-14,4,0.0,3.0,1.0,0.0,1.0485001390334217,7.947276844788576e-05,7.621000258950517e-05,0.02483434025907624,4
2010-06-15,12,0.0,8.0,0.0,4.0,4.902534753200598,0.004765049163324784,0.025223288541382997,0.00018453489792591427,12
2010-06-16,1,0.0,1.0,0.0,0.0,0.0002912870550062,1.768265246937517e-05,1.6411328033427708e-05,1.28773353935685e-05,1
2010-06-17,0,,,,,0.0,0.0,0.0,0.0,0
2010-06-18,0,,,,,0.0,0.0,0.0,0.0,0
2010-06-19,5,0.0,3.0,0.0,2.0,2.9868796239352378,9.037258769239997e-05,0.008945227320509582,0.0015856225982133145,5
2010-06-20,0,,,,,0.0,0.0,0.0,0.0,0
2010-06-21,28,4.0,6.0,9.0,9.0,0.04376253017289823,1.9110154846302976,0.02220899535768675,0.8077087108122211,28
2010-06-22,6,0.0,5.0,1.0,0.0,3.6458086931088474,0.00014753699906577822,0.00013701963416679064,0.056433186161484586,6
2010-06-23,1,0.0,0.0,1.0,0.0,0.0008733537979424,1.5983041521394625e-05,1.690771932771895e-05,0.7157890200614929,1
2010-06-24,4,0.0,1.0,0.0,3.0,0.0015556740218015087,0.0004129637682126058,1.078885175722462,5.483241147885565e-05,4
2010-06-25,2,0.0,2.0,0.0,0.0,1.9974241852760315,4.655024349631276e-05,3.62007376679685e-05,3.389612174942158e-05,2
2010-06-26,6,0.0,4.0,0.0,2.0,1.9519485825003358,0.00021845714036317077,0.17960007218789534,0.00010380765252193669,5
2010-06-27,0,,,,,0.0,0.0,0.0,0.0,0
2010-06-28,2,0.0,2.0,0.0,0.0,0.0590965076116844,4.113406794203911e-05,5.6052987929433584e-05,2.7873469662154093e-05,2
2010-06-29,30,8.0,7.0,3.0,12.0,2.5470041651951756,1.7278629710963287,5.8674989660894425,0.0693423703651204,30
2010-06-30,4,0.0,2.0,1.0,1.0,1.0545058201914799,7.846421249269042e-05,0.26805570593296574,0.023816454738152904,4
2010-07-01,6,0.0,4.0,0.0,2.0,2.009147917910013,0.0003653641861091454,0.9486015885922823,9.895418679661816e-05,6
2010-07-02,1,0.0,1.0,0.0,0.0,0.555388867855072,0.0061624515801668,3.227874913136475e-05,8.784707461018115e-05,1
2010-07-03,0,,,,,0.0,0.0,0.0,0.0,0
2010-07-04,0,,,,,0.0,0.0,0.0,0.0,0
2010-07-05,6,0.0,6.0,0.0,0.0,3.8483436493552285,0.0001816213898564456,0.00020747022063005716,0.00013194996427046135,6
2010-07-06,35,4.0,5.0,12.0,14.0,0.7005204193519597,2.0027389323086022,6.616670322089703,4.0416628632492575,1
2010-07-07,2,0.0,1.0,0.0,1.0,1.000614631921053,5.218971455178689e-05,0.07600225259739088,2.9653303499799222e-05,2
2010-07-08,3,0.0,3.0,0.0,0.0,0.5385888852179048,0.018643909079401,0.021665366082743248,4.619999072019709e-05,1
2010-07-09,3,0.0,3.0,0.0,0.0,2.988015830516815,0.00048492455971425636,0.0003903264314430363,0.002898713481044881,3
2010-07-10,3,0.0,1.0,2.0,0.0,0.9636782238376327,0.0027010879312001504,0.8640216675648844,0.07054311419233254,3
2010-07-11,0,,,,,0.0,0.0,0.0,0.0,0
2010-07-12,35,2.0,9.0,5.0,19.0,5.0168805424227685,0.00977506240724306,6.971027071760545,1.8816918228922075,33
2010-07-13,0,,,,,0.0,0.0,0.0,0.0,0
2010-07-14,1,0.0,1.0,0.0,0.0,0.9986270666122437,0.0005786310066469,0.0003404581511858,1.4521310731652193e-05,1
2010-07-15,10,0.0,9.0,1.0,0.0,6.087566602276638,0.004095618194696655,0.00035759795355261303,0.007401902523270079,10
2010-07-16,0,,,,,0.0,0.0,0.0,0.0,0
2010-07-17,3,1.0,2.0,0.0,0.0,1.2918294705450535,0.9184591408284177,0.0015666923591197573,0.0034848704144677953,3
2010-07-18,0,,,,,0.0,0.0,0.0,0.0,0
2010-07-19,14,3.0,8.0,2.0,1.0,2.031652305155148,0.9939135480553887,0.1777024822877138,0.0003866199467665255,14
2010-07-20,5,2.0,2.0,0.0,1.0,2.003318128408864,0.010622030902595572,1.0127014719219003,0.00029543310211004807,5
2010-07-21,2,0.0,1.0,1.0,0.0,0.0033851651242002003,3.485736124275718e-05,3.1660281820222735e-05,0.035266473288174796,2
2010-07-22,5,1.0,2.0,2.0,0.0,0.9732560371830913,0.9837939819808525,0.006003904876706571,1.0146174744913878,4
2010-07-23,11,0.0,11.0,0.0,0.0,10.749801635742188,0.0003750757787202019,0.004717293471912805,0.00021445190668600844,11
2010-07-24,6,0.0,3.0,2.0,1.0,2.790153908335924,0.002623086590574459,0.0384256116849427,0.3284942328782562,6
2010-07-25,0,,,,,0.0,0.0,0.0,0.0,0
2010-07-26,19,0.0,18.0,0.0,1.0,14.923266722014887,0.0016035529661166017,0.9826532779770787,0.9324474323821049,19
2010-07-27,18,1.0,4.0,1.0,12.0,2.462880648218743,0.9919882693702673,0.6681229094810984,0.0010195447057411882,18
2010-07-28,4,1.0,3.0,0.0,0.0,0.9697202551324154,0.01114542411232816,0.92345829268379,7.822898260201328e-05,4
2010-07-29,13,1.0,2.0,1.0,9.0,1.563677826263301,0.026795644782396117,6.91201219753566,0.08855376886549488,13
2010-07-30,0,,,,,0.0,0.0,0.0,0.0,0
2010-07-31,2,0.0,0.0,1.0,1.0,0.9684994389535858,3.504614869598299e-05,0.9943307648118206,0.06835707498157716,2
2010-08-01,0,,,,,0.0,0.0,0.0,0.0,0
2010-08-02,0,,,,,0.0,0.0,0.0,0.0,0
2010-08-03,8,0.0,3.0,0.0,5.0,3.10638511412435,0.003741437813005086,2.0827938429338246,0.0069047284732732216,6
2010-08-04,1,0.0,0.0,1.0,0.0,0.0005210604285821,1.5491134035983123e-05,1.7103380741900764e-05,0.0178119447082281,1
2010-08-05,36,0.0,23.0,2.0,11.0,14.19948311431017,0.003550028270183021,6.213430772153514,0.3273447165774996,36
2010-08-06,2,0.0,1.0,0.0,1.0,0.9937944741323008,7.950066537887324e-05,0.9936061667158355,2.9554581487900577e-05,2
2010-08-07,2,0.0,1.0,1.0,0.0,0.0008664343004056361,3.73083876183955e-05,0.00010656341873982456,0.002194747448811523,2
2010-08-08,0,,,,,0.0,0.0,0.0,0.0,0
2010-08-09,11,0.0,7.0,0.0,4.0,2.693509842640196,0.09257860322941246,3.011085125746831,0.008731663657272274,11
2010-08-10,4,0.0,2.0,0.0,2.0,0.064968311148732,9.186183342535514e-05,0.0001843352874856473,5.5840267123130616e-05,4
2010-08-11,2,0.0,1.0,0.0,1.0,0.9311416530981659,0.00028495654260036454,0.9853618693596219,2.9700978302571457e-05,2
2010-08-12,1,1.0,0.0,0.0,0.0,0.0008178923162631,0.9609277248382568,0.002702809870243,1.6070289348135702e-05,1
2010-08-13,0,,,,,0.0,0.0,0.0,0.0,0
2010-08-14,1,0.0,0.0,0.0,1.0,0.0064887409098446,1.87513796845451e-05,0.9863041639328004,1.3826989743392916e-05,1
2010-08-15,0,,,,,0.0,0.0,0.0,0.0,0
2010-08-16,3,2.0,1.0,0.0,0.0,0.0170234120450912,0.9752703654976358,7.488622031814884e-05,4.0638721657160204e-05,3
2010-08-17,3,0.0,2.0,0.0,1.0,1.9991911457618696,0.00010319257125956938,0.06780785788578206,4.5004196181253064e-05,3
2010-08-18,0,,,,,0.0,0.0,0.0,0.0,0
2010-08-19,4,0.0,2.0,2.0,0.0,0.0131963256862944,8.345136302523315e-05,0.0001493884265073575,0.02136447217890223,4
2010-08-20,0,,,,,0.0,0.0,0.0,0.0,0
2010-08-21,0,,,,,0.0,0.0,0.0,0.0,0
2010-08-22,0,,,,,0.0,0.0,0.0,0.0,0
2010-08-23,0,,,,,0.0,0.0,0.0,0.0,0
2010-08-24,1,0.0,1.0,0.0,0.0,0.0001954379986273,1.5145994439080823e-05,1.2735470590996556e-05,1.2176727068435866e-05,1
2010-08-25,2,0.0,2.0,0.0,0.0,0.9994463316979818,3.653489511634689e-05,3.426407420192845e-05,3.124595241388306e-05,2
2010-08-26,0,,,,,0.0,0.0,0.0,0.0,0
2010-08-27,0,,,,,0.0,0.0,0.0,0.0,0
2010-08-28,0,,,,,0.0,0.0,0.0,0.0,0
2010-08-29,0,,,,,0.0,0.0,0.0,0.0,0
2010-08-30,2,0.0,1.0,0.0,1.0,0.9952839744219089,4.43870885646902e-05,0.00147319186362433,0.0035200450120100204,2
2010-08-31,0,,,,,0.0,0.0,0.0,0.0,0
2010-09-01,0,,,,,0.0,0.0,0.0,0.0,0
2010-09-02,6,0.0,2.0,0.0,4.0,0.017630971535254412,8.909391453926219e-05,2.8619303381346977,8.116140907077352e-05,6
2010-09-03,2,0.0,2.0,0.0,0.0,1.9876872897148132,4.9501601097290404e-05,6.817159010097384e-05,0.002640423297634675,2
2010-09-04,1,0.0,0.0,0.0,1.0,0.0014003755059093,2.057848178083077e-05,0.903809130191803,1.281805907638045e-05,1
2010-09-05,0,,,,,0.0,0.0,0.0,0.0,0
2010-09-06,2,0.0,2.0,0.0,0.0,1.0143414959311485,8.33665908430703e-05,0.00015261869339155948,3.990198820247315e-05,2
2010-09-07,1,0.0,0.0,0.0,1.0,0.0018978031584993,2.1271431251079772e-05,0.0571301765739917,1.2434135896910448e-05,1
2010-09-08,2,0.0,0.0,1.0,1.0,0.6309739778407675,3.7621853152813856e-05,0.9915754317189566,0.0030087467857810575,2
2010-09-09,0,,,,,0.0,0.0,0.0,0.0,0
2010-09-10,0,,,,,0.0,0.0,0.0,0.0,0
2010-09-11,0,,,,,0.0,0.0,0.0,0.0,0
2010-09-12,0,,,,,0.0,0.0,0.0,0.0,0
2010-09-13,3,0.0,3.0,0.0,0.0,2.626304566860199,7.323440513573587e-05,8.171509580279235e-05,4.912867916573305e-05,3
2010-09-14,4,0.0,3.0,0.0,1.0,0.0521932661213213,0.0003312180560896331,0.9860154532652815,6.276092881307704e-05,4
2010-09-15,8,0.0,5.0,2.0,1.0,3.9932323671891936,0.00023872671772551257,0.004216207345962136,0.05911881129759411,8
2010-09-16,1,0.0,0.0,0.0,1.0,3.2375210139434785e-05,1.5113314475456718e-05,0.0023895096965134,0.0015285419067367,1
2010-09-17,20,3.0,2.0,0.0,15.0,0.0138055070856351,2.1867578130686525,6.444268239923075,0.0002686206080397824,20
2010-09-18,6,0.0,2.0,0.0,4.0,1.9377335710487384,0.00021265608302201144,3.751405350776622,0.00023152763151292364,6
2010-09-19,0,,,,,0.0,0.0,0.0,0.0,0
2010-09-20,2,0.0,1.0,1.0,0.0,0.0031090274278539,3.025433761649765e-05,0.00018958867894972685,0.042170393528976946,2
2010-09-21,4,0.0,4.0,0.0,0.0,2.970353517215699,0.002153036581148615,0.00014595308857678901,6.610131549678044e-05,3
2010-09-22,3,0.0,1.0,0.0,2.0,0.0020410638044268065,5.427423275250476e-05,1.9282131405179825,4.2817284338525496e-05,3
2010-09-23,1,1.0,0.0,0.0,0.0,1.8010388885159045e-05,2.0523644707282077e-05,2.026484980888199e-05,1.3119723917043302e-05,1
2010-09-24,0,,,,,0.0,0.0,0.0,0.0,0
2010-09-25,6,0.0,3.0,1.0,2.0,1.1238804374879687,0.0009779112933755991,1.9872125974980008,0.0743621944820915,6
2010-09-26,0,,,,,0.0,0.0,0.0,0.0,0
2010-09-27,24,0.0,23.0,1.0,0.0,19.940164438492502,0.0008648612520119059,0.011179286889273431,0.013364433534661577,24
2010-09-28,5,1.0,4.0,0.0,0.0,2.155536512378603,0.9433001807883555,0.00015308721776818857,7.861238918849267e-05,5
2010-09-29,3,0.0,1.0,1.0,1.0,0.0011401099727663278,4.719510889117373e-05,0.00018755219571169556,0.2379852143694733,2
2010-09-30,0,,,,,0.0,0.0,0.0,0.0,0
2010-10-01,2,0.0,2.0,0.0,0.0,1.0374056920409203,5.134581260790583e-05,0.00010597593427519314,3.194343025825219e-05,2
2010-10-02,1,0.0,1.0,0.0,0.0,0.00022873513808,1.551136483612936e-05,4.773997716256417e-05,1.7582307918928564e-05,1
2010-10-03,0,,,,,0.0,0.0,0.0,0.0,0
2010-10-04,5,0.0,0.0,0.0,5.0,0.0005782017069576677,0.00011022019771189662,0.0381428163382222,6.705266787321307e-05,5
2010-10-05,4,1.0,3.0,0.0,0.0,1.9159828634001315,0.0118882279130047,0.0012903132301287678,0.00016035725820976834,4
2010-10-06,6,0.0,4.0,0.0,2.0,2.9901199875748716,0.0070562210312345485,1.952529338680506,9.967708047042834e-05,6
2010-10-07,10,1.0,8.0,1.0,0.0,5.954727554213605,0.008265251932243652,0.0003752951060959649,0.035461767026390555,9
2010-10-08,6,0.0,5.0,0.0,1.0,4.9270493113435805,0.0005076115921837273,0.01811739808726996,0.00013214203590905527,6
2010-10-09,0,,,,,0.0,0.0,0.0,0.0,0
2010-10-10,0,,,,,0.0,0.0,0.0,0.0,0
2010-10-11,5,1.0,4.0,0.0,0.0,1.0575122006484887,0.9798338518012315,9.102059539145557e-05,6.710528032272123e-05,4
2010-10-12,1,0.0,1.0,0.0,0.0,0.0109301684424281,2.6031537345261316e-05,6.867774936836213e-05,1.5859517588978633e-05,1
2010-10-13,3,0.0,3.0,0.0,0.0,2.871189832687378,0.003749556259208414,0.0031823967465242995,0.003864222649099243,3
2010-10-14,2,1.0,1.0,0.0,0.0,0.017497677143182927,0.9754046776251925,3.4460515053069685e-05,2.5023080524988472e-05,2
2010-10-15,2,0.0,2.0,0.0,0.0,1.0619356632232666,7.366398494923487e-05,4.182004340691492e-05,3.557982017809991e-05,2
2010-10-16,14,4.0,3.0,3.0,4.0,0.016012667812901376,1.8810893071231476,0.0020799762423847966,1.0133898076201147,14
2010-10-17,0,,,,,0.0,0.0,0.0,0.0,0
2010-10-18,1,0.0,1.0,0.0,0.0,0.0001396198349539,1.6086438336060382e-05,1.6691989003447816e-05,5.225779750617221e-05,1
2010-10-19,3,0.0,3.0,0.0,0.0,2.7463958859443665,9.389534534420818e-05,6.791104715375695e-05,6.458485222538002e-05,3
2010-10-20,6,0.0,5.0,0.0,1.0,1.2058734241290947,0.001257073127817296,0.9689324428645704,0.023185451411336464,6
2010-10-21,0,,,,,0.0,0.0,0.0,0.0,0
2010-10-22,3,0.0,1.0,1.0,1.0,1.0031971330754457,0.018161724830861002,0.0109809581190346,0.04326742513330827,3
2010-10-23,10,0.0,2.0,0.0,8.0,1.0010706032626326,0.00259282316437747,6.25828903601905,0.00017799253600969678,10
2010-10-24,0,,,,,0.0,0.0,0.0,0.0,0
2010-10-25,12,1.0,6.0,0.0,5.0,5.140759187659568,0.00038879452949913684,2.9817325677868207,0.0001776221124600852,12
2010-10-26,5,0.0,5.0,0.0,0.0,3.167443409562111,0.00013553044118452817,0.00015221086323435884,9.154312101600226e-05,5
2010-10-27,9,2.0,3.0,1.0,3.0,0.9134304598637751,0.028250666636267626,1.97920731477825,0.9055498233647086,6
2010-10-28,5,1.0,2.0,1.0,1.0,0.2115951125269928,0.007908156941993984,0.9750529240354807,0.0037325144958230646,5
2010-10-29,8,0.0,2.0,2.0,4.0,1.0040541075613871,0.0005169287742318785,0.9794158662207336,0.027380757494029035,8
2010-10-30,1,0.0,1.0,0.0,0.0,0.0818185657262802,7.303919846890494e-05,1.651371167099569e-05,0.0015920193400233,1
2010-10-31,0,,,,,0.0,0.0,0.0,0.0,0
2010-11-01,6,0.0,5.0,1.0,0.0,3.0290927764472144,0.0010209684496658056,0.0007255264572449551,0.9429658270437358,5
2010-11-02,10,1.0,8.0,0.0,1.0,5.3068914989198674,0.005797671770778751,0.0027096319136034872,0.0016817606356198203,10
2010-11-03,3,0.0,1.0,1.0,1.0,0.017764515592716502,6.479076182586141e-05,0.10434520474700541,0.03019506158489085,3
2010-11-04,0,,,,,0.0,0.0,0.0,0.0,0
2010-11-05,5,0.0,4.0,1.0,0.0,0.9991833440217303,0.0002056611920124565,0.0006824712982051811,0.004626996190381728,4
2010-11-06,3,1.0,0.0,1.0,1.0,0.006670663715339999,0.013674153682586551,0.05682396021984458,0.06837154470395033,2
2010-11-07,0,,,,,0.0,0.0,0.0,0.0,0
2010-11-08,7,0.0,2.0,2.0,3.0,0.00045502130524251644,0.0001417395387761644,1.9393208848241554,0.3267947909398571,6
2010-11-09,3,0.0,1.0,1.0,1.0,0.9986313092376802,5.890613829251378e-05,0.015870599809204494,0.008856351711983644,3
2010-11-10,6,0.0,2.0,0.0,4.0,0.010322745118173625,0.0001286884453293169,1.0418149330744197,0.0004698111870310557,6
2010-11-11,5,2.0,2.0,0.0,1.0,0.22452996106221684,0.0636679749841276,0.04488927563943416,0.0018796562690112906,4
2010-11-12,1,0.0,1.0,0.0,0.0,0.030861496925354,0.0179257579147815,0.0003576705639716,2.3548307581222616e-05,1
2010-11-13,2,0.0,2.0,0.0,0.0,0.9991582461843792,5.823236278956756e-05,6.31366237939801e-05,2.7322266760165803e-05,2
2010-11-14,0,,,,,0.0,0.0,0.0,0.0,0
2010-11-15,10,1.0,6.0,2.0,1.0,3.148126822861741,0.0008725345305720038,0.8844676784556212,0.003530155977386965,9
2010-11-16,5,0.0,2.0,1.0,2.0,0.15497015847358828,0.0002064991922452061,1.1443042814553337,0.13815976591922663,5
2010-11-17,5,0.0,4.0,1.0,0.0,1.9514609743637266,0.000629100852165662,0.0001321413301411667,0.042219856366500545,5
2010-11-18,2,1.0,0.0,0.0,1.0,0.0176227129995822,0.9758092610863968,0.36043878607415536,4.1295616938441526e-05,2
2010-11-19,2,0.0,0.0,0.0,2.0,3.3711057767504826e-05,3.042480966541916e-05,6.490567830041982e-05,3.151896726194536e-05,2
2010-11-20,9,2.0,4.0,1.0,2.0,2.075128052050786,0.06591872886565386,0.09137066290986677,0.0049703879722073725,8
2010-11-21,0,,,,,0.0,0.0,0.0,0.0,0
2010-11-22,0,,,,,0.0,0.0,0.0,0.0,0
2010-11-23,2,0.0,1.0,1.0,0.0,0.00046794403169760003,3.096195996477036e-05,6.197108268679585e-05,0.10474798750510665,2
2010-11-24,0,,,,,0.0,0.0,0.0,0.0,0
2010-11-25,2,0.0,1.0,0.0,1.0,0.0022477313541457078,3.8129067434056196e-05,0.0001315016525039994,2.8521233616629615e-05,2
2010-11-26,3,0.0,2.0,0.0,1.0,1.05555241368711,7.13387689756928e-05,0.05850483580070419,5.8320327298133634e-05,3
2010-11-27,13,0.0,5.0,4.0,4.0,2.9693838288640104,0.001063294464074624,0.027492711798003968,0.9828574491230028,6
2010-11-28,0,,,,,0.0,0.0,0.0,0.0,0
2010-11-29,5,0.0,4.0,0.0,1.0,2.970256287837401,0.00022547594198831671,0.9660998158524308,7.596931209263857e-05,5
2010-11-30,0,,,,,0.0,0.0,0.0,0.0,0
2010-12-01,7,0.0,5.0,1.0,1.0,0.6797887460379569,0.00015149640967138112,0.9185647598087597,0.04542307083283947,6
2010-12-02,7,1.0,3.0,1.0,2.0,1.985130382292482,0.024664930591825323,1.9299193354399904,0.00821644704046774,6
2010-12-03,7,0.0,5.0,1.0,1.0,1.0019150781381538,0.008108875635116211,0.0010164403320231722,0.0010910875744229262,2
2010-12-04,1,0.0,0.0,0.0,1.0,5.6886125094024464e-05,1.7137970644398592e-05,0.0418585874140262,1.3430551007331816e-05,0
2010-12-05,0,,,,,0.0,0.0,0.0,0.0,0
2010-12-06,11,0.0,7.0,3.0,1.0,5.990509804507383,0.00027245246747042984,0.002337656964300446,0.16568831087442945,9
2010-12-07,1,0.0,1.0,0.0,0.0,0.0063256374560296,3.40161714120768e-05,1.9831635654554702e-05,1.7262223991565406e-05,1
2010-12-08,4,0.0,2.0,0.0,2.0,1.0074211191385982,8.060605978243984e-05,1.973508423152452,6.478082468674984e-05,4
2010-12-09,4,0.0,4.0,0.0,0.0,0.9438265075441447,0.004213641994283453,0.01137840375213269,6.494036642834544e-05,4
2010-12-10,3,0.0,1.0,1.0,1.0,0.004165324561654252,5.4084932344267145e-05,0.00016382909871021943,0.005555432256187462,2
2010-12-11,0,,,,,0.0,0.0,0.0,0.0,0
2010-12-12,0,,,,,0.0,0.0,0.0,0.0,0
2010-12-13,4,0.0,4.0,0.0,0.0,2.7384576164186,0.00011974647713941522,0.0001398473232256947,6.679489251837367e-05,4
2010-12-14,4,1.0,2.0,0.0,1.0,1.2921011579455808,0.02072562903413188,0.9848704702963004,5.834769308421528e-05,4
2010-12-15,4,0.0,3.0,1.0,0.0,1.0292691788490627,9.000321097119013e-05,0.0010026214622483938,0.011270766206507596,4
2010-12-16,2,0.0,1.0,1.0,0.0,0.00035969066811954343,3.4080476325470954e-05,3.709873453772161e-05,0.10470578583408491,2
2010-12-17,1,0.0,0.0,0.0,1.0,0.0008438956574536,1.806472755561117e-05,0.9914761185646056,0.0005121069261804,1
2010-12-18,10,2.0,6.0,1.0,1.0,2.828195851216151,1.9709461754937367,0.9742172855849274,0.0037090801033626106,9
2010-12-19,0,,,,,0.0,0.0,0.0,0.0,0
2010-12-20,5,0.0,4.0,0.0,1.0,0.9322029514296445,0.00013370515443966724,0.022051023963285777,8.942286785895703e-05,5
2010-12-21,6,2.0,3.0,0.0,1.0,0.2603408659779231,0.9880753937723056,0.04820760325674187,8.521191466570599e-05,5
2010-12-22,3,0.0,2.0,0.0,1.0,0.9692457463188474,7.273520168382674e-05,0.057608721654105396,4.282178906578338e-05,3
2010-12-23,11,0.0,1.0,8.0,2.0,1.0017177154604722,0.00020348843463580124,1.9284295245433893,0.7546745901618122,10
2010-12-24,4,0.0,1.0,1.0,2.0,0.9989279315941528,7.656785328435944e-05,0.038935025148020885,0.03419538041089247,3
2010-12-25,3,0.0,3.0,0.0,0.0,2.0918383598327637,8.030667959246784e-05,5.222190429776675e-05,0.0330067928880452,3
2010-12-26,0,,,,,0.0,0.0,0.0,0.0,0
2010-12-27,16,0.0,3.0,1.0,12.0,0.08498865139881648,0.00045775496892019873,2.5900596540686815,0.0005704277746189244,16
2010-12-28,3,0.0,1.0,0.0,2.0,0.0418115610955282,0.000573277469811669,0.9610205057942949,4.855609495280078e-05,3
2010-12-29,5,0.0,2.0,3.0,0.0,0.0024628365499664,8.382557825825643e-05,0.00019243949373047033,0.3122068356187807,4
2010-12-30,8,0.0,4.0,1.0,3.0,2.995483716833405,0.00018592428568808828,0.12109782780680668,0.8496472918395739,8
2010-12-31,1,0.0,0.0,0.0,1.0,0.0004923064261674,2.244355891889427e-05,0.0044092927128076,1.531672569399234e-05,1
2011-01-01,1,0.0,1.0,0.0,0.0,0.9956252574920654,2.108246371790301e-05,2.9061067834845744e-05,1.8902457668446004e-05,1
2011-01-02,0,,,,,0.0,0.0,0.0,0.0,0
2011-01-03,20,1.0,9.0,1.0,9.0,6.989172383295227,0.8992974064594818,2.6971778464921945,0.0030983806773291762,19
2011-01-04,3,1.0,1.0,0.0,1.0,1.9093973357230425,0.010488598376468868,0.9206990946950101,4.515012824413134e-05,3
2011-01-05,4,0.0,4.0,0.0,0.0,2.838387455791235,0.00012340493776719086,0.0005685867818100147,5.737187802878907e-05,4
2011-01-06,12,2.0,4.0,4.0,2.0,1.3276876352792895,0.14019085598738443,0.933649034330301,2.084775308347161,12
2011-01-07,0,,,,,0.0,0.0,0.0,0.0,0
2011-01-08,1,0.0,0.0,0.0,1.0,0.0004013530560769,1.528149914520327e-05,0.2783563435077667,1.3674951333086938e-05,1
2011-01-09,0,,,,,0.0,0.0,0.0,0.0,0
2011-01-10,9,0.0,8.0,1.0,0.0,3.2999245566534228,0.00023669233269174583,0.0015308998463296943,0.16487252933438867,9
2011-01-11,1,0.0,1.0,0.0,0.0,0.0042736930772662,9.60265169851482e-05,3.737018050742336e-05,1.3433028470899444e-05,1
2011-01-12,0,,,,,0.0,0.0,0.0,0.0,0
2011-01-13,7,1.0,0.0,4.0,2.0,0.00011853464366140543,0.0001296774398724665,0.9371901658914794,0.3623149149625532,0
2011-01-14,0,,,,,0.0,0.0,0.0,0.0,0
2011-01-15,0,,,,,0.0,0.0,0.0,0.0,0
2011-01-16,0,,,,,0.0,0.0,0.0,0.0,0
2011-01-17,6,0.0,1.0,1.0,4.0,0.014442919313296216,0.0001160726897069253,1.9406191697689787,0.00016897132991289254,6
2011-01-18,5,1.0,4.0,0.0,0.0,2.8986932984553277,0.010507824783417087,0.002177015201595988,0.016520345634489786,5
2011-01-19,5,1.0,2.0,1.0,1.0,0.9538099012261224,0.00035134214340353816,1.6750369348792447,0.00027009401219399827,5
2011-01-20,5,0.0,5.0,0.0,0.0,2.7868514918664005,0.00027805717400041885,0.005118760203913501,7.450830798916286e-05,4
2011-01-21,0,,,,,0.0,0.0,0.0,0.0,0
2011-01-22,0,,,,,0.0,0.0,0.0,0.0,0
2011-01-23,0,,,,,0.0,0.0,0.0,0.0,0
2011-01-24,0,,,,,0.0,0.0,0.0,0.0,0
2011-01-25,1,0.0,0.0,1.0,0.0,0.0008525365847162,1.877444447018206e-05,1.988116491702385e-05,0.0113919898867607,1
2011-01-26,7,1.0,5.0,0.0,1.0,4.002279112188262,0.9433504100106802,0.5356275107060355,0.015112003607100511,7
2011-01-27,10,0.0,1.0,4.0,5.0,0.000472997655379002,0.0002190365348724299,1.9054751666544691,0.273109644089345,2
2011-01-28,1,0.0,1.0,0.0,0.0,0.0161888115108013,1.5957781215547584e-05,1.5998733942979015e-05,1.351751052425243e-05,1
2011-01-29,1,0.0,1.0,0.0,0.0,0.0059637958183884,2.8967904654564336e-05,1.7503794879303314e-05,1.295068705076119e-05,1
2011-01-30,0,,,,,0.0,0.0,0.0,0.0,0
2011-01-31,15,0.0,7.0,2.0,6.0,4.130061442845545,0.0026259506121276846,4.548091762622789,0.1462159053262439,9
2011-02-01,2,0.0,0.0,0.0,2.0,0.0178424301557242,0.0015911337595752154,1.8799811601638792,3.16569285132573e-05,2
2011-02-02,3,0.0,1.0,2.0,0.0,0.00040040666863204856,4.799400358024286e-05,0.0004122226600883533,0.24280167232245725,3
2011-02-03,5,1.0,2.0,1.0,1.0,0.9970492830143483,0.16995783896709327,0.01240608598436657,0.0006194757079355926,5
2011-02-04,0,,,,,0.0,0.0,0.0,0.0,0
2011-02-05,0,,,,,0.0,0.0,0.0,0.0,0
2011-02-06,0,,,,,0.0,0.0,0.0,0.0,0
2011-02-07,32,2.0,17.0,1.0,12.0,14.835496342322584,0.42879085776348774,4.792427676526131,0.019220402299651804,20
2011-02-08,7,1.0,4.0,1.0,1.0,3.0187884585466236,0.9449813598093896,0.24814130465711054,0.027009857461962234,7
2011-02-09,6,0.0,2.0,2.0,2.0,1.0083881522550655,0.0018827174126271502,1.1266093216690933,0.3267820638602642,5
2011-02-10,6,1.0,1.0,1.0,3.0,1.0010285200678481,0.0006550808830069377,1.4371000014252786,0.004676022614148655,6
2011-02-11,1,0.0,0.0,0.0,1.0,0.023430747911334,1.889151644718368e-05,0.965088665485382,5.329666964826174e-05,1
2011-02-12,5,0.0,4.0,1.0,0.0,0.9961225125280178,0.008132845176078205,0.00046003770239607343,0.5926551092834416,5
2011-02-13,0,,,,,0.0,0.0,0.0,0.0,0
2011-02-14,21,1.0,8.0,4.0,8.0,5.293764324600488,0.9027138436003952,3.9269349460810186,0.6031550227035039,18
2011-02-15,3,0.0,2.0,0.0,1.0,2.000875598518178,8.154805618687533e-05,0.17554065007971073,4.9555421355762526e-05,3
2011-02-16,4,0.0,4.0,0.0,0.0,1.9842385225492762,0.00040017340052138665,0.0001360281030429178,6.540658432641067e-05,4
2011-02-17,5,0.0,4.0,0.0,1.0,1.2869849457638334,0.005723102625779511,0.10512709802696908,9.239636256097583e-05,5
2011-02-18,4,0.0,3.0,0.0,1.0,1.2103015738794056,0.000132848026623833,0.11116950038558568,6.419896635634359e-05,4
2011-02-19,12,0.0,8.0,0.0,4.0,3.63626616784677,0.010088892184285096,2.398623617074918,0.00017876930724014528,12
2011-02-20,0,,,,,0.0,0.0,0.0,0.0,0
2011-02-21,3,1.0,1.0,0.0,1.0,0.5315400414838222,0.005152285571966765,0.9316370052820275,4.461047046788735e-05,3
2011-02-22,8,0.0,6.0,0.0,2.0,3.254174791782134,0.0002868310393751017,0.9887498046819019,0.0001326506826444529,7
2011-02-23,7,0.0,4.0,0.0,3.0,1.9358829304110257,0.002585535551588515,1.2914304030136916,0.9731365647221536,7
2011-02-24,4,0.0,2.0,1.0,1.0,0.018419199772324445,0.00011598226865316974,0.9980299897470105,0.011460590994829533,4
2011-02-25,5,0.0,5.0,0.0,0.0,4.910297632217407,0.00011641193486866541,0.0045396624700515,7.329636537178885e-05,5
2011-02-26,3,0.0,1.0,1.0,1.0,0.0100769131095148,7.513279706472531e-05,0.8482734127310323,0.011421194891227022,3
2011-02-27,0,,,,,0.0,0.0,0.0,0.0,0
2011-02-28,6,0.0,4.0,1.0,1.0,1.8105792164460581,0.0008536351233487172,0.020753754628458323,0.053095463756108026,6
2011-03-01,7,0.0,4.0,2.0,1.0,0.6116198853706007,0.0001669719749770593,0.1369732874309192,0.1337087502224675,7
2011-03-02,2,1.0,0.0,1.0,0.0,0.004648953094147101,0.01865644202007381,3.45485514117172e-05,0.015831048668587717,2
2011-03-03,3,0.0,2.0,0.0,1.0,0.05018062730232477,0.0017721581716614084,0.9896290982578649,4.4124470150563866e-05,3
2011-03-04,1,0.0,1.0,0.0,0.0,0.0012423525331541,0.0001123433758039,0.0007741894223727,1.5024719687062316e-05,1
2011-03-05,2,0.0,1.0,1.0,0.0,0.9629469774663447,0.0011610095571085795,0.0033332999355479708,0.7167115290067158,2
2011-03-06,0,,,,,0.0,0.0,0.0,0.0,0
2011-03-07,10,0.0,3.0,2.0,5.0,2.203907872737545,0.00025615820777602494,0.05152264547359661,0.130264767144581,10
2011-03-08,3,0.0,3.0,0.0,0.0,1.8650611862540245,0.000966955009062015,0.5120292629007963,7.257874494825955e-05,3
2011-03-09,14,0.0,6.0,0.0,8.0,4.836069322899675,0.00032093168192659505,5.833542300787485,0.0001996604305531946,14
2011-03-10,7,0.0,4.0,0.0,3.0,3.803058550638525,0.004839929402805756,1.909689504906055,0.00013531672175304266,7
2011-03-11,0,,,,,0.0,0.0,0.0,0.0,0
2011-03-12,5,1.0,1.0,1.0,2.0,0.9766238799638811,0.7572145456679208,2.7641224955059442,0.13816067355310221,5
2011-03-13,0,,,,,0.0,0.0,0.0,0.0,0
2011-03-14,3,0.0,0.0,1.0,2.0,0.0013025343068873998,0.002263308861074571,1.020453012940379,0.067452659626724,3
2011-03-15,4,0.0,3.0,1.0,0.0,1.377308317758434,0.019468579221211205,0.0007026672219580968,0.0010910455948760177,4
2011-03-16,15,1.0,3.0,6.0,5.0,2.449216233035258,0.05143093178412491,1.0795128931222278,3.0051075085712,4
2011-03-17,5,0.0,4.0,1.0,0.0,1.0073067175690082,0.0004908812079519828,0.00013730041791859549,0.025298012537859807,5
2011-03-18,2,0.0,2.0,0.0,0.0,1.9867242574691772,4.755646295961924e-05,9.143235729425214e-05,3.261474739701953e-05,2
2011-03-19,4,0.0,1.0,2.0,1.0,0.0012607646640389,7.748821008135565e-05,0.5957046013281797,0.20941521675104002,4
2011-03-20,0,,,,,0.0,0.0,0.0,0.0,0
2011-03-21,26,3.0,8.0,2.0,13.0,3.9809694366167596,0.4904096991012916,3.2636823065140557,0.3101468147942796,12
2011-03-22,6,0.0,1.0,2.0,3.0,0.001045747432726704,0.00010897215634031454,1.875464489805381,0.27626055582823017,3
2011-03-23,0,,,,,0.0,0.0,0.0,0.0,0
2011-03-24,6,2.0,1.0,0.0,3.0,0.9232778245059305,1.0499297286824003,2.9437613762493124,0.0001960137806235251,6
2011-03-25,0,,,,,0.0,0.0,0.0,0.0,0
2011-03-26,4,1.0,3.0,0.0,0.0,0.1711131063566426,0.96417748533986,7.761439428577432e-05,0.0010834719987542405,3
2011-03-27,0,,,,,0.0,0.0,0.0,0.0,0
2011-03-28,3,0.0,3.0,0.0,0.0,0.9968939889586181,5.6419361499138176e-05,0.0001395014551235363,7.963644202391151e-05,2
2011-03-29,7,0.0,4.0,3.0,0.0,2.1533395062579075,0.00015573597556794994,0.05324784660115256,0.28753588575636957,6
2011-03-30,0,,,,,0.0,0.0,0.0,0.0,0
2011-03-31,7,0.0,5.0,0.0,2.0,3.0205398512553074,0.00016106945440697018,0.013093306890368587,0.001618178864191531,7
2011-04-01,2,0.0,2.0,0.0,0.0,1.0427443608641624,5.144617898622528e-05,7.939677016111091e-05,2.88463070319267e-05,2
2011-04-02,9,1.0,7.0,0.0,1.0,3.904565328615717,1.743543113774649,0.07617383562592293,0.0029048524702374864,5
2011-04-03,0,,,,,0.0,0.0,0.0,0.0,0
2011-04-04,1,0.0,1.0,0.0,0.0,0.0021974567789584,0.0001118064610636,3.8286903873085976e-05,1.2429791240720078e-05,1
2011-04-05,3,0.0,1.0,1.0,1.0,0.881860746012535,0.0013086845810903439,0.954899811238647,0.1381274636723901,3
2011-04-06,0,,,,,0.0,0.0,0.0,0.0,0
2011-04-07,8,0.0,5.0,1.0,2.0,3.5448761123261647,0.03770206783065059,1.9362907804734275,0.1383318438583956,8
2011-04-08,3,0.0,2.0,0.0,1.0,1.8804865309502927,9.330577995569911e-05,0.9217009122985473,6.647496502409922e-05,3
2011-04-09,2,0.0,2.0,0.0,0.0,0.0839991730754263,4.0337761674891226e-05,8.212063585233409e-05,2.8268431378819514e-05,2
2011-04-10,0,,,,,0.0,0.0,0.0,0.0,0
2011-04-11,14,2.0,9.0,2.0,1.0,2.3148334735105887,1.01903414724984,0.929778881592938,0.10234640364706132,10
2011-04-12,0,,,,,0.0,0.0,0.0,0.0,0
2011-04-13,0,,,,,0.0,0.0,0.0,0.0,0
2011-04-14,3,1.0,2.0,0.0,0.0,0.841085805397597,0.11094433683047092,6.803674659749959e-05,4.598170289682457e-05,3
2011-04-15,1,0.0,1.0,0.0,0.0,3.547148298821412e-05,1.6124349713209085e-05,2.2033420464140363e-05,1.639785841689445e-05,1
2011-04-16,6,0.0,1.0,4.0,1.0,0.9182123177160973,9.820223203860223e-05,0.9974896245348646,0.86454634270558,5
2011-04-17,0,,,,,0.0,0.0,0.0,0.0,0
2011-04-18,0,,,,,0.0,0.0,0.0,0.0,0
2011-04-19,4,0.0,3.0,0.0,1.0,0.9980474310141288,0.0006150216104288,0.961710222522015,5.800287726742681e-05,3
2011-04-20,11,1.0,5.0,0.0,5.0,3.9029574033393146,0.00022137090309115592,1.337487479648189,0.0001542550107842544,5
2011-04-21,6,0.0,2.0,3.0,1.0,0.9115901483201013,0.00011871574952238007,0.05969899874980895,0.41859815916177445,6
2011-04-22,3,0.0,1.0,2.0,0.0,0.05774298195319701,5.880297885596519e-05,0.00042565933290459327,0.1495091725200836,3
2011-04-23,2,0.0,2.0,0.0,0.0,1.9970141649246216,5.665585558745079e-05,4.315489604778122e-05,3.237745022488525e-05,2
2011-04-24,0,,,,,0.0,0.0,0.0,0.0,0
2011-04-25,2,0.0,0.0,0.0,2.0,0.090839859098196,4.1938797949114814e-05,1.2233820855617523,2.5964865017158445e-05,2
2011-04-26,23,1.0,6.0,5.0,11.0,1.0426832573930365,0.08110098800534607,3.414250217584595,0.053955214239067205,17
2011-04-27,13,0.0,7.0,1.0,5.0,1.0414622579864952,0.0021218514657447385,2.9380856397228854,0.022096059947216366,11
2011-04-28,1,0.0,1.0,0.0,0.0,0.2679294645786285,1.9255994629929774e-05,1.6884887372725643e-05,1.3439917893265374e-05,1
2011-04-29,2,0.0,2.0,0.0,0.0,0.1352597996592521,0.0002563953239586,0.00018255987379232552,3.6518395063467324e-05,2
2011-04-30,2,0.0,2.0,0.0,0.0,0.9715652150862297,4.627093221643008e-05,9.98608174995752e-05,3.0350057386385743e-05,2
2011-05-01,0,,,,,0.0,0.0,0.0,0.0,0
2011-05-02,2,0.0,2.0,0.0,0.0,1.997338354587555,6.683172250632197e-05,3.715839920914732e-05,3.184005254297517e-05,2
2011-05-03,13,0.0,12.0,0.0,1.0,10.583668853447307,0.0004757465958391549,0.9989702243528882,0.00023224439155455912,13
2011-05-04,3,0.0,3.0,0.0,0.0,1.9981701469805555,7.880039447627496e-05,5.641361349262297e-05,7.313668538699858e-05,3
2011-05-05,2,0.0,1.0,0.0,1.0,0.9599913801575894,4.0896771679399535e-05,0.001149476756836428,0.0001454296243536785,2
2011-05-06,4,0.0,1.0,1.0,2.0,0.0010722986626204639,6.928679613338318e-05,0.003470088373432995,0.12547743572304162,4
2011-05-07,2,0.0,1.0,1.0,0.0,0.8631005794850353,3.8896463593118824e-05,0.2588071419404514,3.1109504561754875e-05,1
2011-05-08,0,,,,,0.0,0.0,0.0,0.0,0
2011-05-09,3,0.0,2.0,0.0,1.0,1.109621506242547,7.777636710670777e-05,0.07188703373867597,4.5221468099043705e-05,3
2011-05-10,5,0.0,1.0,3.0,1.0,0.9994908900262088,9.355128895549569e-05,0.9971553504701659,0.3183819781252167,5
2011-05-11,2,0.0,2.0,0.0,0.0,0.9934834661544301,4.009400072391145e-05,0.0001057156259776093,0.00012237150440339728,2
2011-05-12,1,0.0,1.0,0.0,0.0,0.0001855814771261,1.4527108760375995e-05,3.943203410017304e-05,6.1018974520266056e-05,1
2011-05-13,16,0.0,16.0,0.0,0.0,13.824552586302161,0.0005503642405528808,0.007475212449207852,0.00030219569816836156,16
2011-05-14,14,2.0,6.0,4.0,2.0,4.975563576881541,0.9732534384074822,0.8682407990690989,0.34860081403439813,13
2011-05-15,0,,,,,0.0,0.0,0.0,0.0,0
2011-05-16,12,0.0,4.0,2.0,6.0,1.0122285579400339,0.006249254895919816,0.9189755879251602,0.2763430048371446,12
2011-05-17,6,0.0,3.0,2.0,1.0,1.0485320148836763,0.0001186896588478703,1.0551496402149496,0.8483180059256483,5
2011-05-18,10,0.0,6.0,1.0,3.0,1.865710825327369,0.0033485486292192204,0.933834354126702,0.1410789753908829,7
2011-05-19,6,1.0,3.0,0.0,2.0,1.0059608606825348,0.9304172733227458,1.9550159114678534,8.538382735423511e-05,5
2011-05-20,1,0.0,0.0,0.0,1.0,0.0002718025352805,2.327973925275728e-05,0.005139379762113,1.4575795830751304e-05,1
2011-05-21,1,0.0,1.0,0.0,0.0,0.9948443174362184,0.0003879313007928,0.4327985346317291,1.7838834537542425e-05,1
2011-05-22,0,,,,,0.0,0.0,0.0,0.0,0
2011-05-23,3,1.0,2.0,0.0,0.0,1.0033779426885303,0.9621481274898542,6.0489830502774566e-05,4.6017136810405646e-05,1
2011-05-24,2,0.0,1.0,0.0,1.0,0.18325408175587649,0.00010545528857619502,0.0329561790131264,2.7712197152141016e-05,2
2011-05-25,1,0.0,1.0,0.0,0.0,0.0339096300303936,0.0003186843532603,0.0003393619554117,1.488542966399109e-05,1
2011-05-26,3,0.0,2.0,1.0,0.0,0.9943346874206326,6.759108873666264e-05,0.00010209379979642108,0.002165720454286145,3
2011-05-27,4,0.0,4.0,0.0,0.0,1.1522789932787416,0.0001320541796303587,0.00013625570682052057,8.036863073357381e-05,4
2011-05-28,4,0.0,3.0,0.0,1.0,0.012376174936434678,0.003983802309448853,0.18965811327234405,8.404850541410269e-05,4
2011-05-29,0,,,,,0.0,0.0,0.0,0.0,0
2011-05-30,32,2.0,7.0,7.0,16.0,2.181154141964725,0.47662271864919575,3.059726574696469,0.20446998330226024,31
2011-05-31,16,0.0,9.0,4.0,3.0,6.092787674308056,0.0027859099882333303,1.6529311159683855,0.33091037952726754,13
2011-06-01,3,0.0,2.0,0.0,1.0,0.00351380332358521,0.0001635701701161423,0.05871729125828997,4.616381283994997e-05,2
2011-06-02,2,0.0,2.0,0.0,0.0,0.00017876163474284112,3.3937532862182707e-05,4.2351457523182034e-05,2.535763633204624e-05,2
2011-06-03,9,0.0,8.0,0.0,1.0,6.068764989948249,0.00027897284053324256,0.008016648973352719,0.00016560623953409959,9
2011-06-04,5,0.0,2.0,1.0,2.0,1.000741086092603,0.00016997899911075365,0.002775032828139795,0.0017352578970530282,5
2011-06-05,0,,,,,0.0,0.0,0.0,0.0,0
2011-06-06,0,,,,,0.0,0.0,0.0,0.0,0
2011-06-07,0,,,,,0.0,0.0,0.0,0.0,0
2011-06-08,7,0.0,3.0,2.0,2.0,2.033802023048338,0.0005011363973607969,1.9437546813014706,0.9577131166133768,7
2011-06-09,7,3.0,2.0,1.0,1.0,0.015315781241952061,0.971793933605113,0.002568179930676672,0.002377830510340454,7
2011-06-10,4,0.0,4.0,0.0,0.0,2.2010309025645256,0.0001390179149893811,0.004088541279998008,6.870904417155543e-05,4
2011-06-11,8,0.0,5.0,0.0,3.0,2.879052629625221,0.0011844901355288354,2.0280968981824117,0.00015414955760206794,8
2011-06-12,0,,,,,0.0,0.0,0.0,0.0,0
2011-06-13,12,0.0,11.0,1.0,0.0,9.18150176666677,0.00046497029507007904,0.0005719116597901313,0.1522389990514056,12
2011-06-14,4,0.0,3.0,0.0,1.0,0.9941427636513251,0.01713617065433925,0.9865392079464073,9.031798799696844e-05,4
2011-06-15,8,0.0,6.0,0.0,2.0,4.02358162575365,0.00040227272984330977,1.0058168374744128,0.00013225997190602357,8
2011-06-16,7,0.0,5.0,0.0,2.0,0.9690892604994585,0.0021024003854107935,1.9767760989325325,0.00013312660394149134,6
2011-06-17,3,0.0,3.0,0.0,0.0,2.3796195685863495,0.00012260899529792368,6.461795237555634e-05,6.186092468851712e-05,3
2011-06-18,6,1.0,1.0,1.0,3.0,0.96267896023528,0.03399223803626222,1.354150197485069,0.044002643972817154,2
2011-06-19,0,,,,,0.0,0.0,0.0,0.0,0
2011-06-20,3,1.0,2.0,0.0,0.0,1.0532720144838095,0.9862437313804548,8.870991405274253e-05,4.47946586064063e-05,3
2011-06-21,3,0.0,3.0,0.0,0.0,1.4134028758853674,7.745228685962502e-05,7.449150871252641e-05,7.033341989881592e-05,3
2011-06-22,4,1.0,2.0,1.0,0.0,1.0398614264213393,9.081590360437986e-05,0.0073053844444075314,0.0087306873556372,3
2011-06-23,10,2.0,2.0,0.0,6.0,0.009167296388113573,1.9563945982035875,2.8390250430038573,0.00013171895443520043,10
2011-06-24,6,0.0,5.0,0.0,1.0,4.97703067879047,0.0003692732752824453,0.9901523636963248,0.004510089836912792,6
2011-06-25,1,0.0,1.0,0.0,0.0,0.0056855930015444,0.0003099585883319,0.0001454907178413,1.4057809494261164e-05,1
2011-06-26,0,,,,,0.0,0.0,0.0,0.0,0
2011-06-27,6,0.0,2.0,1.0,3.0,1.9812276848242616,0.00021896944417676423,1.1379664144405979,0.18871386852515568,4
2011-06-28,10,0.0,2.0,3.0,5.0,0.5107245433118803,0.0037332805859477077,3.321397936027097,0.34210894660191105,6
2011-06-29,7,0.0,2.0,3.0,2.0,0.013005664757656455,0.00014126311089057708,1.141091525482807,2.2248605967379262,4
2011-06-30,8,0.0,3.0,3.0,2.0,0.339733720415097,0.0007640162793904101,1.7448303904011482,0.03840140114607481,8
2011-07-01,4,0.0,4.0,0.0,0.0,3.994895279407501,0.000198554993403377,7.731976256764028e-05,7.015348637651186e-05,4
2011-07-02,2,0.0,2.0,0.0,0.0,0.0002584311077953016,3.7045410863356665e-05,4.485176032176241e-05,5.0217808166053146e-05,2
2011-07-03,0,,,,,0.0,0.0,0.0,0.0,0
2011-07-04,0,,,,,0.0,0.0,0.0,0.0,0
2011-07-05,6,0.0,3.0,2.0,1.0,1.224861061820775,0.00013772139482171042,0.001876010983323722,0.0054457172955153475,6
2011-07-06,3,0.0,2.0,1.0,0.0,1.995366743998602,6.579548971785698e-05,9.692587263998576e-05,0.0068970369175075,2
2011-07-07,2,0.0,1.0,0.0,1.0,0.0029284035117597288,4.176749916950939e-05,0.04772754562145556,2.660062727954937e-05,2
2011-07-08,4,0.0,3.0,1.0,0.0,0.003313269842692498,0.00011076685041189194,7.437989097525133e-05,8.279343364847591e-05,0
2011-07-09,5,0.0,3.0,1.0,1.0,0.059078179667267104,0.00040656274723001697,0.9931314002624277,0.13817673790163093,5
2011-07-10,0,,,,,0.0,0.0,0.0,0.0,0
2011-07-11,8,1.0,7.0,0.0,0.0,4.7175377467647195,0.9841636468809156,0.00019372444148757495,0.00013276352274260717,8
2011-07-12,4,0.0,4.0,0.0,0.0,3.9340199828147893,8.819081631372683e-05,0.0001101131274481304,6.520302122225985e-05,4
2011-07-13,3,0.0,3.0,0.0,0.0,0.00043750251825254937,5.233352931099944e-05,4.449650259630289e-05,3.796697910729563e-05,3
2011-07-14,5,1.0,2.0,0.0,2.0,1.0661427903232834,0.0006375049724737199,0.0007988149554875305,0.00021701729474437668,4
2011-07-15,1,0.0,1.0,0.0,0.0,0.98835551738739,2.7423702704254534e-05,3.189521885360591e-05,1.8293070752406493e-05,1
2011-07-16,6,1.0,2.0,1.0,2.0,1.0052896858069287,0.9397303980795185,1.8708548148624686,0.008812360394585992,6
2011-07-17,0,,,,,0.0,0.0,0.0,0.0,0
2011-07-18,6,0.0,3.0,0.0,3.0,0.9336440754777867,0.06070991301294255,1.1491354908230278,8.411642011196818e-05,6
2011-07-19,7,0.0,6.0,0.0,1.0,4.130321453809302,0.00025394272233816764,0.9916967210920121,0.00011012546929123346,7
2011-07-20,3,0.0,3.0,0.0,0.0,2.9966989159584045,5.849945046065841e-05,4.670460657507647e-05,4.6451874368358403e-05,3
2011-07-21,7,0.0,5.0,2.0,0.0,3.5838418664643537,0.01705626902821671,0.0006965842258068551,0.012946546496095675,7
2011-07-22,8,1.0,4.0,1.0,2.0,0.013003684674003901,0.9873704881538288,0.0008068700044531388,0.0037034297738500165,8
2011-07-23,4,0.0,4.0,0.0,0.0,2.071122102439403,0.005906719956328573,0.00046108428250590496,5.70290612813551e-05,4
2011-07-24,0,,,,,0.0,0.0,0.0,0.0,0
2011-07-25,0,,,,,0.0,0.0,0.0,0.0,0
2011-07-26,0,,,,,0.0,0.0,0.0,0.0,0
2011-07-27,3,0.0,1.0,1.0,1.0,0.0018318088805244633,0.0001700106040515943,0.9545416785676933,0.9311088629292499,3
2011-07-28,2,0.0,1.0,0.0,1.0,1.0023763384670017,0.00010802390715980437,0.9359439950021624,3.385933450772427e-05,2
2011-07-29,4,1.0,3.0,0.0,0.0,0.5667807964127859,0.06361495811324852,0.001792730759916576,0.0015697229900978648,4
2011-07-30,1,0.0,1.0,0.0,0.0,0.0541939549148082,0.00231041200459,0.0024336723145097,1.4666807146568315e-05,1
2011-07-31,0,,,,,0.0,0.0,0.0,0.0,0
2011-08-01,3,1.0,1.0,0.0,1.0,0.0038457865775853067,0.17697474278611477,5.351496656658128e-05,4.5888770728197414e-05,0
2011-08-02,7,1.0,5.0,0.0,1.0,1.441862275387393,0.6223717745879184,0.5412978496769938,0.00010604688850435195,3
2011-08-03,5,0.0,5.0,0.0,0.0,2.0333696492016315,0.00241485865444692,0.0025701798713270445,7.94648376540863e-05,5
2011-08-04,0,,,,,0.0,0.0,0.0,0.0,0
2011-08-05,2,0.0,2.0,0.0,0.0,1.9933720231056213,5.011989742342848e-05,3.1949331969372e-05,3.2565458241151646e-05,2
2011-08-06,8,0.0,3.0,0.0,5.0,1.917959670707205,0.000288670377813105,2.0876059502952553,0.0005246574983175281,5
2011-08-07,0,,,,,0.0,0.0,0.0,0.0,0
2011-08-08,5,0.0,2.0,1.0,2.0,0.9730130108055162,0.00011002598876075353,0.8663084599211288,0.0005604290518021871,4
2011-08-09,6,0.0,2.0,1.0,3.0,0.3334272177235104,0.0014703885581183525,1.122840836191244,0.0073208314406655595,6
2011-08-10,3,0.0,1.0,1.0,1.0,0.9558965240139511,0.0005013990412407164,0.9878579438518498,0.7907409293920864,3
2011-08-11,0,,,,,0.0,0.0,0.0,0.0,0
2011-08-12,5,2.0,1.0,0.0,2.0,1.180994733062107,0.017941271378731298,0.9936819855538489,9.282678729505278e-05,5
2011-08-13,1,0.0,1.0,0.0,0.0,0.0001626810553716,2.1273855963954705e-05,1.3931867215433158e-05,1.30563175844145e-05,1
2011-08-14,0,,,,,0.0,0.0,0.0,0.0,0
2011-08-15,2,0.0,0.0,1.0,1.0,0.8934249160447507,0.0003238604895159066,0.9534960999772011,0.00031085346654433305,2
2011-08-16,0,,,,,0.0,0.0,0.0,0.0,0
2011-08-17,0,,,,,0.0,0.0,0.0,0.0,0
2011-08-18,0,,,,,0.0,0.0,0.0,0.0,0
2011-08-19,1,0.0,1.0,0.0,0.0,0.0004255865060258,1.696719482424669e-05,2.2052739950595424e-05,1.2476968549890444e-05,1
2011-08-20,0,,,,,0.0,0.0,0.0,0.0,0
2011-08-21,0,,,,,0.0,0.0,0.0,0.0,0
2011-08-22,3,0.0,1.0,0.0,2.0,0.0009457527194171,6.544909592776094e-05,1.9990637103164772,5.2144752771710046e-05,3
2011-08-23,0,,,,,0.0,0.0,0.0,0.0,0
2011-08-24,1,0.0,1.0,0.0,0.0,0.0002844695409294,1.9036213416256945e-05,1.355573385808384e-05,1.2253021850483492e-05,1
2011-08-25,1,0.0,1.0,0.0,0.0,0.9346601963043212,3.249765359214507e-05,3.171683783875778e-05,1.622165655135177e-05,1
2011-08-26,1,0.0,1.0,0.0,0.0,0.0003852165536954,2.1455298337969e-05,1.435442845831858e-05,1.2758847333316226e-05,1
2011-08-27,1,0.0,0.0,1.0,0.0,0.0004373957635834,1.5927298591122963e-05,1.6034644431783818e-05,0.0683431029319763,1
2011-08-28,0,,,,,0.0,0.0,0.0,0.0,0
2011-08-29,2,0.0,0.0,0.0,2.0,0.004175684611254803,9.547412628307939e-05,0.050786024221451904,3.085300340899266e-05,2
2011-08-30,1,0.0,0.0,0.0,1.0,0.0020966508891433,1.952915226866025e-05,0.6012860536575317,1.3978720744489692e-05,1
2011-08-31,1,0.0,0.0,0.0,1.0,1.913081359816715e-05,1.8664584786165506e-05,0.0002753682201728,1.5405383237521164e-05,1
2011-09-01,2,0.0,1.0,0.0,1.0,0.006450730230426368,3.4563143344712444e-05,0.8441076640920073,2.573219626356149e-05,2
2011-09-02,0,,,,,0.0,0.0,0.0,0.0,0
2011-09-03,1,1.0,0.0,0.0,0.0,6.030370059306733e-05,0.0010763015598058,2.2742753571947105e-05,1.4101501619734336e-05,1
2011-09-04,0,,,,,0.0,0.0,0.0,0.0,0
2011-09-05,1,0.0,1.0,0.0,0.0,0.9923208355903624,2.476591180311516e-05,4.036538666696288e-05,1.6919479094212875e-05,1
2011-09-06,0,,,,,0.0,0.0,0.0,0.0,0
2011-09-07,0,,,,,0.0,0.0,0.0,0.0,0
2011-09-08,3,0.0,2.0,0.0,1.0,1.2912332355044782,0.00022793047537554456,0.8885809048315423,5.166565915715182e-05,3
2011-09-09,0,,,,,0.0,0.0,0.0,0.0,0
2011-09-10,1,0.0,1.0,0.0,0.0,0.0004284984897822,3.303012272226624e-05,2.0232639144524e-05,2.079946716548875e-05,1
2011-09-11,0,,,,,0.0,0.0,0.0,0.0,0
2011-09-12,1,0.0,1.0,0.0,0.0,0.0001038865011651,1.9653603885672052e-05,1.3504851267498452e-05,1.2392371900205036e-05,1
2011-09-13,2,0.0,1.0,0.0,1.0,0.0001262190835404908,3.80330893676728e-05,0.002398025738329982,2.790070175251458e-05,2
2011-09-14,0,,,,,0.0,0.0,0.0,0.0,0
2011-09-15,2,0.0,1.0,1.0,0.0,0.9867880309611791,4.87686402266263e-05,0.0003981245026807079,0.13811750097374895,2
2011-09-16,0,,,,,0.0,0.0,0.0,0.0,0
2011-09-17,10,1.0,4.0,0.0,5.0,1.040673386532944,0.016638500071166854,3.3147425300649047,0.00017177688096126076,10
2011-09-18,0,,,,,0.0,0.0,0.0,0.0,0
2011-09-19,2,0.0,1.0,0.0,1.0,0.000787563585618024,0.00015683146557418434,0.2409474760133889,3.469643070275197e-05,2
2011-09-20,6,0.0,5.0,0.0,1.0,3.983001901753596,0.00015870431161602028,0.04462033589334166,0.0019334973294461572,6
2011-09-21,2,0.0,1.0,0.0,1.0,0.9490116298184148,4.700645149569027e-05,0.9265008005313576,2.720948486967245e-05,2
2011-09-22,8,1.0,6.0,0.0,1.0,4.258303786627948,0.20983206459277412,0.980199016707047,0.01194581695926896,8
2011-09-23,2,0.0,1.0,0.0,1.0,0.9905594063748138,7.746624396531843e-05,0.8913875424386788,0.011007794249962857,2
2011-09-24,7,1.0,3.0,1.0,2.0,1.9994481549092598,0.05551311785438876,0.3640456295324837,0.1392591995900147,6
2011-09-25,0,,,,,0.0,0.0,0.0,0.0,0
2011-09-26,1,0.0,1.0,0.0,0.0,0.129231572151184,2.3122711354517375e-05,2.011641481658444e-05,1.38308805617271e-05,1
2011-09-27,5,0.0,2.0,0.0,3.0,2.9716097386553884,0.007390439654045443,2.9917347862719907,0.00016895241697056917,5
2011-09-28,0,,,,,0.0,0.0,0.0,0.0,0
2011-09-29,0,,,,,0.0,0.0,0.0,0.0,0
2011-09-30,2,0.0,1.0,0.0,1.0,0.9509105226770771,3.880293661495671e-05,0.0001426871385774324,3.0684876946907025e-05,2
2011-10-01,3,0.0,0.0,0.0,3.0,0.0033596169669180623,8.438299846602604e-05,2.978395104408264,4.8362270717916545e-05,3
2011-10-02,0,,,,,0.0,0.0,0.0,0.0,0
2011-10-03,5,0.0,3.0,0.0,2.0,2.8941184828399855,0.001046482857418461,0.1100403078598901,0.9446149011819217,4
2011-10-04,2,0.0,2.0,0.0,0.0,0.9991572917497249,8.376960795430932e-05,3.749962525034789e-05,2.691992267500609e-05,2
2011-10-05,0,,,,,0.0,0.0,0.0,0.0,0
2011-10-06,7,1.0,1.0,0.0,5.0,1.009453994605792,0.9391944744738794,1.8922927239964336,0.0001043938018483459,7
2011-10-07,0,,,,,0.0,0.0,0.0,0.0,0
2011-10-08,5,0.0,4.0,1.0,0.0,2.0116690300783375,0.00010480917262611911,0.00012831361891585402,0.14641426837897592,5
2011-10-09,0,,,,,0.0,0.0,0.0,0.0,0
2011-10-10,0,,,,,0.0,0.0,0.0,0.0,0
2011-10-11,8,0.0,5.0,0.0,3.0,2.0401145157266,0.00041274115937993714,0.30810757461313165,0.00013132431195117533,7
2011-10-12,2,0.0,1.0,0.0,1.0,0.998777156928554,5.321691605786327e-05,0.9834582511430199,3.177353755745571e-05,2
2011-10-13,16,0.0,12.0,0.0,4.0,9.980225986160804,0.016823011961605003,3.9608674924802467,0.00030934461028664373,16
2011-10-14,2,0.0,1.0,0.0,1.0,0.2330648084116546,4.466164864425082e-05,0.9303283856806958,2.861150096578058e-05,2
2011-10-15,4,0.0,3.0,0.0,1.0,2.8885986678069457,9.162557034869678e-05,0.9539654620693908,7.175786777224857e-05,4
2011-10-16,0,,,,,0.0,0.0,0.0,0.0,0
2011-10-17,16,0.0,4.0,1.0,11.0,0.026057703714286458,0.0030570760891350073,1.1443877206947943,0.003383129451321884,16
2011-10-18,11,0.0,1.0,1.0,9.0,0.04414117614214724,0.00024230567396443803,8.590732658288289,0.041227923157748585,11
2011-10-19,3,1.0,1.0,0.0,1.0,0.035335613923962006,0.07281244685691488,0.9659597292666149,8.060364416451193e-05,1
2011-10-20,4,0.0,2.0,0.0,2.0,0.29546644088259194,0.0009917516763378955,0.9235960484547832,8.324241844093194e-05,4
2011-10-21,0,,,,,0.0,0.0,0.0,0.0,0
2011-10-22,7,0.0,3.0,0.0,4.0,1.9154478410000588,0.004729527132439897,3.0793326556222382,0.00018108298536390066,7
2011-10-23,0,,,,,0.0,0.0,0.0,0.0,0
2011-10-24,1,0.0,0.0,0.0,1.0,0.0137837566435337,0.0003127195814158,0.0259084720164537,1.3685296835319605e-05,1
2011-10-25,4,0.0,2.0,0.0,2.0,0.8768198214238508,0.00014965796071919613,0.4342210683971642,5.8253962379239965e-05,4
2011-10-26,6,1.0,2.0,1.0,2.0,1.1077742647612465,0.9173546655511016,0.03909903636576919,0.00565181099227621,6
2011-10-27,4,1.0,1.0,0.0,2.0,0.0692329694284124,0.926692522087251,0.9980180079346609,5.7935226323024835e-05,3
2011-10-28,7,1.0,4.0,1.0,1.0,3.197572857954583,0.0783164859931274,0.671599822340795,0.010008365048633795,7
2011-10-29,5,1.0,2.0,0.0,2.0,1.534273745783139,0.9500412745182983,1.9611948809088062,7.364550310740015e-05,5
2011-10-30,0,,,,,0.0,0.0,0.0,0.0,0
2011-10-31,9,0.0,6.0,1.0,2.0,4.222131657372302,0.0004712206118709539,1.0557867352963513,0.0685023551695849,9
2011-11-01,0,,,,,0.0,0.0,0.0,0.0,0
2011-11-02,7,1.0,0.0,1.0,5.0,0.06869609082241358,0.934916756241364,2.098478732251351,0.00012836028054152848,7
2011-11-03,0,,,,,0.0,0.0,0.0,0.0,0
2011-11-04,6,2.0,2.0,0.0,2.0,0.6759198290528728,0.004397313907247595,0.08341424964237355,0.0012304409974602645,6
2011-11-05,1,0.0,0.0,0.0,1.0,1.4431045201490631e-05,1.628178324608598e-05,0.9055824875831604,1.2439158126653638e-05,0
2011-11-06,0,,,,,0.0,0.0,0.0,0.0,0
2011-11-07,2,0.0,1.0,0.0,1.0,0.0003755046309378565,7.58746755309403e-05,8.287010496133007e-05,0.00018707279741646916,2
2011-11-08,8,1.0,5.0,0.0,2.0,0.9287610473893435,0.002323996917766465,0.008367488053408804,0.0001705831782601308,3
2011-11-09,1,0.0,1.0,0.0,0.0,0.0257872156798839,0.0041731125675141,3.3670981792965904e-05,3.245415791752748e-05,1
2011-11-10,4,0.0,3.0,1.0,0.0,0.0033057746622942,0.00028694233878918246,0.0002445872341922333,0.0010490933364053225,4
2011-11-11,8,0.0,7.0,0.0,1.0,7.242433279752731,0.00042904600013568187,0.9818775965341046,0.0046993115138320544,8
2011-11-12,0,,,,,0.0,0.0,0.0,0.0,0
2011-11-13,0,,,,,0.0,0.0,0.0,0.0,0
2011-11-14,2,0.0,0.0,0.0,2.0,0.011362534423824299,0.0006194646848598116,0.0238274975854437,2.698349089769181e-05,2
2011-11-15,5,1.0,2.0,0.0,2.0,1.6947519893510616,0.9528799783402065,0.9752782141658827,8.024347607715754e-05,5
2011-11-16,5,1.0,3.0,0.0,1.0,1.0263096205890176,0.9639266980784669,0.0008177488916770893,7.318426014535362e-05,4
2011-11-17,8,0.0,3.0,1.0,4.0,1.0148173776688052,0.00026985468412021874,3.6168469927361,0.006352086000333574,8
2011-11-18,4,0.0,4.0,0.0,0.0,2.9888439550995827,0.00017150017265521456,0.0001096933974622516,7.943300443002954e-05,4
2011-11-19,3,0.0,2.0,0.0,1.0,0.9909518416970967,0.01831002138351317,1.000477048452012,5.051081370766042e-05,3
2011-11-20,0,,,,,0.0,0.0,0.0,0.0,0
2011-11-21,0,,,,,0.0,0.0,0.0,0.0,0
2011-11-22,2,0.0,1.0,1.0,0.0,0.0005854397386428293,3.7717663872172125e-05,3.274485152360285e-05,0.07158674700167458,0
2011-11-23,2,0.0,1.0,0.0,1.0,0.9275691920192911,5.793463969894219e-05,0.0149336442991625,2.8666464459092822e-05,2
2011-11-24,2,0.0,1.0,0.0,1.0,0.9887987263500692,5.3322446547099396e-05,0.07597907125273193,2.758059144980507e-05,2
2011-11-25,0,,,,,0.0,0.0,0.0,0.0,0
2011-11-26,8,0.0,6.0,1.0,1.0,1.154893529210312,0.0018109942921000475,0.0006065107018002175,0.0029617425443574695,6
2011-11-27,0,,,,,0.0,0.0,0.0,0.0,0
2011-11-28,1,0.0,1.0,0.0,0.0,0.9930426478385924,2.330171628273092e-05,5.74834193685092e-05,1.5952966350596398e-05,1
2011-11-29,3,0.0,3.0,0.0,0.0,1.0001042652438625,6.232230862224242e-05,0.0003861454461002413,5.9921513638983015e-05,3
2011-11-30,4,0.0,3.0,1.0,0.0,1.1854096967435908,0.006010603325194042,0.00017716066940914882,0.0036175705108688534,4
2011-12-01,4,0.0,2.0,1.0,1.0,0.9025948357011656,6.76847394061042e-05,0.9267677830239337,0.002902254514992754,4
2011-12-02,4,0.0,3.0,0.0,1.0,1.997110147261992,0.0024170415763363896,0.08872918088127331,8.885215902409982e-05,4
2011-12-03,4,0.0,2.0,1.0,1.0,1.0000973766873356,0.006377428065206867,0.9885268913931214,0.0290443355897877,4
2011-12-04,0,,,,,0.0,0.0,0.0,0.0,0
2011-12-05,10,0.0,5.0,1.0,4.0,3.353123034314194,0.00034212981881864835,3.0048961474949465,0.0021273302954794757,10
2011-12-06,0,,,,,0.0,0.0,0.0,0.0,0
2011-12-07,0,,,,,0.0,0.0,0.0,0.0,0
2011-12-08,0,,,,,0.0,0.0,0.0,0.0,0
2011-12-09,2,0.0,0.0,2.0,0.0,0.00037029988016,3.152913996018469e-05,3.55474967363989e-05,0.2383230546547564,1
2011-12-10,2,0.0,0.0,2.0,0.0,0.000113292127934983,2.9751276997558307e-05,0.0008368586422875,0.3267257511615752,2
2011-12-11,0,,,,,0.0,0.0,0.0,0.0,0
2011-12-12,3,0.0,1.0,0.0,2.0,0.9876769997244991,0.00011469243327155709,0.009188956173602391,4.206779067317257e-05,3
2011-12-13,1,0.0,0.0,0.0,1.0,4.582888868753798e-05,2.7809988750959747e-05,4.83241856272798e-05,1.3463283721648622e-05,1
2011-12-14,5,2.0,2.0,1.0,0.0,0.0403873663453849,0.993650123223233,0.00025501168147450104,0.032087731116916936,5
2011-12-15,4,0.0,3.0,0.0,1.0,1.0800322311697526,0.001124288361097545,0.9959728045796509,0.0007341526243180844,4
2011-12-16,0,,,,,0.0,0.0,0.0,0.0,0
2011-12-17,4,0.0,4.0,0.0,0.0,3.9722564816474915,9.81599423539592e-05,0.00010371371718065348,6.43030080027529e-05,4
2011-12-18,0,,,,,0.0,0.0,0.0,0.0,0
2011-12-19,6,0.0,6.0,0.0,0.0,2.7045933024128317,0.0009704124549898327,0.001163893499324232,9.301900627178838e-05,6
2011-12-20,7,0.0,5.0,0.0,2.0,3.7353294402400934,0.00018136808284907602,0.07144140427044454,0.00010066561753774295,7
2011-12-21,1,0.0,1.0,0.0,0.0,7.91722850408405e-05,2.7424835934652947e-05,2.301900713064242e-05,1.569382948218845e-05,0
2011-12-22,5,0.0,3.0,1.0,1.0,2.0441885760519654,0.0007127418903109293,0.9396961056172585,0.09113917005743132,4
2011-12-23,3,0.0,1.0,0.0,2.0,0.9892203407653142,6.102321640355512e-05,0.014561024494469,4.355064083938487e-05,3
2011-12-24,2,0.0,0.0,1.0,1.0,0.0017132091452367,4.5662209231522866e-05,0.1919484971549536,0.0055441614331356555,2
2011-12-25,0,,,,,0.0,0.0,0.0,0.0,0
2011-12-26,11,2.0,7.0,1.0,1.0,3.0017863375933302,0.013128790999871619,0.013562688180172403,0.010331226857488135,11
2011-12-27,3,0.0,0.0,0.0,3.0,0.07201131118199544,0.0003218572919649379,1.2689917874522505,0.001559351118885297,3
2011-12-28,11,0.0,5.0,0.0,6.0,3.869660548390129,0.00031818883599044057,1.1373534083995762,0.0001972415320778964,11
2011-12-29,2,0.0,2.0,0.0,0.0,0.9383964287117122,4.2275001760572195e-05,5.172010241949465e-05,0.012750046491419158,2
2011-12-30,0,,,,,0.0,0.0,0.0,0.0,0
2011-12-31,3,0.0,1.0,0.0,2.0,0.005664996475388677,5.705285366275348e-05,0.2993415016298967,4.055949830217287e-05,3
2012-01-01,0,,,,,0.0,0.0,0.0,0.0,0
2012-01-02,5,0.0,5.0,0.0,0.0,2.543008472712245,0.012810091921892277,0.001184787917736598,8.525708835804835e-05,5
2012-01-03,3,1.0,1.0,1.0,0.0,0.0024771618191152026,0.9721266145006666,0.00011863394956890261,0.02693471238671917,3
2012-01-04,1,1.0,0.0,0.0,0.0,1.695145692792721e-05,2.5833498511929065e-05,1.7219523215317167e-05,1.31490651256172e-05,1
2012-01-05,0,,,,,0.0,0.0,0.0,0.0,0
2012-01-06,0,,,,,0.0,0.0,0.0,0.0,0
2012-01-07,0,,,,,0.0,0.0,0.0,0.0,0
2012-01-08,0,,,,,0.0,0.0,0.0,0.0,0
2012-01-09,0,,,,,0.0,0.0,0.0,0.0,0
2012-01-10,3,0.0,2.0,0.0,1.0,0.0021924619504715,0.00036768079098690315,0.08610304310968779,4.4182796955283266e-05,3
2012-01-11,3,0.0,1.0,1.0,1.0,0.0717951692931817,0.002080102596664744,0.9585450924796531,0.04218883212342911,3
2012-01-12,1,0.0,0.0,0.0,1.0,0.05572946742177,2.279504951729905e-05,0.2679822444915771,1.3457462955557276e-05,1
2012-01-13,0,,,,,0.0,0.0,0.0,0.0,0
2012-01-14,2,0.0,1.0,0.0,1.0,0.7227128573576919,3.919675145880319e-05,0.9351261777446779,0.00012128937942173262,2
2012-01-15,0,,,,,0.0,0.0,0.0,0.0,0
2012-01-16,5,0.0,4.0,0.0,1.0,1.9919175784962133,0.00016792421047284734,0.009394413628797242,7.056954837025842e-05,5
2012-01-17,0,,,,,0.0,0.0,0.0,0.0,0
2012-01-18,7,1.0,6.0,0.0,0.0,4.055781738716178,0.3494367374914873,0.004305623589971196,0.0016619780717519233,7
2012-01-19,5,0.0,4.0,1.0,0.0,0.6283794470509745,0.00012283130308787804,0.00023202616284828033,0.06841053122752781,5
2012-01-20,0,,,,,0.0,0.0,0.0,0.0,0
2012-01-21,5,1.0,2.0,1.0,1.0,0.9927880065588395,0.024326788476173464,1.0824568753569108,0.04223146751064627,4
2012-01-22,0,,,,,0.0,0.0,0.0,0.0,0
2012-01-23,6,1.0,3.0,1.0,1.0,1.0224220489071738,0.00014233243382477667,0.00227619244469671,0.7560603501069636,5
2012-01-24,6,0.0,4.0,0.0,2.0,3.0018723692155618,0.006513864081170893,0.9971588255048118,0.00037935029376963197,6
2012-01-25,4,1.0,2.0,1.0,0.0,1.1101145091524813,0.027528501890628707,0.0005103883777337015,0.07076976867210755,4
2012-01-26,2,0.0,2.0,0.0,0.0,0.0152164199389517,0.00014748282228536298,0.002544139355450087,3.3303265809081495e-05,2
2012-01-27,4,2.0,1.0,0.0,1.0,1.0053243292495608,0.8575776014276925,0.975750776806308,6.12455351074459e-05,2
2012-01-28,1,0.0,1.0,0.0,0.0,0.0534132458269596,1.508558852947317e-05,1.54609588207677e-05,1.353017614746932e-05,1
2012-01-29,0,,,,,0.0,0.0,0.0,0.0,0
2012-01-30,5,2.0,0.0,0.0,3.0,2.8774382771662204,0.02619211635828815,2.9858959103585216,7.596225350425811e-05,5
2012-01-31,4,0.0,4.0,0.0,0.0,1.145903204633214,0.0001087816635845229,0.007033022106043036,5.8769978750206064e-05,4
2012-02-01,4,0.0,3.0,0.0,1.0,1.0135799601921465,0.0012582575654960162,0.006709986137138878,7.121851376723498e-05,4
2012-02-02,8,0.0,8.0,0.0,0.0,4.954607840365497,0.00021684044986614026,0.00016889330345293274,0.0032086155015349084,8
2012-02-03,0,,,,,0.0,0.0,0.0,0.0,0
2012-02-04,2,0.0,1.0,0.0,1.0,0.9233688530348445,0.04065924305541551,0.0009535604076517532,2.4901353754103184e-05,2
2012-02-05,0,,,,,0.0,0.0,0.0,0.0,0
2012-02-06,4,1.0,1.0,0.0,2.0,0.9984388741977456,0.0002366226253797926,0.005795127346573209,0.003509332329485903,4
2012-02-07,6,0.0,4.0,0.0,2.0,2.965060660470044,0.00017460494291299256,1.992724068055395,9.307994150731247e-05,6
2012-02-08,5,0.0,4.0,1.0,0.0,1.9601554388755176,0.003216562521629281,0.00014864919648971409,0.10320361007052267,4
2012-02-09,3,1.0,2.0,0.0,0.0,1.881880954839289,0.03812015873700139,1.7571981032961048,0.0031082802324816955,3
2012-02-10,0,,,,,0.0,0.0,0.0,0.0,0
2012-02-11,0,,,,,0.0,0.0,0.0,0.0,0
2012-02-12,0,,,,,0.0,0.0,0.0,0.0,0
2012-02-13,10,1.0,9.0,0.0,0.0,6.9261397914233385,0.004284013171854517,0.866242188712931,0.00019558309850253863,10
2012-02-14,4,0.0,4.0,0.0,0.0,2.976338355532789,0.00043159860251757874,0.13200459208019305,7.35292360332096e-05,4
2012-02-15,5,1.0,2.0,1.0,1.0,0.33904993358191854,0.02196264804479125,0.010282328425091577,0.0045761813807985155,1
2012-02-16,5,0.0,2.0,1.0,2.0,0.05915732592438865,0.0001747251099004643,0.9941343848113319,0.004556718555249888,5
2012-02-17,4,1.0,1.0,0.0,2.0,1.0124608481128232,0.9194675197086327,0.15743308228957165,6.794273576815613e-05,4
2012-02-18,7,0.0,2.0,1.0,4.0,1.0489895797545612,0.0015211202908175779,1.00094111238468,0.007243451366775667,7
2012-02-19,0,,,,,0.0,0.0,0.0,0.0,0
2012-02-20,3,0.0,3.0,0.0,0.0,2.6164886951446533,5.9409785535535775e-05,0.008325866883751452,4.721461573353736e-05,3
2012-02-21,5,1.0,1.0,0.0,3.0,0.09052138161496251,0.9590604440290917,0.08676410326006576,9.198892439599149e-05,5
2012-02-22,1,0.0,1.0,0.0,0.0,0.0009668618440628,1.76933372131316e-05,0.0004379407037049,3.505202039377764e-05,1
2012-02-23,11,0.0,2.0,1.0,8.0,0.9745563709839188,0.00019843025711452356,0.6791357307483846,0.06266556506216144,11
2012-02-24,1,0.0,1.0,0.0,0.0,0.3792383372783661,2.6946396246785295e-05,2.7004725779988803e-05,1.5613888535881415e-05,1
2012-02-25,3,0.0,3.0,0.0,0.0,0.023741476948998717,5.996062282065395e-05,9.247384150512516e-05,4.074156458955258e-05,3
2012-02-26,0,,,,,0.0,0.0,0.0,0.0,0
2012-02-27,6,0.0,5.0,0.0,1.0,2.0545156718580984,0.00015711678133811802,0.9480122582544938,9.862843398877885e-05,6
2012-02-28,5,1.0,2.0,0.0,2.0,1.0196117235100244,0.02463510023517292,1.9922287557164964,8.033272752072662e-05,5
2012-02-29,3,0.0,1.0,0.0,2.0,0.8792322427034378,0.0005520524427991715,1.3265273443248586,0.0024193222952816483,3
2012-03-01,25,6.0,10.0,2.0,7.0,1.9416633206119507,1.9075844154467627,1.7898959022777483,0.785163258509783,1
2012-03-02,6,0.0,6.0,0.0,0.0,5.890569269657135,0.00018474839635018725,0.00409158657748775,0.00010138440757145872,6
2012-03-03,7,0.0,3.0,0.0,4.0,0.17471242491410507,0.002808976156302332,0.4626070727808835,0.0001087018436010112,5
2012-03-04,0,,,,,0.0,0.0,0.0,0.0,0
2012-03-05,13,0.0,5.0,2.0,6.0,2.70732574644353,0.004805783405572526,1.061651274766518,0.0018901186431320187,6
2012-03-06,3,0.0,2.0,1.0,0.0,0.0269927714252843,0.00018994388301503756,6.127726010163315e-05,0.17754160807180594,2
2012-03-07,1,1.0,0.0,0.0,0.0,0.0001517420751042,0.0467690266668796,1.5536517821601592e-05,1.258572592632845e-05,0
2012-03-08,5,0.0,3.0,1.0,1.0,0.9832884650677441,8.734609036764596e-05,0.0783988772691373,0.00843636158424486,5
2012-03-09,3,0.0,3.0,0.0,0.0,2.0270543545484543,0.025295715360698346,0.00018612828716868535,8.627075658296235e-05,3
2012-03-10,0,,,,,0.0,0.0,0.0,0.0,0
2012-03-11,0,,,,,0.0,0.0,0.0,0.0,0
2012-03-12,16,2.0,2.0,1.0,11.0,0.06063272070150557,0.3854046847181962,3.182951640003011,0.10776725389587216,16
2012-03-13,0,,,,,0.0,0.0,0.0,0.0,0
2012-03-14,1,0.0,1.0,0.0,0.0,0.0002181064337491,2.076484270219225e-05,1.260682529391488e-05,1.2092492397641765e-05,0
2012-03-15,2,0.0,2.0,0.0,0.0,1.9299339652061462,9.741237590787932e-05,0.00018174778415407797,3.044923232664587e-05,2
2012-03-16,1,0.0,1.0,0.0,0.0,0.8463461995124817,2.84394536720356e-05,2.503582800272852e-05,1.741921551001724e-05,1
2012-03-17,1,0.0,1.0,0.0,0.0,0.993955671787262,1.8871549400500957e-05,2.7090800358564596e-05,1.5246212569763884e-05,1
2012-03-18,0,,,,,0.0,0.0,0.0,0.0,0
2012-03-19,3,0.0,0.0,1.0,2.0,0.005961281858617336,6.404182204278186e-05,0.7834597316686995,0.00014886157168800696,3
2012-03-20,7,0.0,5.0,2.0,0.0,0.0080932311539068,0.00018691228615352884,0.00034008914917649236,0.17592730262640535,3
2012-03-21,5,1.0,3.0,0.0,1.0,0.03986153184086991,0.9793093277085064,0.9988773927352668,6.854217099316884e-05,5
2012-03-22,3,1.0,0.0,1.0,1.0,0.012576769880979416,0.014542293611157074,0.7183743833293192,0.11703907181436077,3
2012-03-23,5,0.0,2.0,1.0,2.0,1.0964335057778951,0.0006982063787289873,0.16146249568373594,0.0843222972089279,5
2012-03-24,5,0.0,2.0,0.0,3.0,0.9705843867122892,0.0015192811843006701,1.0601463046841673,0.00013373140882322332,5
2012-03-25,0,,,,,0.0,0.0,0.0,0.0,0
2012-03-26,3,0.0,3.0,0.0,0.0,0.973524203785928,7.982794704730622e-05,9.328318083134945e-05,4.421699031809112e-05,3
2012-03-27,5,0.0,3.0,0.0,2.0,0.9076493437260068,0.04202563814033043,0.08142254355698231,7.832809387764428e-05,5
2012-03-28,21,7.0,9.0,1.0,4.0,3.4469899579862604,2.8623065382871573,0.978995331201986,0.9449913414027833,3
2012-03-29,6,0.0,4.0,1.0,1.0,1.8443206666270269,0.009717585331600232,0.9368224515619656,0.13821692560668447,5
2012-03-30,2,0.0,1.0,1.0,0.0,0.9570630957605316,4.928013549942989e-05,3.948652738472447e-05,0.06836055712665255,2
2012-03-31,2,0.0,1.0,0.0,1.0,7.745915991108632e-05,2.897873127949424e-05,0.9195125772093888,2.7221572054259013e-05,2
2012-04-01,0,,,,,0.0,0.0,0.0,0.0,0
2012-04-02,7,0.0,3.0,2.0,2.0,1.9173246105419817,0.00013598550594906555,0.006385665450579723,1.0935054966366806,7
2012-04-03,1,0.0,1.0,0.0,0.0,0.0506225451827049,2.483062598912511e-05,3.80517594749108e-05,1.4503285456157757e-05,1
2012-04-04,1,0.0,1.0,0.0,0.0,0.3597161471843719,3.1315008527599275e-05,3.708995063789189e-05,1.6569896615692414e-05,1
2012-04-05,0,,,,,0.0,0.0,0.0,0.0,0
2012-04-06,6,0.0,1.0,0.0,5.0,0.9987768866058103,0.00012407391568558523,1.482367747781609,7.852887210901827e-05,6
2012-04-07,4,0.0,1.0,0.0,3.0,0.0002090280449920101,9.862951810646337e-05,0.9106179874979715,5.847862939845072e-05,4
2012-04-08,0,,,,,0.0,0.0,0.0,0.0,0
2012-04-09,3,0.0,1.0,0.0,2.0,0.9940187119700568,5.7481825024296995e-05,0.05532944472906817,4.225834709359333e-05,1
2012-04-10,4,0.0,3.0,0.0,1.0,0.9934755064077762,6.886309802212054e-05,0.0031634443412257435,6.162689624034101e-05,4
2012-04-11,0,,,,,0.0,0.0,0.0,0.0,0
2012-04-12,2,0.0,0.0,0.0,2.0,0.0113682512892409,3.9767013731761836e-05,1.1414358615875242,3.076672146562487e-05,1
2012-04-13,2,0.0,2.0,0.0,0.0,0.8286888971924782,0.0143559572752564,0.00015058477583806257,7.290219036804046e-05,2
2012-04-14,2,0.0,2.0,0.0,0.0,0.9897407268290409,0.0010274967835357046,5.60326807317324e-05,3.549245047906879e-05,2
2012-04-15,0,,,,,0.0,0.0,0.0,0.0,0
2012-04-16,2,0.0,0.0,1.0,1.0,3.223612475267146e-05,3.707622818183154e-05,0.93212351645343,0.005075249766377904,2
2012-04-17,6,0.0,3.0,0.0,3.0,2.077610521009774,0.01218009369586056,1.9947251753164892,0.03655414026525243,6
2012-04-18,3,0.0,2.0,0.0,1.0,1.9748163619442494,8.267951125162654e-05,0.0006905422014823664,4.787584202858852e-05,3
2012-04-19,0,,,,,0.0,0.0,0.0,0.0,0
2012-04-20,0,,,,,0.0,0.0,0.0,0.0,0
2012-04-21,7,0.0,6.0,1.0,0.0,4.909203126793727,2.5170203868256067,0.9426483209554135,0.002395916827481405,6
2012-04-22,0,,,,,0.0,0.0,0.0,0.0,0
2012-04-23,1,0.0,1.0,0.0,0.0,4.4986580178374425e-05,3.668861245387234e-05,3.245098196202889e-05,1.2905956282338591e-05,1
2012-04-24,5,0.0,5.0,0.0,0.0,3.03106886997557,0.00015103285477380268,0.004655220949643987,9.43134446060867e-05,5
2012-04-25,7,0.0,3.0,0.0,4.0,2.0047053528523975,0.0015135971407288268,2.469449203015756,0.0001083301276594284,7
2012-04-26,5,2.0,1.0,0.0,2.0,0.8863968653240589,0.24772886310529424,1.036184345989568,7.142540562199429e-05,5
2012-04-27,1,0.0,1.0,0.0,0.0,0.9924439787864684,2.1517384084290825e-05,3.4266035072505474e-05,1.604594217496924e-05,1
2012-04-28,10,1.0,7.0,2.0,0.0,5.779087886465277,0.930428825961826,0.000588126278671515,0.13853395458772855,9
2012-04-29,0,,,,,0.0,0.0,0.0,0.0,0
2012-04-30,3,1.0,0.0,0.0,2.0,0.020276959463444568,0.012493827598518616,0.9897246821637964,0.00030119889379414636,3
2012-05-01,2,0.0,2.0,0.0,0.0,0.9960699524744996,6.034156831447035e-05,8.841404269332998e-05,2.904865687014535e-05,2
2012-05-02,1,0.0,1.0,0.0,0.0,0.9988675713539124,2.7985590349999256e-05,2.4419250621576797e-05,1.9628589143394493e-05,1
2012-05-03,0,,,,,0.0,0.0,0.0,0.0,0
2012-05-04,1,0.0,0.0,1.0,0.0,0.0027961509767919,1.6236273950198665e-05,2.7386889996705577e-05,0.002814054954797,0
2012-05-05,15,1.0,5.0,1.0,8.0,2.122638465174531,0.9837429365798014,6.065870173106305,0.0010591127993391538,15
2012-05-06,0,,,,,0.0,0.0,0.0,0.0,0
2012-05-07,0,,,,,0.0,0.0,0.0,0.0,0
2012-05-08,8,0.0,3.0,0.0,5.0,0.027551166357625157,0.00019368822722753976,4.3509296878937676,0.00010123778884008061,8
2012-05-09,5,0.0,5.0,0.0,0.0,3.0530095211561274,0.00011602930862864014,0.00013348816901270766,9.891056470223702e-05,5
2012-05-10,4,0.0,3.0,0.0,1.0,0.0147474049736046,0.0009921810151353413,0.10001918027683128,5.2998496357758995e-05,4
2012-05-11,0,,,,,0.0,0.0,0.0,0.0,0
2012-05-12,5,0.0,4.0,0.0,1.0,1.9988997819600625,0.005962690831438371,0.07304333633146586,9.39649653446395e-05,5
2012-05-13,0,,,,,0.0,0.0,0.0,0.0,0
2012-05-14,1,1.0,0.0,0.0,0.0,0.0042255115695297,0.0608257465064525,5.0117789214709774e-05,1.5549574527540244e-05,1
2012-05-15,0,,,,,0.0,0.0,0.0,0.0,0
2012-05-16,4,0.0,3.0,0.0,1.0,1.9925808220868928,0.0008042245335672642,0.11637930335928087,5.655744462274015e-05,4
2012-05-17,5,0.0,2.0,2.0,1.0,0.0845718557393409,0.0005797852663817144,0.9745258084931265,0.007475438304027038,2
2012-05-18,7,0.0,4.0,1.0,2.0,2.0909429409657605,0.03825144860820721,0.009624664426155439,0.0018177157853642109,7
2012-05-19,3,0.0,0.0,1.0,2.0,0.004688022792833999,5.3000445404904895e-05,1.9783002780477545,0.035336050232217496,2
2012-05-20,0,,,,,0.0,0.0,0.0,0.0,0
2012-05-21,2,0.0,0.0,2.0,0.0,0.0017050678725352999,3.7548843465629034e-05,3.9762349842931144e-05,0.022784037515521,2
2012-05-22,5,1.0,3.0,1.0,0.0,0.9137880929556557,0.0693353763999766,0.04025384116721392,0.022654295086795114,4
2012-05-23,4,0.0,3.0,0.0,1.0,0.15369450410071284,0.00013087443585391156,0.31413368189714674,5.26100620845682e-05,4
2012-05-24,0,,,,,0.0,0.0,0.0,0.0,0
2012-05-25,0,,,,,0.0,0.0,0.0,0.0,0
2012-05-26,0,,,,,0.0,0.0,0.0,0.0,0
2012-05-27,0,,,,,0.0,0.0,0.0,0.0,0
2012-05-28,3,0.0,2.0,0.0,1.0,0.9980155349185222,0.0003355172684677868,0.006353400749503604,5.285871338855941e-05,3
2012-05-29,2,0.0,0.0,2.0,0.0,0.0016397919389418332,3.6788371289731e-05,7.500652100134175e-05,0.9654152439907193,2
2012-05-30,10,2.0,8.0,0.0,0.0,6.94535238109529,0.00034857423815989083,0.014483449071121588,0.0022368564859789187,7
2012-05-31,2,0.0,1.0,0.0,1.0,0.41968573553458555,5.637132198899053e-05,0.010101500509335882,3.198864305886673e-05,2
2012-06-01,4,0.0,4.0,0.0,0.0,3.9601499438285828,0.0001073970524885226,0.00014194477080309298,7.065106001391541e-05,4
2012-06-02,3,0.0,1.0,0.0,2.0,0.0134805060224607,0.0001257020740013104,0.9214914691565355,3.83941296604462e-05,2
2012-06-03,0,,,,,0.0,0.0,0.0,0.0,0
2012-06-04,2,0.0,1.0,0.0,1.0,0.9936312662102863,8.254168460553046e-05,0.9640158270758548,3.599970295908861e-05,2
2012-06-05,7,0.0,4.0,2.0,1.0,2.363290401204722,0.00022560626257472904,0.006245578048037597,0.16840715396483566,6
2012-06-06,2,0.0,1.0,0.0,1.0,0.8816859992220997,4.903047920379322e-05,0.0840843208134173,2.9846214602002874e-05,2
2012-06-07,3,0.0,2.0,0.0,1.0,0.0006676068587693945,0.004850306817388547,0.022034884616004995,5.3770685553899966e-05,3
2012-06-08,2,0.0,2.0,0.0,0.0,1.994434416294098,4.882738721789792e-05,0.0018787096014420853,0.003778540563871432,2
2012-06-09,4,0.0,2.0,2.0,0.0,0.001700196196907,6.15040780758136e-05,6.18795866103028e-05,0.11052566571561315,4
2012-06-10,0,,,,,0.0,0.0,0.0,0.0,0
2012-06-11,1,0.0,0.0,0.0,1.0,1.850629087130073e-05,1.4917766748112626e-05,0.0011345660313963,1.2080465239705518e-05,1
2012-06-12,2,0.0,1.0,1.0,0.0,0.0014616176922572,3.286856554041151e-05,0.00010619780368870124,0.002632706778967914,2
2012-06-13,3,0.0,2.0,0.0,1.0,1.1129583333386108,8.085559420578647e-05,0.3726736152930242,4.2940103412547614e-05,2
2012-06-14,5,0.0,4.0,1.0,0.0,1.993323331727879,0.00011506602731969906,0.00012160955338913482,0.4073875945605323,4
2012-06-15,1,0.0,1.0,0.0,0.0,0.9810680747032166,2.4910248612286523e-05,5.747242903453298e-05,1.6179865269805305e-05,1
2012-06-16,8,1.0,4.0,0.0,3.0,1.9749012127867898,0.04995544382290962,0.9980959982003695,0.00165378271958607,7
2012-06-17,0,,,,,0.0,0.0,0.0,0.0,0
2012-06-18,10,3.0,3.0,0.0,4.0,1.4293461456163639,0.0006618877305298649,2.4942544433451985,0.00015542125765932724,3
2012-06-19,3,0.0,3.0,0.0,0.0,1.9922588444314897,0.012209163258375991,0.0004757834394694302,0.00012489859545894433,3
2012-06-20,7,2.0,3.0,0.0,2.0,1.9984928321791813,0.9616564570533226,1.5070137788916325,0.0012796134587915097,7
2012-06-21,4,1.0,1.0,0.0,2.0,0.0038857666659167004,0.9505282548925607,1.977292347587536,0.007473963966731355,4
2012-06-22,1,0.0,0.0,0.0,1.0,0.0047953161410987,5.061958290752955e-05,0.9548580646514891,0.0009455353138037,1
2012-06-23,3,1.0,0.0,0.0,2.0,0.0087700297590344,0.024586808598542027,1.9645003039222502,5.2480201702564955e-05,3
2012-06-24,0,,,,,0.0,0.0,0.0,0.0,0
2012-06-25,8,0.0,6.0,1.0,1.0,3.962558076251298,0.00019582048480515368,0.10464956878240612,0.08843926687040943,8
2012-06-26,2,0.0,0.0,0.0,2.0,0.9160912477473174,8.361186155525502e-05,1.912565529346466,3.464893870841479e-05,2
2012-06-27,0,,,,,0.0,0.0,0.0,0.0,0
2012-06-28,7,2.0,5.0,0.0,0.0,2.78992840740284,0.10290433516274783,0.00018183229440182913,0.00019997879553555075,5
2012-06-29,0,,,,,0.0,0.0,0.0,0.0,0
2012-06-30,2,0.0,0.0,0.0,2.0,0.0051109322885166,3.7463882108568214e-05,0.9671732175629586,2.537466298235813e-05,2
2012-07-01,0,,,,,0.0,0.0,0.0,0.0,0
2012-07-02,6,0.0,6.0,0.0,0.0,4.794700782978907,0.00028611078596432076,0.16233652773371432,0.00012905260973639088,6
2012-07-03,10,1.0,5.0,2.0,2.0,0.02490974471766072,0.004456924031728688,0.0004394525376482735,0.18439712038798453,2
2012-07-04,3,0.0,2.0,1.0,0.0,0.7963133917655795,6.349728755594697e-05,7.181140244938433e-05,0.003309459845695437,3
2012-07-05,0,,,,,0.0,0.0,0.0,0.0,0
2012-07-06,21,4.0,7.0,7.0,3.0,2.0898184185862188,1.653279224447033,1.0019695919609146,2.0421096935033343,3
2012-07-07,2,0.0,1.0,1.0,0.0,0.0014882836258038,3.0327830245369114e-05,6.576629493793007e-05,0.07719118771638016,2
2012-07-08,0,,,,,0.0,0.0,0.0,0.0,0
2012-07-09,20,2.0,8.0,0.0,10.0,3.6928260818458507,0.00292556885415245,3.022685092208121,0.00034666051305976,14
2012-07-10,0,,,,,0.0,0.0,0.0,0.0,0
2012-07-11,2,0.0,1.0,0.0,1.0,0.0007922572003734745,5.2613395382650197e-05,0.0015510042212553846,3.110077705059666e-05,2
2012-07-12,2,1.0,1.0,0.0,0.0,0.01411487124642007,0.9723046088329284,6.273948929447215e-05,2.5893222300510388e-05,2
2012-07-13,0,,,,,0.0,0.0,0.0,0.0,0
2012-07-14,2,0.0,2.0,0.0,0.0,0.0047277156263588,3.7810381400049664e-05,3.674295112432446e-05,2.6147565222345293e-05,2
2012-07-15,0,,,,,0.0,0.0,0.0,0.0,0
2012-07-16,2,2.0,0.0,0.0,0.0,0.0028253411765035274,0.024550842668759194,5.804457396152429e-05,2.6592667381919455e-05,2
2012-07-17,35,7.0,8.0,4.0,16.0,0.051348955777938944,4.527334249020896,2.1639096923463508,0.13762028095607076,35
2012-07-18,11,0.0,9.0,1.0,1.0,6.834186081236112,0.0003216840123059228,1.0017883501604954,0.057536566432645486,10
2012-07-19,3,0.0,1.0,2.0,0.0,0.0008923627719922415,4.835748859477462e-05,5.1515974519134033e-05,0.047189676878588126,3
2012-07-20,8,0.0,4.0,0.0,4.0,1.3596781974192704,0.00017298794955422636,2.902950520377999,0.00012923843860335182,8
2012-07-21,5,0.0,4.0,0.0,1.0,1.9580003330338511,0.0003823945589828542,0.9380702208763978,0.0001395269046042813,4
2012-07-22,0,,,,,0.0,0.0,0.0,0.0,0
2012-07-23,3,0.0,2.0,1.0,0.0,2.0236533917486668,9.406363460584544e-05,5.842004975420423e-05,0.03899927145175752,3
2012-07-24,4,1.0,3.0,0.0,0.0,0.0670437189837683,0.014112777162154025,0.008244084841862785,8.323017482325668e-05,4
2012-07-25,5,1.0,1.0,0.0,3.0,0.022344894088746202,0.008153034626957312,2.0397004210171867,0.00011021104546671268,5
2012-07-26,8,1.0,5.0,1.0,1.0,4.571790809837694,0.0004212543371976806,0.9970341059142811,0.0018034376671493498,8
2012-07-27,3,0.0,3.0,0.0,0.0,0.3314514905214309,6.981796286709141e-05,7.278981684066821e-05,4.6028997530811466e-05,3
2012-07-28,2,0.0,2.0,0.0,0.0,1.055224072188139,5.2792238420806825e-05,5.4363927119993605e-05,3.474086042842828e-05,2
2012-07-29,0,,,,,0.0,0.0,0.0,0.0,0
2012-07-30,4,0.0,0.0,1.0,3.0,0.0179217897821215,7.38937687856378e-05,2.7360740220528896,0.04232719292213003,4
2012-07-31,33,1.0,27.0,1.0,4.0,22.650455503675403,0.9829518656642903,2.920655012530915,0.023423830928550063,33
2012-08-01,8,3.0,0.0,0.0,5.0,0.029469093589795995,0.025533105608701298,0.2041078354959606,0.003538093948009155,8
2012-08-02,0,,,,,0.0,0.0,0.0,0.0,0
2012-08-03,5,0.0,4.0,0.0,1.0,3.995457582292147,0.00016475582197017502,0.9877801742641167,8.562521179555915e-05,5
2012-08-04,2,0.0,2.0,0.0,0.0,0.026812453390448302,0.013471502159518351,0.009333205460279681,0.0004897297158094561,2
2012-08-05,0,,,,,0.0,0.0,0.0,0.0,0
2012-08-06,4,0.0,1.0,0.0,3.0,0.026176585728535196,0.00035575857236834913,1.8446158169899718,0.000458775956758428,4
2012-08-07,3,1.0,0.0,2.0,0.0,0.022354119573719602,0.9720764101330134,6.428706001315732e-05,0.9815212162602621,3
2012-08-08,1,0.0,0.0,0.0,1.0,2.626887362566777e-05,1.4980673768150156e-05,0.9293818473815918,1.6267884348053485e-05,1
2012-08-09,1,0.0,1.0,0.0,0.0,0.0012612293940037,1.704438909655437e-05,1.5403446013806388e-05,1.246978445124114e-05,1
2012-08-10,0,,,,,0.0,0.0,0.0,0.0,0
2012-08-11,10,1.0,4.0,0.0,5.0,2.9236728630075954,0.019333350581291268,3.7872467177703584,0.0005703287060895547,10
2012-08-12,0,,,,,0.0,0.0,0.0,0.0,0
2012-08-13,2,2.0,0.0,0.0,0.0,3.112698323093355e-05,5.533540024771355e-05,4.6140012273099273e-05,3.102812752331374e-05,0
2012-08-14,3,0.0,0.0,1.0,2.0,0.1398263378068804,6.483945799118374e-05,1.2210636389590945,0.006266053730541858,3
2012-08-15,0,,,,,0.0,0.0,0.0,0.0,0
2012-08-16,0,,,,,0.0,0.0,0.0,0.0,0
2012-08-17,0,,,,,0.0,0.0,0.0,0.0,0
2012-08-18,1,0.0,1.0,0.0,0.0,0.8912662863731384,2.340569881198462e-05,0.4920290112495422,1.4884230949974151e-05,1
2012-08-19,0,,,,,0.0,0.0,0.0,0.0,0
2012-08-20,0,,,,,0.0,0.0,0.0,0.0,0
2012-08-21,0,,,,,0.0,0.0,0.0,0.0,0
2012-08-22,1,0.0,0.0,0.0,1.0,0.1111642718315124,1.7500939065939747e-05,0.8766873478889465,1.350573256786447e-05,1
2012-08-23,1,0.0,1.0,0.0,0.0,0.0002686710504349,2.0964904251741245e-05,2.2182322936714627e-05,1.3718198715650942e-05,1
2012-08-24,0,,,,,0.0,0.0,0.0,0.0,0
2012-08-25,0,,,,,0.0,0.0,0.0,0.0,0
2012-08-26,0,,,,,0.0,0.0,0.0,0.0,0
2012-08-27,1,0.0,1.0,0.0,0.0,2.543950722611044e-05,1.680826062511187e-05,1.9211744074709717e-05,1.3292430594447067e-05,1
2012-08-28,1,0.0,1.0,0.0,0.0,0.8630842566490173,2.388120446994435e-05,0.2587919533252716,1.433187208021991e-05,1
2012-08-29,0,,,,,0.0,0.0,0.0,0.0,0
2012-08-30,1,0.0,0.0,1.0,0.0,0.0007311276858672,1.748696740833111e-05,1.896118737931829e-05,0.006330591160804,1
2012-08-31,0,,,,,0.0,0.0,0.0,0.0,0
2012-09-01,1,0.0,1.0,0.0,0.0,0.998891532421112,0.000756541499868,1.700866596365813e-05,1.4539104085997678e-05,1
2012-09-02,0,,,,,0.0,0.0,0.0,0.0,0
2012-09-03,0,,,,,0.0,0.0,0.0,0.0,0
2012-09-04,0,,,,,0.0,0.0,0.0,0.0,0
2012-09-05,15,0.0,14.0,0.0,1.0,12.784452454867278,0.0004222452671456267,0.000390325571061112,0.00027842948202305706,15
2012-09-06,0,,,,,0.0,0.0,0.0,0.0,0
2012-09-07,0,,,,,0.0,0.0,0.0,0.0,0
2012-09-08,4,1.0,0.0,1.0,2.0,0.0018483790499885008,0.01445486292504922,1.0456408705704232,9.224930272466736e-05,4
2012-09-09,0,,,,,0.0,0.0,0.0,0.0,0
2012-09-10,3,0.0,0.0,1.0,2.0,0.0011250652023589614,0.00013537017366616055,1.1533617018085351,0.005566141003328025,3
2012-09-11,0,,,,,0.0,0.0,0.0,0.0,0
2012-09-12,3,0.0,3.0,0.0,0.0,0.9941455121843318,5.978760964353569e-05,8.107622124953195e-05,0.00013644978480442522,2
2012-09-13,2,0.0,1.0,0.0,1.0,0.8811082166484994,3.970750367443543e-05,0.9767442011925596,2.5392423594894353e-05,2
2012-09-14,1,0.0,0.0,0.0,1.0,0.0001421641500201,2.0007972125313245e-05,0.9040160179138184,1.6645641153445467e-05,1
2012-09-15,7,1.0,6.0,0.0,0.0,4.733278591244016,0.9662211630002275,0.00017464792745158775,0.0001381379352096701,7
2012-09-16,0,,,,,0.0,0.0,0.0,0.0,0
2012-09-17,1,0.0,1.0,0.0,0.0,9.349824540549888e-05,1.528096618130803e-05,3.947980439988896e-05,2.6674879336496812e-05,1
2012-09-18,0,,,,,0.0,0.0,0.0,0.0,0
2012-09-19,1,0.0,0.0,0.0,1.0,0.0006084794877097,0.0001065170508809,0.757265567779541,1.440711730538169e-05,1
2012-09-20,1,0.0,1.0,0.0,0.0,0.0005282259080559,2.564866554166656e-05,1.560998680361081e-05,1.2111725482100155e-05,1
2012-09-21,1,0.0,1.0,0.0,0.0,0.011420490220189,0.0016392243560403,0.0001143176777986,1.788655572454445e-05,1
2012-09-22,3,0.0,2.0,0.0,1.0,0.005136685816978502,7.516725418099668e-05,0.02059819168425747,4.007731786259683e-05,1
2012-09-23,0,,,,,0.0,0.0,0.0,0.0,0
2012-09-24,7,0.0,6.0,0.0,1.0,4.983578432287686,0.0002472308297001291,0.3889045925279788,0.00011749598797905492,7
2012-09-25,11,0.0,1.0,3.0,7.0,1.767150187726656,0.0005347510032151191,3.6130565893345192,1.1248250580792956,6
2012-09-26,11,1.0,6.0,0.0,4.0,3.099936828308272,0.08881723818376462,3.3110248769244204,0.00765627322289217,11
2012-09-27,4,0.0,2.0,0.0,2.0,0.007825589626008773,0.0005430847850220024,1.0504078069561729,5.865121056558564e-05,4
2012-09-28,1,0.0,1.0,0.0,0.0,0.5342927575111389,0.0003230527800042,0.0001287331542698,1.7469783415435813e-05,1
2012-09-29,5,0.0,4.0,0.0,1.0,1.0737637518031988,0.0004298154062779757,1.21730979851327,8.268783221865306e-05,5
2012-09-30,0,,,,,0.0,0.0,0.0,0.0,0
2012-10-01,2,0.0,2.0,0.0,0.0,0.9926639015611727,0.004733562916953753,0.004136644365644272,0.00010753929018392228,1
2012-10-02,4,0.0,3.0,0.0,1.0,1.989005701867427,0.00012766520194418263,0.02528509773401304,6.011948426021263e-05,4
2012-10-03,5,0.0,2.0,1.0,2.0,1.0033483671795693,8.950593110057525e-05,1.9844103239720425,0.03069586351739409,5
2012-10-04,3,0.0,2.0,0.0,1.0,1.9094398536253718,0.00028992289662706423,0.006160181950690406,6.578355714736972e-05,3
2012-10-05,0,,,,,0.0,0.0,0.0,0.0,0
2012-10-06,0,,,,,0.0,0.0,0.0,0.0,0
2012-10-07,0,,,,,0.0,0.0,0.0,0.0,0
2012-10-08,0,,,,,0.0,0.0,0.0,0.0,0
2012-10-09,8,0.0,2.0,3.0,3.0,1.9185853598155516,0.008442198550255714,0.007316573243769995,1.9207949886267668,8
2012-10-10,13,1.0,7.0,2.0,3.0,3.057525541619725,0.004010813714557944,0.922480496690696,0.8722052777702628,4
2012-10-11,4,0.0,2.0,1.0,1.0,0.14365757254745387,0.0014488506840279517,0.09930848182739264,8.569728288421175e-05,2
2012-10-12,0,,,,,0.0,0.0,0.0,0.0,0
2012-10-13,1,0.0,1.0,0.0,0.0,0.9967203736305236,3.302020559203811e-05,2.9308184821275063e-05,1.561051612952724e-05,1
2012-10-14,0,,,,,0.0,0.0,0.0,0.0,0
2012-10-15,1,0.0,1.0,0.0,0.0,0.9984566569328308,3.302769619040191e-05,2.1093766918056644e-05,2.1191019186517224e-05,1
2012-10-16,3,0.0,1.0,0.0,2.0,0.043153449434612294,0.00010551466948527377,1.0312137094351783,4.546923537418479e-05,3
2012-10-17,3,0.0,2.0,1.0,0.0,0.031033836741698802,4.424194594321307e-05,7.39831293685711e-05,0.02826422316502424,2
2012-10-18,3,1.0,2.0,0.0,0.0,1.9970542409537302,0.005883901358174539,0.0004750572534248816,4.979127515980508e-05,3
2012-10-19,0,,,,,0.0,0.0,0.0,0.0,0
2012-10-20,4,1.0,1.0,0.0,2.0,0.44260370744814276,0.01049549670187838,0.9863360038898462,0.000291739067506495,4
2012-10-21,0,,,,,0.0,0.0,0.0,0.0,0
2012-10-22,3,0.0,1.0,0.0,2.0,0.0114026577357435,8.04321352916304e-05,0.9756960980921575,4.2228607526340056e-05,3
2012-10-23,2,1.0,0.0,1.0,0.0,0.0013785072369500002,0.7685557593194972,4.167004590271972e-05,0.011406342418922513,2
2012-10-24,2,0.0,1.0,1.0,0.0,0.0185619886033236,5.115251769893803e-05,0.0001729028590488563,0.014222576923202699,1
2012-10-25,2,0.0,1.0,0.0,1.0,0.1252065469743683,3.9036218367982656e-05,0.7071527242660522,2.6465605515113566e-05,2
2012-10-26,2,0.0,0.0,0.0,2.0,0.0028233820266904855,3.6236850974091794e-05,0.014581730589270502,2.8082760763936676e-05,2
2012-10-27,4,1.0,1.0,0.0,2.0,1.0112129845656452,0.015577315527479946,1.9984952389295358,0.0014636609175794843,4
2012-10-28,0,,,,,0.0,0.0,0.0,0.0,0
2012-10-29,0,,,,,0.0,0.0,0.0,0.0,0
2012-10-30,6,0.0,6.0,0.0,0.0,3.9418466223942232,0.00029445389554887114,0.0013504054822987394,0.03570620693699304,6
2012-10-31,0,,,,,0.0,0.0,0.0,0.0,0
2012-11-01,0,,,,,0.0,0.0,0.0,0.0,0
2012-11-02,2,0.0,1.0,0.0,1.0,0.137222718214616,0.0005866372348463705,0.9846077784895896,2.9022285161772743e-05,2
2012-11-03,4,1.0,0.0,0.0,3.0,0.012260883901035202,0.0256593825033631,1.1164296735369132,6.57898062854656e-05,4
2012-11-04,0,,,,,0.0,0.0,0.0,0.0,0
2012-11-05,2,0.0,2.0,0.0,0.0,1.9450259804725647,0.0010378409851909784,0.20263579019228922,3.2140188523044344e-05,2
2012-11-06,2,0.0,1.0,0.0,1.0,0.1311125867068766,0.00017311788542424562,0.9989660736173391,3.253171598771587e-05,2
2012-11-07,4,0.0,0.0,1.0,3.0,0.023652836878682124,8.897109091776656e-05,1.6244079569587482,0.1381383354510035,4
2012-11-08,0,,,,,0.0,0.0,0.0,0.0,0
2012-11-09,1,0.0,1.0,0.0,0.0,0.9809381365776062,0.0244789756834507,4.3896343413507566e-05,1.451343996450305e-05,1
2012-11-10,1,0.0,0.0,0.0,1.0,0.0182401407510042,7.064414967317134e-05,0.9955588579177856,1.6857624359545298e-05,1
2012-11-11,0,,,,,0.0,0.0,0.0,0.0,0
2012-11-12,1,0.0,0.0,0.0,1.0,0.018909640610218,4.482953590922989e-05,0.9870646595954896,1.418183273926843e-05,1
2012-11-13,4,2.0,2.0,0.0,0.0,0.8350190300980103,0.00033680181968514166,8.10664432719932e-05,5.736429557146039e-05,1
2012-11-14,1,0.0,0.0,0.0,1.0,0.0057263616472482,2.0682065951405093e-05,0.9363699555397034,1.2608665201696567e-05,1
2012-11-15,3,0.0,2.0,1.0,0.0,0.007743043781374401,0.0057027019338419995,0.001104272485463207,0.16518008417733646,3
2012-11-16,1,1.0,0.0,0.0,0.0,0.0001008196122711,0.0852002277970314,0.0014992273645475,1.3872610907128546e-05,1
2012-11-17,5,1.0,1.0,0.0,3.0,0.010495972977878314,0.009579341913195044,1.0742058596833886,7.198573530331487e-05,5
2012-11-18,0,,,,,0.0,0.0,0.0,0.0,0
2012-11-19,4,0.0,3.0,0.0,1.0,0.9674170083308126,0.00014404839021153748,0.8441827283077146,6.074309385439847e-05,4
2012-11-20,2,0.0,1.0,0.0,1.0,1.00446322793141,0.00017139612828031718,1.4519862234592438,7.596327850478701e-05,2
2012-11-21,2,0.0,1.0,0.0,1.0,0.0003303670091553713,3.962205119023565e-05,0.9678137687969866,2.8351478249533102e-05,2
2012-11-22,4,0.0,2.0,0.0,2.0,0.0030948154908399562,0.00014944216491130646,0.0029259133516460925,5.98057231400162e-05,4
2012-11-23,2,0.0,1.0,1.0,0.0,0.0861853947280906,0.0021762026808572876,9.190493983624037e-05,0.36973862643026223,2
2012-11-24,2,0.0,1.0,1.0,0.0,0.0037506193621083,3.28578407788882e-05,3.738548366527539e-05,0.015020225366242722,2
2012-11-25,0,,,,,0.0,0.0,0.0,0.0,0
2012-11-26,7,1.0,4.0,0.0,2.0,2.9019824369615885,0.9194778950413819,0.15356822226567593,0.00010435253989271587,7
2012-11-27,0,,,,,0.0,0.0,0.0,0.0,0
2012-11-28,5,2.0,3.0,0.0,0.0,0.4614934955789066,0.12113325610880543,0.0011840049319287833,0.015995970506082795,5
2012-11-29,0,,,,,0.0,0.0,0.0,0.0,0
2012-11-30,0,,,,,0.0,0.0,0.0,0.0,0
2012-12-01,4,0.0,2.0,1.0,1.0,0.0112786440877241,8.273954517790116e-05,0.9754425221981365,0.06629021578282839,4
2012-12-02,0,,,,,0.0,0.0,0.0,0.0,0
2012-12-03,2,0.0,1.0,0.0,1.0,0.0011928856401935998,4.41032507296768e-05,0.07835258041268389,2.5515157176414505e-05,2
2012-12-04,5,1.0,2.0,1.0,1.0,1.023239290661877,0.9700244403384204,0.9533933136590348,0.06584592673152652,5
2012-12-05,1,0.0,1.0,0.0,0.0,0.0359713658690452,2.648762529133819e-05,1.5756844732095487e-05,4.449262632988393e-05,0
2012-12-06,2,0.0,0.0,1.0,1.0,8.356345188076375e-05,3.105153791693738e-05,0.0003830550140264455,0.13811571994847324,1
2012-12-07,1,0.0,1.0,0.0,0.0,0.5407921671867371,1.422211789758876e-05,1.900138340715785e-05,1.3552638847613707e-05,1
2012-12-08,0,,,,,0.0,0.0,0.0,0.0,0
2012-12-09,0,,,,,0.0,0.0,0.0,0.0,0
2012-12-10,0,,,,,0.0,0.0,0.0,0.0,0
2012-12-11,3,0.0,1.0,2.0,0.0,0.931393727121758,5.9760737713077106e-05,0.0007961277060529268,0.024796908179268874,2
2012-12-12,2,1.0,0.0,0.0,1.0,0.0702970342244952,0.9730800114648446,0.9972448972039275,2.6436145162733737e-05,1
2012-12-13,4,1.0,2.0,0.0,1.0,1.8730953577687615,0.9877020530875595,0.796796444501524,9.135786967817694e-05,4
2012-12-14,2,0.0,1.0,0.0,1.0,1.0156488493084908,5.1523700676625594e-05,0.05857209098758174,2.9857203116989695e-05,2
2012-12-15,2,0.0,0.0,1.0,1.0,0.0022044890502001,5.470924043038394e-05,0.06750838079824453,0.04587094987982709,2
2012-12-16,0,,,,,0.0,0.0,0.0,0.0,0
2012-12-17,4,1.0,1.0,1.0,1.0,0.0088716753234619,0.9882065440233417,0.0011646377661235611,0.0030427621777561658,2
2012-12-18,2,0.0,0.0,1.0,1.0,0.0003650858270702,4.744350189866964e-05,0.007050365755276238,0.06219723962931303,1
2012-12-19,4,0.0,2.0,0.0,2.0,0.0026725631905719013,0.004487974830226415,0.9580486990053031,0.0015721958661742354,4
2012-12-20,2,0.0,0.0,0.0,2.0,0.0017803282025851282,3.8564856367884204e-05,0.9569196472875773,2.8370158361212816e-05,2
2012-12-21,2,2.0,0.0,0.0,0.0,0.0248421437863726,0.0704597681760787,0.0037100809859111,0.0003397394993953385,2
2012-12-22,0,,,,,0.0,0.0,0.0,0.0,0
2012-12-23,0,,,,,0.0,0.0,0.0,0.0,0
2012-12-24,12,2.0,3.0,1.0,6.0,1.0245513464033134,0.9715973554784796,2.9951888200503163,1.0483162843866012,11
2012-12-25,0,,,,,0.0,0.0,0.0,0.0,0
2012-12-26,0,,,,,0.0,0.0,0.0,0.0,0
2012-12-27,5,0.0,4.0,0.0,1.0,0.032710989582483155,0.00016299632261507213,0.002976385209876717,7.488123537768843e-05,5
2012-12-28,5,0.0,2.0,2.0,1.0,0.021450607164297208,0.002251354643703928,0.0004285991326468842,0.01490065690632029,5
2012-12-29,0,,,,,0.0,0.0,0.0,0.0,0
2012-12-30,0,,,,,0.0,0.0,0.0,0.0,0
2012-12-31,6,1.0,2.0,1.0,2.0,0.0034914878942799545,0.929104397689116,0.9323923475294578,0.000589181081522742,6
2013-01-01,0,,,,,0.0,0.0,0.0,0.0,0
2013-01-02,3,1.0,2.0,0.0,0.0,0.029359355350606943,0.9272141479978017,0.0003720900222105587,4.202782110951375e-05,3
2013-01-03,2,1.0,0.0,1.0,0.0,0.0032092375913634,0.9755494609889866,3.565677070582751e-05,0.09101386411839477,1
2013-01-04,0,,,,,0.0,0.0,0.0,0.0,0
2013-01-05,0,,,,,0.0,0.0,0.0,0.0,0
2013-01-06,0,,,,,0.0,0.0,0.0,0.0,0
2013-01-07,1,0.0,0.0,0.0,1.0,2.0715031496365555e-05,1.530681947770063e-05,2.3931188479764387e-05,1.4501008990919216e-05,1
2013-01-08,4,1.0,2.0,0.0,1.0,0.003975997995439611,0.0009834564734773799,0.0017068249635484773,6.360606403177371e-05,0
2013-01-09,0,,,,,0.0,0.0,0.0,0.0,0
2013-01-10,5,0.0,1.0,2.0,2.0,0.1224358954204943,8.984429041447584e-05,1.2506433221115003,0.08435587034182383,5
2013-01-11,1,0.0,0.0,0.0,1.0,0.0010943700326606,2.2106603864813223e-05,0.7265906929969788,1.4299270333140155e-05,1
2013-01-12,1,0.0,0.0,0.0,1.0,0.0011351872235536,1.562031320645474e-05,0.0061238664202392,1.320052888331702e-05,1
2013-01-13,0,,,,,0.0,0.0,0.0,0.0,0
2013-01-14,1,0.0,1.0,0.0,0.0,0.0015726453857496,2.012420372921042e-05,0.000119652650028,1.3587547982751856e-05,1
2013-01-15,0,,,,,0.0,0.0,0.0,0.0,0
2013-01-16,2,0.0,0.0,2.0,0.0,0.0012232932494952,3.3746520784916356e-05,3.3820530006778426e-05,0.0738726626150309,2
2013-01-17,1,0.0,0.0,0.0,1.0,2.459834468027111e-05,2.217241308244411e-05,5.605347905657254e-05,1.527605672890786e-05,1
2013-01-18,0,,,,,0.0,0.0,0.0,0.0,0
2013-01-19,4,0.0,1.0,0.0,3.0,1.0202450729120753,0.00010168910557695199,1.352404796765768,6.405731983250007e-05,4
2013-01-20,0,,,,,0.0,0.0,0.0,0.0,0
2013-01-21,5,1.0,3.0,0.0,1.0,1.0245301978902714,0.0005108224449941046,0.001220570937220919,7.995367741386872e-05,5
2013-01-22,1,1.0,0.0,0.0,0.0,0.0142523301765322,0.0177704710513353,0.0016406597569584,1.3994239452586044e-05,1
2013-01-23,0,,,,,0.0,0.0,0.0,0.0,0
2013-01-24,2,0.0,2.0,0.0,0.0,0.9933983030059608,0.007293440790817741,8.581316069466993e-05,0.00011238197203056187,2
2013-01-25,0,,,,,0.0,0.0,0.0,0.0,0
2013-01-26,7,1.0,2.0,1.0,3.0,0.9457907344913106,0.9632197201517555,2.7353380323529564,0.14645861830285864,6
2013-01-27,0,,,,,0.0,0.0,0.0,0.0,0
2013-01-28,2,1.0,1.0,0.0,0.0,0.9845722619793376,0.008539567177649499,0.0525923168606822,0.00011706544682965615,2
2013-01-29,13,2.0,5.0,1.0,5.0,0.9571904525510033,0.021084254396555344,2.0937609825095933,0.9109209258622286,13
2013-01-30,2,0.0,1.0,0.0,1.0,0.054221370692175676,0.0023253715962709013,0.0025094996817641995,2.6525418434175663e-05,2
2013-01-31,6,1.0,0.0,3.0,2.0,0.00041101188708120333,9.820865852816496e-05,0.00012962799883098342,0.04294404375832515,6
2013-02-01,1,0.0,1.0,0.0,0.0,0.993746817111969,3.607665712479502e-05,3.589564948924817e-05,1.85023218364222e-05,1
2013-02-02,7,1.0,5.0,1.0,0.0,1.0116178758325984,0.02036680430683177,0.0004413161541377786,0.035402896425693955,7
2013-02-03,0,,,,,0.0,0.0,0.0,0.0,0
2013-02-04,3,0.0,1.0,1.0,1.0,1.022861817924422,0.002121736561093709,0.2950167710196183,0.04219121853384416,3
2013-02-05,5,2.0,1.0,0.0,2.0,0.3974946956368511,0.05689597145374119,0.9402548484613362,0.02189420952618082,5
2013-02-06,2,0.0,0.0,2.0,0.0,0.0011881940299644,3.7313910070224665e-05,3.638755515567027e-05,0.12224672362208361,2
2013-02-07,5,0.0,3.0,0.0,2.0,0.7984978034401137,0.003770672510654547,2.167281592497602,7.539952184743015e-05,5
2013-02-08,0,,,,,0.0,0.0,0.0,0.0,0
2013-02-09,3,2.0,1.0,0.0,0.0,1.024685564905667,0.9740973066964217,7.115110929589719e-05,4.2940734601870645e-05,3
2013-02-10,0,,,,,0.0,0.0,0.0,0.0,0
2013-02-11,1,0.0,0.0,0.0,1.0,0.0008856370695866,7.578256918350235e-05,0.7631112933158875,1.9904317014152184e-05,1
2013-02-12,1,0.0,0.0,1.0,0.0,0.9293453693389891,0.0003476269484963,8.41552609927021e-05,0.9508063793182372,1
2013-02-13,7,0.0,2.0,1.0,4.0,0.2896957042612482,0.0007393170781141486,3.9558749596380944,0.10533539859716248,7
2013-02-14,0,,,,,0.0,0.0,0.0,0.0,0
2013-02-15,0,,,,,0.0,0.0,0.0,0.0,0
2013-02-16,0,,,,,0.0,0.0,0.0,0.0,0
2013-02-17,0,,,,,0.0,0.0,0.0,0.0,0
2013-02-18,3,0.0,1.0,0.0,2.0,0.00035054328691329746,0.0004869297627009465,1.9866784764981276,4.3515212382772006e-05,3
2013-02-19,3,1.0,0.0,2.0,0.0,0.001992134868487385,0.00017290502728427716,0.00010498431220185012,0.012096980308342518,2
2013-02-20,2,1.0,0.0,0.0,1.0,0.0039917438407428,0.7201759312301874,0.007763272866213752,2.868418778234627e-05,2
2013-02-21,2,0.0,2.0,0.0,0.0,0.9846675875596702,4.52600415883353e-05,4.508181336859707e-05,2.858407151506981e-05,2
2013-02-22,1,0.0,1.0,0.0,0.0,0.998668134212494,3.656718035927042e-05,2.4913420929806307e-05,1.758213147695642e-05,1
2013-02-23,4,0.0,3.0,1.0,0.0,1.8977695795911131,0.0003147472889395378,0.0007121291901057139,0.9240661727599216,4
2013-02-24,0,,,,,0.0,0.0,0.0,0.0,0
2013-02-25,6,1.0,3.0,0.0,2.0,1.0375316301360724,0.9526164903072638,1.9596296807758335,0.9285866459940736,6
2013-02-26,2,0.0,2.0,0.0,0.0,0.0015534345002378002,3.0578215955756605e-05,3.2959875170490704e-05,2.447252245474374e-05,2
2013-02-27,9,3.0,5.0,0.0,1.0,1.2122858742368403,0.10758901949884583,0.014036587628652156,0.00584057820833523,9
2013-02-28,2,0.0,1.0,1.0,0.0,0.0003540901816449928,3.4018164114968386e-05,0.00037906890065632094,0.13811114857162457,2
2013-03-01,0,,,,,0.0,0.0,0.0,0.0,0
2013-03-02,0,,,,,0.0,0.0,0.0,0.0,0
2013-03-03,0,,,,,0.0,0.0,0.0,0.0,0
2013-03-04,3,0.0,3.0,0.0,0.0,0.28872973471879937,0.009793302328034596,5.4740703490097076e-05,4.3340370211808477e-05,2
2013-03-05,2,0.0,2.0,0.0,0.0,1.0227306671440601,7.95180876593804e-05,3.378048859303817e-05,8.03649818408303e-05,2
2013-03-06,2,1.0,1.0,0.0,0.0,0.0027438413817435,0.014399557316210036,5.8357441957923584e-05,2.6616115974320564e-05,2
2013-03-07,5,1.0,1.0,0.0,3.0,0.48022059071445244,0.013511690716768455,0.9457725491229212,6.931561892997706e-05,5
2013-03-08,1,1.0,0.0,0.0,0.0,0.002745559439063,0.0959978848695755,2.562526788096875e-05,1.4709732568007894e-05,1
2013-03-09,4,1.0,3.0,0.0,0.0,1.949541462759953,0.024275535130072814,0.0016751699804443305,0.00036832265232073804,4
2013-03-10,0,,,,,0.0,0.0,0.0,0.0,0
2013-03-11,2,1.0,0.0,1.0,0.0,0.0004115048723178869,0.1445227585081738,0.00028041173572996875,0.0013662015826411788,2
2013-03-12,0,,,,,0.0,0.0,0.0,0.0,0
2013-03-13,0,,,,,0.0,0.0,0.0,0.0,0
2013-03-14,1,0.0,0.0,0.0,1.0,0.0001283589808735,2.1701547666452825e-05,0.9937825798988342,1.6895999578991905e-05,1
2013-03-15,0,,,,,0.0,0.0,0.0,0.0,0
2013-03-16,0,,,,,0.0,0.0,0.0,0.0,0
2013-03-17,0,,,,,0.0,0.0,0.0,0.0,0
2013-03-18,2,0.0,0.0,0.0,2.0,0.0001439847437723074,3.3635104045970365e-05,1.9077264070510864,3.23506446875399e-05,2
2013-03-19,4,0.0,2.0,0.0,2.0,0.27156164243569936,0.005711751822673143,1.019229356712458,6.711092282785103e-05,4
2013-03-20,2,0.0,1.0,1.0,0.0,0.0011880759848281,3.57286353391828e-05,6.093789852457121e-05,0.005544083915992729,2
2013-03-21,0,,,,,0.0,0.0,0.0,0.0,0
2013-03-22,10,0.0,0.0,1.0,9.0,0.0001976898283828632,0.00017756536635715747,3.509545923101541,0.0016099021240732995,10
2013-03-23,2,0.0,2.0,0.0,0.0,1.9981586933135989,6.544093957927544e-05,3.72894573956728e-05,8.667211113788653e-05,2
2013-03-24,0,,,,,0.0,0.0,0.0,0.0,0
2013-03-25,3,1.0,2.0,0.0,0.0,0.9983251873782137,0.0003501442934065364,0.0004466112677618082,0.9824435571736103,3
2013-03-26,3,1.0,2.0,0.0,0.0,0.000932743281737132,8.495368820149451e-05,5.0214918701385614e-05,4.588741830957588e-05,3
2013-03-27,2,0.0,1.0,0.0,1.0,0.0551414269575616,3.628109061537543e-05,0.0058569607790559,2.7790572858066298e-05,2
2013-03-28,18,4.0,4.0,6.0,4.0,0.004479745181015429,0.006403744404451354,1.9364174769743836,2.0041168365223707,0
2013-03-29,19,1.0,5.0,4.0,9.0,2.005883116352379,0.9912668093884348,2.811155609503657,0.687698841803467,1
2013-03-30,3,1.0,1.0,1.0,0.0,0.0018493573006708168,0.15826547228334675,0.0011146184033349173,0.18866092806547383,3
2013-03-31,0,,,,,0.0,0.0,0.0,0.0,0
2013-04-01,3,0.0,1.0,0.0,2.0,0.025247656216379102,8.858946421241853e-05,0.8538036155823647,0.0003249118599341763,3
2013-04-02,8,1.0,3.0,2.0,2.0,0.044618622295274406,0.0006277010443226596,0.29035230577392207,0.0031983023463907816,6
2013-04-03,1,0.0,1.0,0.0,0.0,0.2681973278522491,0.0052392701618373,2.4530314476578496e-05,1.308284845435992e-05,1
2013-04-04,3,1.0,0.0,1.0,1.0,0.008301063699036531,0.977294617838197,7.365605597442482e-05,0.0063563912590325015,3
2013-04-05,0,,,,,0.0,0.0,0.0,0.0,0
2013-04-06,2,0.0,1.0,1.0,0.0,0.0271726481150835,3.193839256709907e-05,3.757962440431584e-05,0.0212368480861186,2
2013-04-07,0,,,,,0.0,0.0,0.0,0.0,0
2013-04-08,2,0.0,2.0,0.0,0.0,0.0007269040652317322,2.936779219453456e-05,2.8880726858915295e-05,2.5716745767567772e-05,2
2013-04-09,3,0.0,2.0,0.0,1.0,0.0011195695587956685,0.00014801368160988207,0.05659843685498336,4.5536065044871066e-05,1
2013-04-10,1,0.0,1.0,0.0,0.0,2.6397927285870537e-05,1.4857377209409606e-05,1.347177840216318e-05,1.2050290024490096e-05,1
2013-04-11,0,,,,,0.0,0.0,0.0,0.0,0
2013-04-12,2,0.0,0.0,1.0,1.0,0.00047929485299388945,0.00020246672829669213,0.04301146794750814,0.0026002308986789297,2
2013-04-13,1,0.0,1.0,0.0,0.0,0.0036018297541886,2.669417881406844e-05,1.6870490071596578e-05,1.4072718840907328e-05,0
2013-04-14,0,,,,,0.0,0.0,0.0,0.0,0
2013-04-15,2,0.0,2.0,0.0,0.0,0.9987300368084105,3.2802730856928974e-05,4.3964575525023974e-05,3.4004964618361555e-05,2
2013-04-16,0,,,,,0.0,0.0,0.0,0.0,0
2013-04-17,3,0.0,3.0,0.0,0.0,0.0012524549674706002,5.028242503613001e-05,7.660404389753239e-05,9.603803118807264e-05,3
2013-04-18,2,0.0,1.0,0.0,1.0,6.183577352203429e-05,4.671088754548691e-05,4.1164706999552436e-05,2.6818757760338485e-05,1
2013-04-19,18,3.0,7.0,2.0,6.0,5.06676261654502,1.4190791364908362,1.048108492534993,0.9647392021015548,15
2013-04-20,3,0.0,1.0,0.0,2.0,0.007381894420177447,0.00029189499764464626,1.9256492387175967,4.647404239221942e-05,2
2013-04-21,0,,,,,0.0,0.0,0.0,0.0,0
2013-04-22,9,2.0,5.0,0.0,2.0,3.9851628862597863,0.019714897789526644,0.015463114101294109,0.0001328979460595292,9
2013-04-23,4,0.0,2.0,2.0,0.0,0.000981008772214347,6.799136463087052e-05,8.169575812644325e-05,0.14788571733424757,2
2013-04-24,7,0.0,3.0,1.0,3.0,1.1463444848195647,0.008970671848146447,2.935031197475837,0.10479615520853253,6
2013-04-25,0,,,,,0.0,0.0,0.0,0.0,0
2013-04-26,0,,,,,0.0,0.0,0.0,0.0,0
2013-04-27,3,0.0,0.0,0.0,3.0,0.9923545599813223,8.485659236612264e-05,2.573041081428528,4.361378069006605e-05,3
2013-04-28,0,,,,,0.0,0.0,0.0,0.0,0
2013-04-29,6,0.0,2.0,0.0,4.0,1.0187370598086998,0.003963973329518854,2.1499235575793136,9.653220604377566e-05,6
2013-04-30,2,0.0,1.0,0.0,1.0,0.012438750825822199,4.207715937809553e-05,0.8817400367370283,3.2755202482803725e-05,2
2013-05-01,2,1.0,1.0,0.0,0.0,0.998040098696947,0.1353782750666141,0.02517181111034,2.9982937121530995e-05,2
2013-05-02,1,0.0,1.0,0.0,0.0,8.586785406805575e-05,1.9472627172945067e-05,1.299170071433764e-05,1.2121173313062172e-05,1
2013-05-03,0,,,,,0.0,0.0,0.0,0.0,0
2013-05-04,7,2.0,3.0,0.0,2.0,1.0776880186240303,0.9552445149893172,0.007170025806772034,0.0001030410958264838,7
2013-05-05,0,,,,,0.0,0.0,0.0,0.0,0
2013-05-06,3,0.0,1.0,0.0,2.0,0.846477268882154,0.0006372876887325631,2.006582632660866,7.006197847658768e-05,3
2013-05-07,0,,,,,0.0,0.0,0.0,0.0,0
2013-05-08,8,1.0,4.0,1.0,2.0,2.0007737545456616,0.9795059784337353,0.9778510501619165,0.07167241844763338,4
2013-05-09,2,0.0,1.0,1.0,0.0,0.0010876648047996684,3.0231787604861893e-05,3.1325626878242474e-05,0.012572501665999788,2
2013-05-10,1,0.0,1.0,0.0,0.0,0.0002727878163568,1.6524754755664617e-05,2.375643089180812e-05,1.7372234651702456e-05,1
2013-05-11,7,0.0,4.0,1.0,2.0,1.023729777880362,0.000463634170955565,0.9651089724738993,0.011214475654014603,7
2013-05-12,0,,,,,0.0,0.0,0.0,0.0,0
2013-05-13,4,0.0,4.0,0.0,0.0,0.9970088325062535,0.00010913981350313406,6.443897473218385e-05,7.087213452905416e-05,3
2013-05-14,1,0.0,0.0,1.0,0.0,0.0023251865059137,1.5938010619720444e-05,1.986019742616918e-05,0.0574219450354576,1
2013-05-15,0,,,,,0.0,0.0,0.0,0.0,0
2013-05-16,3,0.0,2.0,1.0,0.0,0.0614336841972543,0.0023548909812233843,0.002465769657646877,0.06837080341028921,3
2013-05-17,0,,,,,0.0,0.0,0.0,0.0,0
2013-05-18,2,0.0,1.0,0.0,1.0,0.0022977545449974998,0.0030144327565721747,0.9931891627038568,0.00024670314360255874,2
2013-05-19,0,,,,,0.0,0.0,0.0,0.0,0
2013-05-20,11,0.0,7.0,1.0,3.0,3.9460611210324714,0.0016638544129818596,2.89423886734221,0.00024046126236498822,10
2013-05-21,6,0.0,4.0,0.0,2.0,2.9571695220274705,0.00037705210706913986,0.009535146090456614,0.00010032881982624531,6
2013-05-22,7,0.0,2.0,2.0,3.0,0.04178024283464761,0.000789901697316923,0.0064986169336406305,1.1311272134280443,6
2013-05-23,4,2.0,1.0,0.0,1.0,0.8069192312559608,0.9788283472453256,0.8262799113254005,9.69401053225738e-05,4
2013-05-24,0,,,,,0.0,0.0,0.0,0.0,0
2013-05-25,1,0.0,0.0,0.0,1.0,2.34105082199676e-05,1.4951886441849638e-05,0.9550426602363586,1.557266659801826e-05,1
2013-05-26,0,,,,,0.0,0.0,0.0,0.0,0
2013-05-27,7,0.0,3.0,0.0,4.0,1.022095728419117,0.0002058014360954985,1.2447918514790215,9.797822258406086e-05,5
2013-05-28,1,0.0,1.0,0.0,0.0,2.428637344564777e-05,2.127421976183541e-05,1.4295009350462353e-05,1.3273715012473986e-05,1
2013-05-29,7,1.0,3.0,1.0,2.0,0.010270456185025771,0.020676370122600766,0.9953722169557295,0.06083680428764631,7
2013-05-30,5,1.0,3.0,0.0,1.0,1.025905239619533,0.08733293141085591,0.06214837267179964,7.835702035663417e-05,4
2013-05-31,1,0.0,0.0,0.0,1.0,0.0013163558905944,6.934360135346651e-05,0.9958374500274658,1.4355015991895924e-05,1
2013-06-01,6,0.0,0.0,0.0,6.0,0.061884985547294394,0.00011470624303910881,3.672504046233371,0.001598505366928247,6
2013-06-02,0,,,,,0.0,0.0,0.0,0.0,0
2013-06-03,2,0.0,1.0,1.0,0.0,0.9994950022519333,5.655976747220848e-05,0.00011136999091831967,0.0012132096962885915,2
2013-06-04,0,,,,,0.0,0.0,0.0,0.0,0
2013-06-05,5,2.0,3.0,0.0,0.0,1.0918973610723697,0.010166097177716278,0.00013350395329325693,7.341968012042344e-05,1
2013-06-06,0,,,,,0.0,0.0,0.0,0.0,0
2013-06-07,0,,,,,0.0,0.0,0.0,0.0,0
2013-06-08,0,,,,,0.0,0.0,0.0,0.0,0
2013-06-09,0,,,,,0.0,0.0,0.0,0.0,0
2013-06-10,14,5.0,5.0,1.0,3.0,0.2351392790478708,2.984976855255809,0.9692627684280525,0.001433193396223941,14
2013-06-11,65,10.0,20.0,11.0,24.0,3.094610221261972,4.806092262143466,6.09586857693921,2.9546961759888286,65
2013-06-12,11,0.0,3.0,0.0,8.0,0.906536120533019,0.00022524789892486297,5.952122561310716,0.0008141080470522493,10
2013-06-13,17,3.0,8.0,0.0,6.0,0.5139515506252786,0.09812358628641923,4.694782961557394,0.0002390292393101845,1
2013-06-14,0,,,,,0.0,0.0,0.0,0.0,0
2013-06-15,5,0.0,2.0,1.0,2.0,0.0017926897016875885,0.026786316010657157,1.977827689293008,0.1812109264328682,5
2013-06-16,0,,,,,0.0,0.0,0.0,0.0,0
2013-06-17,5,0.0,2.0,0.0,3.0,0.07985401947371418,0.0012542844651761678,2.111313793435329,0.002169774034882642,4
2013-06-18,2,0.0,0.0,1.0,1.0,0.0016641266411169,3.35001532221213e-05,0.951718775462723,0.04526155079111046,1
2013-06-19,27,2.0,6.0,7.0,12.0,1.7035449018330833,0.044117866047599416,5.362277231693951,3.013251949522782,5
2013-06-20,1,0.0,0.0,0.0,1.0,0.0138959782198071,1.9024148059543226e-05,0.8056034445762634,1.2654609236051328e-05,1
2013-06-21,0,,,,,0.0,0.0,0.0,0.0,0
2013-06-22,3,0.0,1.0,2.0,0.0,0.7874420757580082,0.0006012492467561877,0.00022876585899208435,0.14667407790511777,3
2013-06-23,0,,,,,0.0,0.0,0.0,0.0,0
2013-06-24,3,0.0,3.0,0.0,0.0,1.983266798677505,7.375039240287151e-05,7.616606671945192e-05,0.0026619671089065187,3
2013-06-25,3,0.0,1.0,0.0,2.0,0.04152774934846091,8.981509381555952e-05,1.8994996389519656,4.201841784379212e-05,3
2013-06-26,2,1.0,0.0,0.0,1.0,0.0032287241192532996,0.9450782076874019,0.11314679653878557,2.4838757781253662e-05,2
2013-06-27,2,0.0,1.0,0.0,1.0,0.00017889374066724234,3.3720783903845586e-05,3.575922346499283e-05,2.9548004931712057e-05,2
2013-06-28,0,,,,,0.0,0.0,0.0,0.0,0
2013-06-29,0,,,,,0.0,0.0,0.0,0.0,0
2013-06-30,0,,,,,0.0,0.0,0.0,0.0,0
2013-07-01,5,0.0,2.0,1.0,2.0,1.2655216359380574,0.00017363488404953387,0.7561223296743265,0.9439358750305472,5
2013-07-02,3,0.0,3.0,0.0,0.0,0.000575364967517031,5.3039950216771103e-05,5.107078868604731e-05,3.958856632380048e-05,2
2013-07-03,3,0.0,2.0,1.0,0.0,0.9986256726442662,6.596167349925963e-05,8.890531535143964e-05,0.00032179412482942737,3
2013-07-04,2,0.0,0.0,2.0,0.0,0.0009710499725769,3.306593862362206e-05,3.538147757353727e-05,0.0261893454007803,2
2013-07-05,2,0.0,0.0,0.0,2.0,3.8203845178941265e-05,6.693773866572883e-05,0.0004184276913292,2.7915388272958808e-05,0
2013-07-06,1,1.0,0.0,0.0,0.0,0.0004254020459484,0.0090934811159968,8.407484710915014e-05,1.830864857765846e-05,1
2013-07-07,0,,,,,0.0,0.0,0.0,0.0,0
2013-07-08,4,0.0,3.0,0.0,1.0,0.0002626968125695572,0.01236789530412352,0.9794391123887182,5.874097132618772e-05,3
2013-07-09,1,0.0,0.0,0.0,1.0,1.585258542036172e-05,1.844426333263982e-05,0.0124830827116966,1.3608108929474838e-05,1
2013-07-10,3,0.0,2.0,1.0,0.0,0.0002018480190599803,4.438783525984036e-05,7.257699689944275e-05,0.0003286680157543179,3
2013-07-11,5,0.0,4.0,0.0,1.0,0.8422416377361515,0.00014855174595140852,0.8846040499374794,6.935379497008398e-05,5
2013-07-12,2,0.0,2.0,0.0,0.0,0.8826107315253466,9.79541819106089e-05,0.00021296667546266026,0.019096380853625246,2
2013-07-13,3,1.0,1.0,1.0,0.0,0.010712133545893999,0.9346435548886802,6.02842428634176e-05,0.04527389785835111,3
2013-07-14,0,,,,,0.0,0.0,0.0,0.0,0
2013-07-15,3,0.0,2.0,1.0,0.0,0.9988139412707825,8.689911010151263e-05,5.8676008848124184e-05,0.04528291885708309,3
2013-07-16,2,0.0,0.0,0.0,2.0,0.080492777749896,6.506514000648167e-05,1.9629837274551392,0.00010263728108839132,2
2013-07-17,3,1.0,2.0,0.0,0.0,0.0005704228678950873,0.9478043243216234,0.0007663729338673562,3.812710929196328e-05,3
2013-07-18,2,0.0,1.0,0.0,1.0,0.9937150401528924,0.0009754173006512511,0.9991446123021888,3.858540458168136e-05,2
2013-07-19,0,,,,,0.0,0.0,0.0,0.0,0
2013-07-20,1,1.0,0.0,0.0,0.0,0.0017403009114786,0.9346044659614564,1.8498236386221837e-05,1.2216944014653563e-05,1
2013-07-21,0,,,,,0.0,0.0,0.0,0.0,0
2013-07-22,0,,,,,0.0,0.0,0.0,0.0,0
2013-07-23,0,,,,,0.0,0.0,0.0,0.0,0
2013-07-24,0,,,,,0.0,0.0,0.0,0.0,0
2013-07-25,0,,,,,0.0,0.0,0.0,0.0,0
2013-07-26,2,0.0,1.0,0.0,1.0,0.9994802530782179,5.051534935773816e-05,0.0035360874553588767,5.3025494707981125e-05,2
2013-07-27,4,0.0,1.0,1.0,2.0,0.00993263720010853,8.763554797042161e-05,1.0667008638956759,0.04528673918957792,3
2013-07-28,0,,,,,0.0,0.0,0.0,0.0,0
2013-07-29,43,8.0,14.0,5.0,16.0,1.4374298390839606,1.5227581730678137,4.214265299280669,0.588465100668145,2
2013-07-30,5,1.0,0.0,1.0,3.0,0.02226202400197507,8.36940344015602e-05,1.8931655197429789,0.0007577185078843913,2
2013-07-31,4,0.0,2.0,0.0,2.0,1.0331297995871864,0.00012646795948967338,1.7696839773852844,5.623425658995984e-05,4
2013-08-01,5,1.0,4.0,0.0,0.0,0.003144783016978021,0.0026906165021500046,0.0009753110643941658,7.115750304365065e-05,5
2013-08-02,1,0.0,1.0,0.0,0.0,0.9670612215995787,0.001220969366841,0.0002603092580102,1.859360054368153e-05,1
2013-08-03,4,1.0,0.0,1.0,2.0,0.00020962495000272086,7.621403528901283e-05,0.00010952668890240602,0.0018244200555272972,2
2013-08-04,0,,,,,0.0,0.0,0.0,0.0,0
2013-08-05,10,2.0,5.0,0.0,3.0,1.1543787538121248,0.03025581332985876,0.9676214605842687,0.0001382133987135603,1
2013-08-06,7,0.0,6.0,0.0,1.0,2.6685579737895746,0.00015739902846689802,1.0160536135736038,0.0001033832650136901,5
2013-08-07,6,0.0,2.0,0.0,4.0,1.0654047231655566,0.009772277306183156,3.936344520316197,9.369765393785201e-05,6
2013-08-08,3,1.0,1.0,0.0,1.0,0.018727741440670756,0.9649754565252806,0.00019619664089984507,3.964723691751715e-05,3
2013-08-09,0,,,,,0.0,0.0,0.0,0.0,0
2013-08-10,2,0.0,0.0,0.0,2.0,0.0005684501520590218,3.3676096791168675e-05,0.5180643908679484,2.669034802238457e-05,2
2013-08-11,0,,,,,0.0,0.0,0.0,0.0,0
2013-08-12,0,,,,,0.0,0.0,0.0,0.0,0
2013-08-13,2,0.0,1.0,1.0,0.0,0.0014247392391552195,3.113401271548355e-05,3.4903626328741666e-05,0.011169088375027053,2
2013-08-14,0,,,,,0.0,0.0,0.0,0.0,0
2013-08-15,0,,,,,0.0,0.0,0.0,0.0,0
2013-08-16,1,0.0,1.0,0.0,0.0,5.9005713410442695e-05,1.4494096831185743e-05,1.3532955563277936e-05,1.2382230124785565e-05,1
2013-08-17,0,,,,,0.0,0.0,0.0,0.0,0
2013-08-18,0,,,,,0.0,0.0,0.0,0.0,0
2013-08-19,1,0.0,0.0,0.0,1.0,0.0001025954334181,1.7503360140835866e-05,0.0030052487272769,1.3313732779351994e-05,1
2013-08-20,0,,,,,0.0,0.0,0.0,0.0,0
2013-08-21,2,0.0,2.0,0.0,0.0,0.0001562861434649676,3.7147823604755104e-05,0.00013707489415537566,2.691103327379096e-05,2
2013-08-22,0,,,,,0.0,0.0,0.0,0.0,0
2013-08-23,0,,,,,0.0,0.0,0.0,0.0,0
2013-08-24,2,0.0,1.0,0.0,1.0,0.000551026634639105,5.4116875617182814e-05,9.49933564697858e-05,2.7528740247362293e-05,2
2013-08-25,0,,,,,0.0,0.0,0.0,0.0,0
2013-08-26,1,1.0,0.0,0.0,0.0,0.0018331384053453,0.945059299468994,2.393101567577105e-05,1.2021937436657026e-05,1
2013-08-27,0,,,,,0.0,0.0,0.0,0.0,0
2013-08-28,0,,,,,0.0,0.0,0.0,0.0,0
2013-08-29,0,,,,,0.0,0.0,0.0,0.0,0
2013-08-30,0,,,,,0.0,0.0,0.0,0.0,0
2013-08-31,1,0.0,1.0,0.0,0.0,0.0009232859010808,0.0006190331187099,4.454890586202964e-05,1.4937456398911308e-05,1
2013-09-01,0,,,,,0.0,0.0,0.0,0.0,0
2013-09-02,0,,,,,0.0,0.0,0.0,0.0,0
2013-09-03,1,0.0,0.0,1.0,0.0,9.43126215133816e-05,1.5530249584116973e-05,4.158573210588656e-05,0.0003034292603842,1
2013-09-04,0,,,,,0.0,0.0,0.0,0.0,0
2013-09-05,0,,,,,0.0,0.0,0.0,0.0,0
2013-09-06,0,,,,,0.0,0.0,0.0,0.0,0
2013-09-07,1,0.0,1.0,0.0,0.0,0.9618534445762634,2.4143626433215104e-05,0.0601220615208148,1.578685078129638e-05,1
2013-09-08,0,,,,,0.0,0.0,0.0,0.0,0
2013-09-09,2,1.0,0.0,1.0,0.0,0.0045801756205037,0.93462705769889,0.002017573089688063,0.09442975172987635,2
2013-09-10,3,0.0,2.0,0.0,1.0,0.0002011737560678739,4.607494702213444e-05,0.0002905161436500855,3.850876328215236e-05,3
2013-09-11,1,0.0,1.0,0.0,0.0,7.87684039096348e-05,1.548765430925414e-05,1.5769683159305714e-05,1.2458320270525292e-05,1
2013-09-12,0,,,,,0.0,0.0,0.0,0.0,0
2013-09-13,0,,,,,0.0,0.0,0.0,0.0,0
2013-09-14,1,0.0,0.0,0.0,1.0,0.0042659286409616,1.8124874259228815e-05,0.6998420357704163,1.2543494449346326e-05,1
2013-09-15,0,,,,,0.0,0.0,0.0,0.0,0
2013-09-16,2,0.0,0.0,1.0,1.0,0.0005819099023936999,4.050335155625362e-05,0.009876416886981952,0.0021304204128681998,2
2013-09-17,9,2.0,1.0,0.0,6.0,0.0020142323155595407,0.9348587569402299,0.0003107337824985734,0.00011799093681474915,8
2013-09-18,4,1.0,1.0,0.0,2.0,1.5565897761334782,0.0005447547573566189,1.9796104505358016,0.05081973903725153,3
2013-09-19,4,1.0,2.0,0.0,1.0,0.9413502120878546,0.9452867328800493,0.07687404347961987,0.002916384217314765,4
2013-09-20,2,1.0,0.0,0.0,1.0,0.005505894732777916,0.9712096222465335,0.0012015983866148498,2.5861299036478158e-05,2
2013-09-21,1,0.0,0.0,1.0,0.0,9.431239595869556e-05,1.5530249584116973e-05,4.15854956372641e-05,0.0003034333349205,1
2013-09-22,0,,,,,0.0,0.0,0.0,0.0,0
2013-09-23,2,0.0,1.0,0.0,1.0,0.9508947060885475,3.805204323725775e-05,0.00021056899095120391,2.9567697310994845e-05,2
2013-09-24,0,,,,,0.0,0.0,0.0,0.0,0
2013-09-25,2,0.0,1.0,0.0,1.0,0.0001417536877852399,3.2692812965251505e-05,0.004025655096484074,0.0005468944391395679,2
2013-09-26,0,,,,,0.0,0.0,0.0,0.0,0
2013-09-27,0,,,,,0.0,0.0,0.0,0.0,0
2013-09-28,3,0.0,0.0,1.0,2.0,0.0017476150242145,0.00011748265478672693,1.0252729336625634,0.045286519338333095,3
2013-09-29,0,,,,,0.0,0.0,0.0,0.0,0
2013-09-30,13,1.0,1.0,1.0,10.0,0.0013010846068936262,0.979670976747002,0.0209647041001517,0.0005507347259480766,12
2013-10-01,2,0.0,2.0,0.0,0.0,1.9962190389633179,0.01852130080078494,0.0008736392683203188,0.005780278301244758,2
2013-10-02,5,0.0,0.0,0.0,5.0,0.007935802132124053,0.0001650567883189069,0.9344544506166131,6.559688699780963e-05,5
2013-10-03,5,1.0,1.0,1.0,2.0,0.0025280627560276972,0.0008351527994818314,0.029611611502332248,0.0011298893314231823,5
2013-10-04,0,,,,,0.0,0.0,0.0,0.0,0
2013-10-05,4,1.0,1.0,0.0,2.0,0.032246680562820776,7.689711492275819e-05,1.6236582262463344,6.0590283283090685e-05,4
2013-10-06,0,,,,,0.0,0.0,0.0,0.0,0
2013-10-07,9,0.0,3.0,1.0,5.0,0.8927279100280427,0.0005252865839792354,3.922083342127735,0.34802232294532587,9
2013-10-08,2,0.0,1.0,0.0,1.0,0.011992571395239737,3.960585127060767e-05,0.9469992273952811,3.2478592402185313e-05,1
2013-10-09,5,0.0,4.0,0.0,1.0,1.9720260583817435,0.031146787428951817,0.8458154833260778,0.0001260131066374015,5
2013-10-10,17,0.0,0.0,0.0,17.0,0.011152086557558472,0.0006039643285475904,0.9521144409991394,0.0002245461982965935,17
2013-10-11,1,0.0,1.0,0.0,0.0,0.0038400047924369,1.705990325717721e-05,1.729790892568417e-05,1.3099444913677871e-05,1
2013-10-12,13,0.0,3.0,0.0,10.0,1.131540972543007,0.00032978152921714354,2.27613417133216,0.009788068190573455,12
2013-10-13,0,,,,,0.0,0.0,0.0,0.0,0
2013-10-14,4,0.0,1.0,0.0,3.0,0.013507849689631129,0.00012920547669637017,1.9895580656630045,0.00028977823512832396,4
2013-10-15,13,0.0,12.0,1.0,0.0,0.0006840807727712585,0.00039412666592397727,0.0012428182308212583,0.008326123045662813,13
2013-10-16,9,0.0,7.0,0.0,2.0,0.10655945329199312,0.01617895287563439,0.02523205183206296,0.00011606187672441591,9
2013-10-17,0,,,,,0.0,0.0,0.0,0.0,0
2013-10-18,0,,,,,0.0,0.0,0.0,0.0,0
2013-10-19,1,0.0,0.0,0.0,1.0,0.0007827696972526,1.866800266725477e-05,0.9516969919204712,1.3265855159261264e-05,0
2013-10-20,0,,,,,0.0,0.0,0.0,0.0,0
2013-10-21,22,1.0,11.0,3.0,7.0,2.977191131514701,0.0337281553020146,1.0510603242510117,0.8675709340504909,21
2013-10-22,4,1.0,0.0,2.0,1.0,0.0006355684145090869,8.315362356370315e-05,0.9720665277454829,0.001487078755417226,4
2013-10-23,5,2.0,2.0,0.0,1.0,0.002383145385465215,1.0077772280965291,0.9376983744541573,7.426377305819187e-05,5
2013-10-24,1,1.0,0.0,0.0,0.0,0.0001412841083947,0.0252118669450283,5.394329127739184e-05,1.232092563441256e-05,1
2013-10-25,1,0.0,0.0,1.0,0.0,0.0092478618025779,3.573882349883206e-05,0.0125296516343951,0.0301856584846973,1
2013-10-26,6,0.0,2.0,2.0,2.0,0.012781243498466129,0.0024271226811833275,0.05978909423447453,0.021593582777313672,6
2013-10-27,0,,,,,0.0,0.0,0.0,0.0,0
2013-10-28,2,0.0,1.0,0.0,1.0,0.9040879578351451,0.00038370729816958576,0.9155606654476287,2.9763845304842107e-05,2
2013-10-29,4,1.0,2.0,1.0,0.0,0.045160463683714465,0.9395992513709642,0.0015667275692975275,0.000352854493030407,4
2013-10-30,3,0.0,1.0,0.0,2.0,0.0881780867930501,6.022691559337545e-05,1.071277796931099,4.034752691950416e-05,3
2013-10-31,3,0.0,2.0,0.0,1.0,1.987539872250636,0.00012192581380077172,0.2445853484459803,4.526651810010662e-05,3
2013-11-01,0,,,,,0.0,0.0,0.0,0.0,0
2013-11-02,0,,,,,0.0,0.0,0.0,0.0,0
2013-11-03,0,,,,,0.0,0.0,0.0,0.0,0
2013-11-04,3,1.0,1.0,1.0,0.0,0.11003204607914077,5.773104749096092e-05,0.009817215246584812,0.8818086958071945,3
2013-11-05,1,0.0,0.0,0.0,1.0,4.1460050852037966e-05,1.4576170542568434e-05,4.527521014097147e-05,1.5421199350384995e-05,1
2013-11-06,0,,,,,0.0,0.0,0.0,0.0,0
2013-11-07,5,2.0,2.0,0.0,1.0,0.9912854508474993,0.0001363509290968068,0.9674689745033902,7.025697868812131e-05,5
2013-11-08,0,,,,,0.0,0.0,0.0,0.0,0
2013-11-09,3,0.0,0.0,2.0,1.0,0.01139701408828837,6.209015555214137e-05,0.998391515244293,0.9666507502461174,3
2013-11-10,0,,,,,0.0,0.0,0.0,0.0,0
2013-11-11,1,0.0,1.0,0.0,0.0,0.9992595314979552,2.7652571588987485e-05,1.8724389519775286e-05,2.343789856240619e-05,1
2013-11-12,0,,,,,0.0,0.0,0.0,0.0,0
2013-11-13,0,,,,,0.0,0.0,0.0,0.0,0
2013-11-14,0,,,,,0.0,0.0,0.0,0.0,0
2013-11-15,1,0.0,1.0,0.0,0.0,0.0001095682309824,0.0001070602156687,5.091116327093914e-05,1.442848406441044e-05,1
2013-11-16,9,1.0,6.0,0.0,2.0,2.0455221518614053,0.9366215389472927,0.0004548029946817216,0.9755205630281125,9
2013-11-17,0,,,,,0.0,0.0,0.0,0.0,0
2013-11-18,5,0.0,3.0,0.0,2.0,1.990163523609226,0.0016709317587810034,1.4611881141281626,0.0032197310783885504,5
2013-11-19,2,1.0,0.0,0.0,1.0,0.0006904971469338365,0.009444039762456623,0.0003602940487325,3.5854171073879115e-05,2
2013-11-20,3,1.0,0.0,0.0,2.0,0.0018466420078766443,0.9346508969019851,0.0005140526518515776,3.69469362340169e-05,3
2013-11-21,4,0.0,2.0,0.0,2.0,1.0012866243050667,0.009149648729362343,1.0225793323043035,0.00048171918570001914,4
2013-11-22,2,0.0,1.0,0.0,1.0,0.8937608224805444,0.0137439129321136,0.03546477873896944,3.120561177638592e-05,2
2013-11-23,6,1.0,1.0,1.0,3.0,0.014085361218349133,0.00011022709713870427,0.9205997447606933,0.0003734128686118306,6
2013-11-24,0,,,,,0.0,0.0,0.0,0.0,0
2013-11-25,1,0.0,1.0,0.0,0.0,0.9936324954032898,2.389852852502372e-05,4.435841765371151e-05,1.6840100215631537e-05,1
2013-11-26,2,0.0,2.0,0.0,0.0,8.101529601844959e-05,3.305307927803369e-05,3.126851788692875e-05,2.662502447492443e-05,2
2013-11-27,4,1.0,1.0,1.0,1.0,0.5210691089378088,8.007774704310577e-05,0.0005191613927306991,0.0003419573713471432,2
2013-11-28,5,0.0,2.0,2.0,1.0,1.9358605566740152,0.0002648177942319133,0.9998970664928493,0.050761776079525506,5
2013-11-29,2,0.0,1.0,0.0,1.0,1.1674700826406479,5.8842633734457195e-05,0.8326665120221151,3.3473070288891904e-05,2
2013-11-30,4,0.0,3.0,0.0,1.0,0.03223551616247262,0.00021041253876319388,0.8559915035903031,5.742797929997323e-05,4
2013-12-01,0,,,,,0.0,0.0,0.0,0.0,0
2013-12-02,4,1.0,2.0,0.0,1.0,0.0007732441590632282,0.06262347737265368,0.4622782560900304,5.198722010391066e-05,4
2013-12-03,4,1.0,1.0,1.0,1.0,0.9840318993083201,0.9346639058512665,0.6999164122116781,0.08788580379314219,4
2013-12-04,4,3.0,0.0,0.0,1.0,0.006474739091572512,1.879704039220087,0.9338884777662315,5.264901483315043e-05,3
2013-12-05,2,0.0,0.0,0.0,2.0,0.021689402223273625,4.668696601584088e-05,0.9567465628751962,2.681713976926403e-05,2
2013-12-06,1,0.0,1.0,0.0,0.0,0.0005809221765957,1.621220690140035e-05,1.3452919120027218e-05,1.2355270882835612e-05,1
2013-12-07,0,,,,,0.0,0.0,0.0,0.0,0
2013-12-08,0,,,,,0.0,0.0,0.0,0.0,0
2013-12-09,1,0.0,0.0,0.0,1.0,0.7049791812896729,8.317613537656143e-05,0.9983307719230652,1.4420843399420846e-05,1
2013-12-10,2,0.0,0.0,0.0,2.0,0.000121439850772731,4.0465547499479726e-05,1.2069791704416275,2.8651441425608937e-05,2
2013-12-11,1,0.0,0.0,0.0,1.0,1.585258542036172e-05,1.8444254237692803e-05,0.0124830743297934,1.3608108929474838e-05,1
2013-12-12,3,0.0,2.0,0.0,1.0,0.0001994811354961712,5.0159829697804525e-05,0.0002977975109387658,3.8551981560885906e-05,3
2013-12-13,3,0.0,1.0,0.0,2.0,0.013419858502857037,6.869722346891649e-05,1.9986860726112354,4.1881292418111116e-05,2
2013-12-14,0,,,,,0.0,0.0,0.0,0.0,0
2013-12-15,0,,,,,0.0,0.0,0.0,0.0,0
2013-12-16,7,0.0,1.0,0.0,6.0,0.9927622159866586,0.49037994692662323,1.5117383821325348,0.00011694269869622076,4
2013-12-17,0,,,,,0.0,0.0,0.0,0.0,0
2013-12-18,0,,,,,0.0,0.0,0.0,0.0,0
2013-12-19,3,0.0,2.0,1.0,0.0,0.9989199589581402,6.239629328774754e-05,6.88075197103899e-05,0.045276405442564276,3
2013-12-20,0,,,,,0.0,0.0,0.0,0.0,0
2013-12-21,9,1.0,5.0,0.0,3.0,0.28700603402830865,0.010139260848518334,2.916707721971761,0.0001567103854540619,9
2013-12-22,0,,,,,0.0,0.0,0.0,0.0,0
2013-12-23,3,0.0,1.0,0.0,2.0,0.00010882258538913447,6.379384831234347e-05,0.000324938435369315,4.074289881828008e-05,3
2013-12-24,18,3.0,5.0,3.0,7.0,3.5165474200575773,0.9374306924528353,0.15526082107407982,0.947002441313998,18
2013-12-25,1,0.0,1.0,0.0,0.0,0.0686451196670532,1.8345832359045744e-05,0.0069266674108803,1.617713314772118e-05,1
2013-12-26,2,1.0,1.0,0.0,0.0,0.037822912334377096,0.960685716729131,3.592684242903488e-05,2.6890851586358622e-05,1
2013-12-27,5,1.0,1.0,0.0,3.0,0.012324121758865535,0.009193775631501854,1.2296326436480738,8.284346949949395e-05,5
2013-12-28,0,,,,,0.0,0.0,0.0,0.0,0
2013-12-29,0,,,,,0.0,0.0,0.0,0.0,0
2013-12-30,3,0.0,1.0,2.0,0.0,0.0018131421747965676,4.753884240926709e-05,0.00010938069681287743,0.0115661928284679,3
2013-12-31,0,,,,,0.0,0.0,0.0,0.0,0
2014-01-01,0,,,,,0.0,0.0,0.0,0.0,0
2014-01-02,0,,,,,0.0,0.0,0.0,0.0,0
2014-01-03,0,,,,,0.0,0.0,0.0,0.0,0
2014-01-04,0,,,,,0.0,0.0,0.0,0.0,0
2014-01-05,0,,,,,0.0,0.0,0.0,0.0,0
2014-01-06,0,,,,,0.0,0.0,0.0,0.0,0
2014-01-07,1,0.0,1.0,0.0,0.0,5.900644464418292e-05,1.4494083188765217e-05,1.353296192974085e-05,1.2382241948216688e-05,1
2014-01-08,0,,,,,0.0,0.0,0.0,0.0,0
2014-01-09,0,,,,,0.0,0.0,0.0,0.0,0
2014-01-10,1,0.0,1.0,0.0,0.0,7.81430717324838e-05,1.8573911802377552e-05,6.853744707768783e-05,1.345551663689548e-05,1
2014-01-11,1,0.0,1.0,0.0,0.0,8.960915874922648e-05,1.521727790532168e-05,1.4487263797491323e-05,1.2493596841522958e-05,1
2014-01-12,0,,,,,0.0,0.0,0.0,0.0,0
2014-01-13,3,0.0,1.0,0.0,2.0,1.5375774421117967,9.202435467159376e-05,0.9781515020877122,4.397588872961933e-05,3
2014-01-14,6,2.0,2.0,1.0,1.0,0.012578729663800638,1.9126613598837139,0.24463347502842223,0.04531230457087076,5
2014-01-15,0,,,,,0.0,0.0,0.0,0.0,0
2014-01-16,2,1.0,1.0,0.0,0.0,0.0020121354609726,0.9783314778542263,5.0349846787867136e-05,2.5320019631180912e-05,2
2014-01-17,0,,,,,0.0,0.0,0.0,0.0,0
2014-01-18,2,0.0,1.0,0.0,1.0,0.10305530218465717,0.0044846411146863795,0.09964325096007079,2.6391230676381383e-05,2
2014-01-19,0,,,,,0.0,0.0,0.0,0.0,0
2014-01-20,2,1.0,1.0,0.0,0.0,0.9889343618306156,4.776986133947503e-05,6.22372426732909e-05,3.276099323556991e-05,1
2014-01-21,0,,,,,0.0,0.0,0.0,0.0,0
2014-01-22,0,,,,,0.0,0.0,0.0,0.0,0
2014-01-23,4,0.0,1.0,3.0,0.0,0.0025748595435286003,6.818697329435963e-05,8.64833637024276e-05,0.05798806056645827,4
2014-01-24,1,1.0,0.0,0.0,0.0,0.0142521262168884,0.0177703984081745,0.001640657777898,1.3994239452586044e-05,1
2014-01-25,6,0.0,2.0,1.0,3.0,1.0217256458836343,0.0003881360744343766,0.9225490228272972,0.0018826224732037796,5
2014-01-26,0,,,,,0.0,0.0,0.0,0.0,0
2014-01-27,7,0.0,2.0,1.0,4.0,0.038324802215356335,0.00016504263476235792,3.605596915392198,0.14643746190085943,7
2014-01-28,3,0.0,1.0,0.0,2.0,0.006293451933743129,7.514274875575211e-05,0.9817729741844232,4.1848810724332e-05,3
2014-01-29,1,0.0,1.0,0.0,0.0,0.988027036190033,2.1821104382979684e-05,1.843842437665444e-05,1.4040526366443372e-05,1
2014-01-30,4,1.0,0.0,0.0,3.0,0.05024298830539899,0.008306944884679908,2.8320921790073044,6.390034377545817e-05,4
2014-01-31,0,,,,,0.0,0.0,0.0,0.0,0
2014-02-01,2,1.0,1.0,0.0,0.0,0.008641670181532371,0.0011308329412713,0.0011589138339331835,8.333598452736624e-05,2
2014-02-02,0,,,,,0.0,0.0,0.0,0.0,0
2014-02-03,1,0.0,1.0,0.0,0.0,3.983526403317228e-05,1.756264282448683e-05,1.835905641200952e-05,1.345939381280914e-05,1
2014-02-04,0,,,,,0.0,0.0,0.0,0.0,0
2014-02-05,0,,,,,0.0,0.0,0.0,0.0,0
2014-02-06,3,0.0,2.0,1.0,0.0,1.8797279113787226,0.0054946863165240825,8.566626274841838e-05,0.01142595069541129,3
2014-02-07,3,2.0,1.0,0.0,0.0,1.0105178179219363,0.9826253451283264,0.0002724602782108701,4.6221455704653636e-05,3
2014-02-08,3,1.0,0.0,1.0,1.0,0.004593198780639795,6.274869156186469e-05,0.8895096532596654,0.00033030048416543475,3
2014-02-09,0,,,,,0.0,0.0,0.0,0.0,0
2014-02-10,3,1.0,0.0,1.0,1.0,0.0023871689882069935,0.9450921991510767,0.0004895660822512401,0.009964890778974186,3
2014-02-11,3,0.0,2.0,0.0,1.0,1.318654768168926,0.007352373555477188,0.9304906174875214,4.261477806721814e-05,3
2014-02-12,2,0.0,0.0,2.0,0.0,0.004419683220476094,3.826338070211932e-05,7.031103814369999e-05,0.740976940956898,2
2014-02-13,2,1.0,1.0,0.0,0.0,0.9935620854193985,8.141249963955488e-05,4.2173429392278194e-05,2.8058368116035126e-05,2
2014-02-14,0,,,,,0.0,0.0,0.0,0.0,0
2014-02-15,1,0.0,1.0,0.0,0.0,2.143896563211456e-05,2.0468611182877797e-05,1.7203568859258667e-05,1.928103120008018e-05,0
2014-02-16,0,,,,,0.0,0.0,0.0,0.0,0
2014-02-17,3,0.0,2.0,0.0,1.0,0.0124287815342539,5.1030501708737575e-05,0.9641605902597803,3.875194852298591e-05,3
2014-02-18,4,0.0,1.0,2.0,1.0,0.008583511720644168,9.60380612013978e-05,0.011482929594421844,0.19240133634957599,4
2014-02-19,1,0.0,0.0,0.0,1.0,0.0052754869684576,3.352893691044301e-05,0.5608627796173096,0.0229367930442094,1
2014-02-20,0,,,,,0.0,0.0,0.0,0.0,0
2014-02-21,0,,,,,0.0,0.0,0.0,0.0,0
2014-02-22,0,,,,,0.0,0.0,0.0,0.0,0
2014-02-23,0,,,,,0.0,0.0,0.0,0.0,0
2014-02-24,5,0.0,1.0,1.0,3.0,0.9067550938980276,0.00011848381109302865,0.034433707531206684,0.006724030937220868,4
2014-02-25,4,0.0,4.0,0.0,0.0,0.10655734341344203,0.01600361771670569,0.00011621501653280575,5.014964790461818e-05,4
2014-02-26,4,0.0,3.0,0.0,1.0,0.7780203516067558,0.00010807797116285656,0.00011968872968282085,6.405217845895095e-05,3
2014-02-27,5,0.0,4.0,0.0,1.0,0.06359843302925572,0.012742505584355949,0.9111970091807962,6.799577295169001e-05,4
2014-02-28,1,0.0,1.0,0.0,0.0,0.0268781445920467,2.642479921632912e-05,0.0011504594003781,1.5933885151753202e-05,1
2014-03-01,3,0.0,2.0,1.0,0.0,0.008375654331757625,8.42882809592993e-05,0.0003745048588824762,0.9710258166214771,3
2014-03-02,0,,,,,0.0,0.0,0.0,0.0,0
2014-03-03,7,3.0,1.0,2.0,1.0,0.0001517220134701347,0.00012355888065940235,0.8439139153051656,1.338629865097573,3
2014-03-04,3,1.0,0.0,0.0,2.0,0.9625876269419676,0.09964266183669673,1.950555834286206,0.00038076819510022924,3
2014-03-05,1,0.0,1.0,0.0,0.0,0.9368833303451538,0.0090027814731001,3.2970750908134505e-05,2.2578740754397583e-05,1
2014-03-06,3,1.0,0.0,0.0,2.0,0.002773520242044465,0.015136551057366842,0.012561684314277911,4.2956950892403256e-05,3
2014-03-07,0,,,,,0.0,0.0,0.0,0.0,0
2014-03-08,3,0.0,1.0,0.0,2.0,0.09980342654307593,0.0008535548568033717,1.9307295689723105,4.086792887392221e-05,1
2014-03-09,0,,,,,0.0,0.0,0.0,0.0,0
2014-03-10,34,3.0,15.0,5.0,11.0,1.1013610169693488,0.34591575623744547,4.846060631024557,0.8299353719385179,33
2014-03-11,3,0.0,2.0,1.0,0.0,0.19667090761686262,7.290231587830931e-05,9.129176578426268e-05,0.06782052177732106,3
2014-03-12,2,0.0,1.0,1.0,0.0,0.00025931333220795304,3.1391007723868825e-05,0.00011941905177081935,0.0011884808382091213,2
2014-03-13,18,1.0,9.0,3.0,5.0,2.993084088786418,0.009502464296019628,0.9689753417587778,0.03340059440961322,18
2014-03-14,0,,,,,0.0,0.0,0.0,0.0,0
2014-03-15,2,1.0,0.0,0.0,1.0,6.951790419407189e-05,4.2553119783406146e-05,0.017080279265428457,3.024563193321228e-05,2
2014-03-16,0,,,,,0.0,0.0,0.0,0.0,0
2014-03-17,18,1.0,7.0,2.0,8.0,0.12425849898954736,0.9581493579989908,1.8734212432100317,0.06484332319359962,8
2014-03-18,3,0.0,2.0,0.0,1.0,0.07770411433193646,0.005852464009876684,7.72935054556001e-05,4.5263836000231095e-05,3
2014-03-19,9,1.0,4.0,2.0,2.0,0.7781626352680177,0.2155264173588875,1.0136486098599562,0.05095220099792634,5
2014-03-20,3,1.0,1.0,0.0,1.0,0.0018923813877334446,0.0017596690904610553,0.9828617421462693,4.6819310227874666e-05,3
2014-03-21,0,,,,,0.0,0.0,0.0,0.0,0
2014-03-22,5,0.0,5.0,0.0,0.0,1.2369890387872144,0.0004484751607376512,0.00802023257710949,7.698513581999578e-05,5
2014-03-23,0,,,,,0.0,0.0,0.0,0.0,0
2014-03-24,18,4.0,10.0,0.0,4.0,2.822200938547212,2.0581252015053906,2.111455912454403,0.00027812377629743423,14
2014-03-25,4,0.0,3.0,0.0,1.0,0.03804351370854403,7.299087883438915e-05,0.9554617879221041,5.227129895502003e-05,4
2014-03-26,4,1.0,2.0,1.0,0.0,1.786780060707315,0.00010949492752843071,0.00012211202556500211,0.0003500065276966216,4
2014-03-27,4,1.0,1.0,0.0,2.0,0.907179887388338,0.0006330924279607672,1.0478043329749198,5.76538323002751e-05,4
2014-03-28,0,,,,,0.0,0.0,0.0,0.0,0
2014-03-29,0,,,,,0.0,0.0,0.0,0.0,0
2014-03-30,0,,,,,0.0,0.0,0.0,0.0,0
2014-03-31,4,1.0,2.0,0.0,1.0,1.0003938605295841,0.9298662173623597,0.24474228588769614,6.131322879809886e-05,3
2014-04-01,5,0.0,2.0,2.0,1.0,0.023015138614937196,0.0001120666993301711,0.9100073053587039,0.030808034583060293,5
2014-04-02,1,1.0,0.0,0.0,0.0,0.0001347034994978,0.0483548603951931,8.209503721445799e-05,1.5577234080410562e-05,1
2014-04-03,13,2.0,1.0,3.0,7.0,0.022526876001393203,0.9784059999819874,2.8282264908993966,0.9895934403757561,13
2014-04-04,15,1.0,1.0,0.0,13.0,0.013713209137676844,0.008945457036133891,2.1074821850816075,0.00023151931145548588,15
2014-04-05,5,0.0,1.0,3.0,1.0,0.0015376406299764348,8.227842045016587e-05,0.9519220108759326,0.9394428090809014,2
2014-04-06,0,,,,,0.0,0.0,0.0,0.0,0
2014-04-07,1,0.0,1.0,0.0,0.0,8.60748186823912e-05,1.622579657123424e-05,1.8474507669452574e-05,1.267922289116541e-05,1
2014-04-08,7,4.0,3.0,0.0,0.0,0.004347148724263958,1.0857273120109312,0.024698460401850683,0.00011097430979134515,3
2014-04-09,13,4.0,1.0,1.0,7.0,0.008127826968120458,0.06330804615299707,1.714353227075662,0.0002131860801455332,0
2014-04-10,2,1.0,0.0,0.0,1.0,3.8969596062088385e-05,4.5497627070290036e-05,0.04064807969916726,3.260727044107625e-05,2
2014-04-11,0,,,,,0.0,0.0,0.0,0.0,0
2014-04-12,0,,,,,0.0,0.0,0.0,0.0,0
2014-04-13,0,,,,,0.0,0.0,0.0,0.0,0
2014-04-14,2,0.0,2.0,0.0,0.0,0.8941114209592341,7.759597428957932e-05,7.295526120287832e-05,3.2195910534937866e-05,2
2014-04-15,3,1.0,1.0,0.0,1.0,0.0006381683870131285,5.7765508245211095e-05,0.001498030844231786,4.9240873522649053e-05,3
2014-04-16,1,0.0,1.0,0.0,0.0,0.9990993738174438,3.3971373341046274e-05,2.2982649170444347e-05,1.7247002688236535e-05,1
2014-04-17,2,0.0,1.0,1.0,0.0,0.00012042722300975583,3.630309038271662e-05,6.388515612343326e-05,0.00031869606027606825,1
2014-04-18,2,0.0,1.0,1.0,0.0,0.00014704813656862825,3.1012118597573135e-05,3.320261293993099e-05,0.00016271078129645377,2
2014-04-19,18,5.0,8.0,3.0,2.0,0.227772601843753,3.9386112787506136,0.003700593908433699,0.9619016772967369,18
2014-04-20,0,,,,,0.0,0.0,0.0,0.0,0
2014-04-21,19,2.0,3.0,5.0,9.0,0.02896189097009469,0.9026709631962148,5.7760885198285905,0.1329363978729813,19
2014-04-22,1,0.0,0.0,0.0,1.0,0.0356605164706707,1.6246372979367152e-05,0.9249265789985656,1.2745099411404226e-05,1
2014-04-23,5,0.0,2.0,1.0,2.0,0.08728972369863175,0.0005250699086900485,1.8570296997859261,0.001233120645338109,5
2014-04-24,3,0.0,2.0,0.0,1.0,1.0025505868870823,5.1146143960068e-05,0.864396094568292,4.293863366910955e-05,3
2014-04-25,6,0.0,2.0,0.0,4.0,0.013837353770213617,0.004253996468833044,0.025685281065307104,8.156521198543487e-05,6
2014-04-26,3,0.0,0.0,1.0,2.0,0.0007213764765764759,4.557208376354538e-05,0.00011052762965846341,0.04322464091092107,3
2014-04-27,0,,,,,0.0,0.0,0.0,0.0,0
2014-04-28,0,,,,,0.0,0.0,0.0,0.0,0
2014-04-29,3,0.0,2.0,0.0,1.0,0.008259069276391483,0.002914284455982815,0.9994351640616513,4.101983086002292e-05,2
2014-04-30,1,0.0,0.0,0.0,1.0,1.901256837300025e-05,1.6584819604759105e-05,0.9343205690383912,1.3146614946890622e-05,1
2014-05-01,0,,,,,0.0,0.0,0.0,0.0,0
2014-05-02,0,,,,,0.0,0.0,0.0,0.0,0
2014-05-03,4,0.0,1.0,1.0,2.0,0.0030123087926765,0.0001813569197110484,1.7054254687973298,0.01126728366034512,4
2014-05-04,0,,,,,0.0,0.0,0.0,0.0,0
2014-05-05,0,,,,,0.0,0.0,0.0,0.0,0
2014-05-06,2,0.0,1.0,0.0,1.0,0.5771146315382794,3.40418700943701e-05,0.852771176258102,2.7551795938052237e-05,2
2014-05-07,1,0.0,1.0,0.0,0.0,0.0017670311499387,1.9113573216600344e-05,2.104969826177694e-05,1.793241608538665e-05,1
2014-05-08,26,2.0,2.0,3.0,19.0,0.08254778820082706,1.9746715727260378,2.3920958775433965,0.030321697548970107,26
2014-05-09,11,2.0,0.0,1.0,8.0,0.020710156855784544,0.990466860676861,1.0179840335968038,0.07040953706655265,11
2014-05-10,0,,,,,0.0,0.0,0.0,0.0,0
2014-05-11,0,,,,,0.0,0.0,0.0,0.0,0
2014-05-12,4,0.0,2.0,0.0,2.0,0.009499501555183075,7.330037260544486e-05,0.9499871350053583,5.3848007155465893e-05,3
2014-05-13,4,1.0,1.0,1.0,1.0,0.9824493642918242,0.006883433063194309,0.996366512275017,0.00037919161968596934,3
2014-05-14,2,1.0,1.0,0.0,0.0,0.001785299595212552,0.9346411545593584,5.0949069191119634e-05,2.5122904844465666e-05,2
2014-05-15,4,0.0,4.0,0.0,0.0,2.081451511010527,0.022106904296378967,0.021657748871802867,6.333295641525183e-05,4
2014-05-16,2,0.0,1.0,0.0,1.0,0.9559681117534637,5.110264464747161e-05,1.013059951364994,2.6651877305994276e-05,2
2014-05-17,1,0.0,0.0,1.0,0.0,9.431284706806764e-05,1.5530265955021605e-05,4.158563388045877e-05,0.0003034404071513,1
2014-05-18,0,,,,,0.0,0.0,0.0,0.0,0
2014-05-19,5,0.0,3.0,0.0,2.0,0.9846847771641476,0.00012140115541114938,0.9241416379190923,7.774789537506877e-05,5
2014-05-20,4,0.0,1.0,1.0,2.0,0.002227896424301318,6.811259663663805e-05,0.24512225079524785,0.0012253310960658344,4
2014-05-21,1,0.0,1.0,0.0,0.0,5.900590622331947e-05,1.4494083188765217e-05,1.3532949196815023e-05,1.2382235581753775e-05,1
2014-05-22,8,0.0,2.0,1.0,5.0,0.08143184443179041,0.0002752406062427326,2.887870611528342,0.012671577736909889,8
2014-05-23,2,0.0,1.0,0.0,1.0,0.040887834113163934,3.68791679647984e-05,0.1175392173608997,2.962869530165335e-05,2
2014-05-24,0,,,,,0.0,0.0,0.0,0.0,0
2014-05-25,0,,,,,0.0,0.0,0.0,0.0,0
2014-05-26,4,1.0,0.0,0.0,3.0,0.0101126529625614,0.014760299822228259,1.8354507282783743,7.606364033563295e-05,4
2014-05-27,0,,,,,0.0,0.0,0.0,0.0,0
2014-05-28,2,0.0,2.0,0.0,0.0,0.0001825065701267838,3.374747666384792e-05,9.03048876352841e-05,2.605595454951981e-05,2
2014-05-29,3,0.0,2.0,0.0,1.0,0.0003480093309917347,6.349705836328212e-05,0.00025157648997249253,4.089681351615582e-05,1
2014-05-30,2,0.0,2.0,0.0,0.0,1.9922748804092407,6.039963227522094e-05,0.00011944449033762794,3.284745071141515e-05,2
2014-05-31,3,0.0,0.0,2.0,1.0,0.007367414142208811,4.585692113323603e-05,7.585135972476564e-05,1.0047217054179782,3
2014-06-01,0,,,,,0.0,0.0,0.0,0.0,0
2014-06-02,0,,,,,0.0,0.0,0.0,0.0,0
2014-06-03,6,0.0,3.0,1.0,2.0,0.07137893550134305,0.009242942378477892,1.9658705264027958,0.006399730787961667,6
2014-06-04,0,,,,,0.0,0.0,0.0,0.0,0
2014-06-05,8,0.0,2.0,2.0,4.0,1.0006607888153665,0.0001529430392110953,0.9530223419133108,0.6751505911661297,8
2014-06-06,13,4.0,4.0,1.0,4.0,2.0079131547418,1.2610431134844475,1.9480347151893511,0.9360325842353631,13
2014-06-07,8,0.0,4.0,1.0,3.0,2.9119812979115522,0.002890881152779801,1.954646135736766,0.007773523280775392,8
2014-06-08,0,,,,,0.0,0.0,0.0,0.0,0
2014-06-09,6,1.0,3.0,0.0,2.0,2.010385289311671,0.9748788945362322,1.7652961402236542,8.595043163950322e-05,6
2014-06-10,6,1.0,2.0,0.0,3.0,0.02608293068260526,0.9451621596617769,0.01861377707245967,0.0006060158766558389,6
2014-06-11,4,0.0,2.0,1.0,1.0,0.9967176396785361,0.001439067415049008,0.0001963954491657205,0.0001425627278877073,4
2014-06-12,5,1.0,3.0,0.0,1.0,1.2509510166419204,0.004640875538825521,0.9133211029457015,7.80432428655331e-05,5
2014-06-13,4,1.0,1.0,0.0,2.0,0.0048192776448556,0.09509811590760348,1.996327712549828,5.6990832490555476e-05,4
2014-06-14,5,0.0,3.0,0.0,2.0,0.01040692866445158,8.867825454217382e-05,1.8197214770734718,6.371072595356964e-05,5
2014-06-15,0,,,,,0.0,0.0,0.0,0.0,0
2014-06-16,4,1.0,2.0,0.0,1.0,1.942910665189629,0.0003364844214956904,0.9955859341098403,0.00047561922656304777,4
2014-06-17,4,0.0,2.0,1.0,1.0,0.9494677294751454,7.397404442599509e-05,0.010402350344520413,0.020230016639288768,2
2014-06-18,2,0.0,0.0,1.0,1.0,0.0018647221368154677,0.002311188491148622,0.03399550564063246,0.000320262772220247,2
2014-06-19,0,,,,,0.0,0.0,0.0,0.0,0
2014-06-20,0,,,,,0.0,0.0,0.0,0.0,0
2014-06-21,2,0.0,0.0,2.0,0.0,0.002142155819456,3.469699004199356e-05,0.00011292567614873406,0.0052474116673692,2
2014-06-22,0,,,,,0.0,0.0,0.0,0.0,0
2014-06-23,4,1.0,0.0,1.0,2.0,0.00032573600583409956,0.0104427526312065,0.013007553243369259,0.0003436431143199461,4
2014-06-24,5,0.0,1.0,1.0,3.0,0.001980328886929632,0.00010122858839167748,1.6978503565696883,0.011183479651663211,4
2014-06-25,2,0.0,2.0,0.0,0.0,0.00012180378689663485,3.5173756259609945e-05,8.40396332932869e-05,2.730286814767169e-05,1
2014-06-26,12,0.0,4.0,2.0,6.0,2.0025812140765993,0.0013812925026285103,1.9845388396006451,0.21612145082144685,12
2014-06-27,2,0.0,2.0,0.0,0.0,1.997266411781311,6.196335380082019e-05,5.2023948228452355e-05,4.065275970788207e-05,2
2014-06-28,1,0.0,0.0,0.0,1.0,0.9702219367027284,0.0001205791340908,0.9980233311653136,1.568810512253549e-05,1
2014-06-29,0,,,,,0.0,0.0,0.0,0.0,0
2014-06-30,2,0.0,1.0,0.0,1.0,0.0047349147498607,4.1520084778312594e-05,0.9405869779839122,2.7954944926023018e-05,2
2014-07-01,3,1.0,1.0,1.0,0.0,0.00417920280597164,0.03523850001147365,0.00023839621098877453,0.01118681791194831,3
2014-07-02,2,0.0,0.0,1.0,1.0,0.0003479219158179,3.959121022489853e-05,0.9988515499589994,0.02067587130477476,2
2014-07-03,1,0.0,1.0,0.0,0.0,0.8340025544166565,0.0026677066925913,3.80182646040339e-05,0.0065429522655904,1
2014-07-04,3,1.0,1.0,0.0,1.0,1.0073700214979908,0.0504653303178201,6.417442091333214e-05,0.0010262054584017329,3
2014-07-05,2,0.0,1.0,0.0,1.0,0.0006736849354638237,0.00027650312040348747,0.9990161910318419,2.7561802198761143e-05,1
2014-07-06,0,,,,,0.0,0.0,0.0,0.0,0
2014-07-07,0,,,,,0.0,0.0,0.0,0.0,0
2014-07-08,5,2.0,1.0,1.0,1.0,1.004254891508026,1.9111392276772676,0.8393959264139994,0.006544721094542122,5
2014-07-09,21,3.0,5.0,5.0,8.0,1.000211721396226,0.005842715689141055,4.817522706508498,1.0505636926973236,3
2014-07-10,0,,,,,0.0,0.0,0.0,0.0,0
2014-07-11,5,0.0,3.0,0.0,2.0,2.9632350188257988,0.0001950237237906549,1.0011872136456075,7.478968473151326e-05,5
2014-07-12,1,0.0,1.0,0.0,0.0,0.9844906330108644,0.0003090690006501,0.0007344877813011,1.4283727068686858e-05,1
2014-07-13,0,,,,,0.0,0.0,0.0,0.0,0
2014-07-14,6,2.0,4.0,0.0,0.0,1.9307466383979772,0.07297426361947146,0.006752459694325792,8.628891646367265e-05,6
2014-07-15,3,0.0,2.0,1.0,0.0,0.0013634985007228008,4.312432974984404e-05,0.0001323717697232496,0.0007319657815968973,1
2014-07-16,2,0.0,1.0,1.0,0.0,0.0002505057564121336,3.12303282044013e-05,6.639452931267442e-05,0.0017926637356139859,2
2014-07-17,1,1.0,0.0,0.0,0.0,1.637437890167348e-05,1.9882767446688376e-05,1.9677852833410725e-05,1.3726652468903922e-05,1
2014-07-18,0,,,,,0.0,0.0,0.0,0.0,0
2014-07-19,4,1.0,1.0,1.0,1.0,0.000516381571287589,0.4154679944822419,0.9993337500818598,0.0012175975998615248,3
2014-07-20,0,,,,,0.0,0.0,0.0,0.0,0
2014-07-21,5,0.0,5.0,0.0,0.0,0.9747608063771621,0.00016331613369402476,0.00018752239338937216,0.0036006440204800643,5
2014-07-22,8,0.0,7.0,0.0,1.0,0.0007774473706376556,0.0004070827017130035,0.9133551747436286,0.00010489420856174547,8
2014-07-23,5,1.0,3.0,1.0,0.0,0.05477486602831034,0.9474565109394462,0.00011975491270277416,0.020710476085696414,5
2014-07-24,3,1.0,1.0,1.0,0.0,0.01172414673055753,0.015476089788535288,8.118996902339859e-05,0.0003655292648544669,3
2014-07-25,4,0.0,3.0,0.0,1.0,2.1377617161051603,0.00016727990259823855,0.005695855594240031,6.539903642988065e-05,4
2014-07-26,2,0.0,1.0,0.0,1.0,0.0039644270436837,0.0009806270954868224,0.9461299273098119,2.9132706913514994e-05,1
2014-07-27,0,,,,,0.0,0.0,0.0,0.0,0
2014-07-28,2,0.0,0.0,1.0,1.0,0.0015839897678233,3.276326788181905e-05,0.47062989871847094,0.045260178947501076,2
2014-07-29,3,0.0,3.0,0.0,0.0,1.997504720260622,7.781222302583046e-05,6.246679367905017e-05,4.9861163461173426e-05,3
2014-07-30,12,0.0,12.0,0.0,0.0,0.0005656963039655238,0.0004137306968914345,0.0004816789005417377,0.00015448971680598333,12
2014-07-31,5,2.0,0.0,0.0,3.0,0.0050960385415235,0.48630891474203947,2.005431539731944,0.9295173914497354,4
2014-08-01,7,0.0,3.0,0.0,4.0,0.1099129469148463,0.0007564467423435105,1.7376961335794474,0.009594509373528121,7
2014-08-02,2,0.0,1.0,0.0,1.0,0.001227889319125003,3.867968371196184e-05,0.998703541365103,4.274373986845603e-05,2
2014-08-03,0,,,,,0.0,0.0,0.0,0.0,0
2014-08-04,4,0.0,2.0,0.0,2.0,0.041594227222958566,7.263897714437917e-05,0.905054940016271,6.0344350458763074e-05,4
2014-08-05,2,0.0,1.0,0.0,1.0,0.931122977985069,7.108918907761108e-05,0.931074188252751,2.6691732273320667e-05,2
2014-08-06,0,,,,,0.0,0.0,0.0,0.0,0
2014-08-07,3,0.0,1.0,2.0,0.0,0.0090254891401854,4.856901978200767e-05,0.00014954597645555623,0.04012024359235501,3
2014-08-08,0,,,,,0.0,0.0,0.0,0.0,0
2014-08-09,0,,,,,0.0,0.0,0.0,0.0,0
2014-08-10,0,,,,,0.0,0.0,0.0,0.0,0
2014-08-11,12,1.0,8.0,1.0,2.0,2.893271843613547,0.005292692989314418,0.9665223176725701,0.9387707516907541,9
2014-08-12,0,,,,,0.0,0.0,0.0,0.0,0
2014-08-13,1,0.0,0.0,1.0,0.0,9.431284706806764e-05,1.5530265955021605e-05,4.158563388045877e-05,0.0003034404071513,1
2014-08-14,0,,,,,0.0,0.0,0.0,0.0,0
2014-08-15,0,,,,,0.0,0.0,0.0,0.0,0
2014-08-16,0,,,,,0.0,0.0,0.0,0.0,0
2014-08-17,0,,,,,0.0,0.0,0.0,0.0,0
2014-08-18,0,,,,,0.0,0.0,0.0,0.0,0
2014-08-19,2,0.0,1.0,0.0,1.0,0.0221501268169959,3.19126556860283e-05,0.9099385662375424,2.4986484277178533e-05,2
2014-08-20,0,,,,,0.0,0.0,0.0,0.0,0
2014-08-21,0,,,,,0.0,0.0,0.0,0.0,0
2014-08-22,0,,,,,0.0,0.0,0.0,0.0,0
2014-08-23,0,,,,,0.0,0.0,0.0,0.0,0
2014-08-24,0,,,,,0.0,0.0,0.0,0.0,0
2014-08-25,0,,,,,0.0,0.0,0.0,0.0,0
2014-08-26,0,,,,,0.0,0.0,0.0,0.0,0
2014-08-27,0,,,,,0.0,0.0,0.0,0.0,0
2014-08-28,0,,,,,0.0,0.0,0.0,0.0,0
2014-08-29,0,,,,,0.0,0.0,0.0,0.0,0
2014-08-30,1,0.0,0.0,1.0,0.0,0.0013657292583957,1.6639936802675948e-05,2.137071714969352e-05,0.0111566111445426,1
2014-08-31,0,,,,,0.0,0.0,0.0,0.0,0
2014-09-01,0,,,,,0.0,0.0,0.0,0.0,0
2014-09-02,0,,,,,0.0,0.0,0.0,0.0,0
2014-09-03,0,,,,,0.0,0.0,0.0,0.0,0
2014-09-04,1,0.0,0.0,0.0,1.0,0.000767782330513,1.5085322047525551e-05,0.9867448806762696,1.2945390153618064e-05,1
2014-09-05,4,1.0,3.0,0.0,0.0,2.8110148724226747,0.006028662790413277,0.938088424212765,0.0017350478447042226,4
2014-09-06,1,0.0,1.0,0.0,0.0,0.9955672025680542,1.8891832951339893e-05,0.9445356130599976,1.263501962966984e-05,1
2014-09-07,0,,,,,0.0,0.0,0.0,0.0,0
2014-09-08,1,0.0,0.0,0.0,1.0,0.0225039590150117,1.7189464415423572e-05,0.9991884231567384,1.2923650501761584e-05,1
2014-09-09,6,1.0,1.0,1.0,3.0,0.0070613481275358225,0.21299407849073754,1.9994288232755932,0.00185738244090311,6
2014-09-10,1,1.0,0.0,0.0,0.0,0.0017403132515028,0.9346044659614564,1.849825457611587e-05,1.2216960385558195e-05,1
2014-09-11,3,1.0,1.0,1.0,0.0,0.004945245804265,0.9700110530939129,7.237421959871426e-05,0.0035547426741686264,3
2014-09-12,0,,,,,0.0,0.0,0.0,0.0,0
2014-09-13,2,0.0,2.0,0.0,0.0,0.0075972995837218,0.004123945993342192,0.006886610577566807,2.9975692996231373e-05,1
2014-09-14,0,,,,,0.0,0.0,0.0,0.0,0
2014-09-15,3,0.0,0.0,0.0,3.0,0.0001202739258587826,0.00010892636782955378,0.00012946770584676415,3.9535098949272644e-05,3
2014-09-16,11,1.0,2.0,1.0,7.0,0.7572704910653555,0.007312083985197956,0.969730880366114,0.0013274950542835502,11
2014-09-17,0,,,,,0.0,0.0,0.0,0.0,0
2014-09-18,4,0.0,3.0,1.0,0.0,0.06239065227418894,7.192849170678528e-05,0.03288934423653697,0.12428145404101083,4
2014-09-19,1,1.0,0.0,0.0,0.0,3.782429121201858e-05,0.0514883995056152,3.5569748433772475e-05,1.630007682251744e-05,1
2014-09-20,3,0.0,0.0,0.0,3.0,0.0001202739258587826,0.00010892636782955378,0.00012946770584676415,3.9535098949272644e-05,3
2014-09-21,0,,,,,0.0,0.0,0.0,0.0,0
2014-09-22,5,0.0,2.0,1.0,2.0,0.14523147607360426,0.009725837906444117,0.939192578642178,0.001228981013809935,4
2014-09-23,5,2.0,0.0,1.0,2.0,0.06081466582872954,0.9474635452734219,1.1089959968048788,0.0003562762121873431,4
2014-09-24,2,0.0,2.0,0.0,0.0,0.0034443587428540103,3.363590803928673e-05,3.401027788640931e-05,3.6660945625044405e-05,2
2014-09-25,7,2.0,2.0,0.0,3.0,1.960272937607442,0.9970776745904003,1.6832871557326143,0.0003615235173127963,7
2014-09-26,0,,,,,0.0,0.0,0.0,0.0,0
2014-09-27,0,,,,,0.0,0.0,0.0,0.0,0
2014-09-28,0,,,,,0.0,0.0,0.0,0.0,0
2014-09-29,19,0.0,1.0,1.0,17.0,0.028689162161754125,0.000633839326837915,0.0013801167951895872,0.0048658410742063105,18
2014-09-30,0,,,,,0.0,0.0,0.0,0.0,0
2014-10-01,2,0.0,0.0,2.0,0.0,0.00026219193387076766,3.2221154469880275e-05,0.00013431639672489837,0.001479507453041,2
2014-10-02,2,0.0,0.0,2.0,0.0,0.0001886252430267632,3.1060499168233946e-05,8.317146421177311e-05,0.0006068585207684,2
2014-10-03,0,,,,,0.0,0.0,0.0,0.0,0
2014-10-04,5,1.0,1.0,0.0,3.0,0.012190651956188783,0.9350975609122543,2.5434628288076055,9.405198579770513e-05,5
2014-10-05,0,,,,,0.0,0.0,0.0,0.0,0
2014-10-06,1,0.0,0.0,0.0,1.0,0.000520936679095,0.0001333985128439,0.0009564575157128,1.500801408838015e-05,1
2014-10-07,5,0.0,3.0,0.0,2.0,0.06780572269781245,0.00011737150089174975,0.006200845344210331,0.014560012415131399,4
2014-10-08,5,1.0,1.0,0.0,3.0,0.0001749607690726407,8.33361191325821e-05,0.00014623442984884605,7.208561146399006e-05,4
2014-10-09,10,1.0,6.0,0.0,3.0,2.1250912019640964,0.021904716400967878,2.7041330804640893,0.0002331863297513337,9
2014-10-10,0,,,,,0.0,0.0,0.0,0.0,0
2014-10-11,4,1.0,2.0,1.0,0.0,0.0026214587705907857,0.018861935262975745,0.009606595336663267,0.00243265961671566,4
2014-10-12,0,,,,,0.0,0.0,0.0,0.0,0
2014-10-13,2,1.0,0.0,0.0,1.0,0.008388499962165799,0.9508176230665413,0.8643723422046605,2.4771384232735727e-05,2
2014-10-14,0,,,,,0.0,0.0,0.0,0.0,0
2014-10-15,1,0.0,0.0,0.0,1.0,2.191943167417776e-05,1.5857429389143363e-05,2.405116356385406e-05,1.3958078852738254e-05,1
2014-10-16,0,,,,,0.0,0.0,0.0,0.0,0
2014-10-17,0,,,,,0.0,0.0,0.0,0.0,0
2014-10-18,4,0.0,4.0,0.0,0.0,2.91022320673801,0.00010590764486551052,0.000338829879183256,0.049768203585699576,4
2014-10-19,0,,,,,0.0,0.0,0.0,0.0,0
2014-10-20,8,3.0,2.0,0.0,3.0,0.0024167456567737704,0.9347759003167084,0.9368572840439809,0.00010721044782258105,8
2014-10-21,5,1.0,0.0,1.0,3.0,0.044278063494857536,0.00014489002569462173,1.9068745306267376,0.0003474649683993672,5
2014-10-22,0,,,,,0.0,0.0,0.0,0.0,0
2014-10-23,4,1.0,0.0,1.0,2.0,0.0028559172333187505,0.06002698821248479,1.579302420563181,0.05718145524224376,4
2014-10-24,17,2.0,8.0,4.0,3.0,0.16117766804654785,0.025677897817331312,1.9824862124751235,0.4021094137387989,2
2014-10-25,4,1.0,0.0,1.0,2.0,0.029643398978805455,0.004701960478996581,1.0702890043849036,0.08743101576510524,4
2014-10-26,0,,,,,0.0,0.0,0.0,0.0,0
2014-10-27,13,1.0,10.0,1.0,1.0,8.907419483234662,0.9375529111166542,0.9652503983725181,0.9608004544161304,13
2014-10-28,2,1.0,0.0,0.0,1.0,0.04140234507030979,4.396311669552233e-05,0.9050129589340942,2.5884500246320385e-05,2
2014-10-29,7,0.0,5.0,2.0,0.0,0.3611245617830715,0.002632486362926771,0.014754323010492757,0.011780655158872704,7
2014-10-30,6,1.0,4.0,0.0,1.0,1.081006640917621,0.05813512685745074,1.0026600602341205,9.742817474034382e-05,6
2014-10-31,0,,,,,0.0,0.0,0.0,0.0,0
2014-11-01,8,3.0,4.0,1.0,0.0,1.103301053175528,0.0470786989426413,0.0025541785344101466,0.02093344688182688,7
2014-11-02,0,,,,,0.0,0.0,0.0,0.0,0
2014-11-03,10,1.0,3.0,2.0,4.0,1.0940227111168495,0.01787203506592034,0.8595898748699253,0.9871206723646537,5
2014-11-04,3,0.0,1.0,1.0,1.0,0.0002431984867143575,5.031536056776531e-05,0.004078885918715927,0.0023282718102563445,2
2014-11-05,2,0.0,1.0,1.0,0.0,0.029817808768711908,4.606237871485064e-05,5.8592295317794196e-05,0.09241792175725998,2
2014-11-06,7,2.0,1.0,0.0,4.0,0.007809559414454029,0.9586917630822426,1.3151516378966333,0.00010118646787304897,7
2014-11-07,3,0.0,2.0,0.0,1.0,0.9976307609922513,6.988115637796e-05,0.00794045574366451,4.223784981149948e-05,2
2014-11-08,5,0.0,2.0,0.0,3.0,0.01027876824082322,0.00012547396090667462,1.0603386180318919,7.97631419118261e-05,5
2014-11-09,0,,,,,0.0,0.0,0.0,0.0,0
2014-11-10,1,0.0,0.0,1.0,0.0,0.0001851471752161,1.5246700058924034e-05,1.759561746439431e-05,0.0206597950309515,1
2014-11-11,6,1.0,2.0,0.0,3.0,0.9889031265065569,0.00012110173156543169,0.6693285818528237,0.00010598092376312707,6
2014-11-12,0,,,,,0.0,0.0,0.0,0.0,0
2014-11-13,1,0.0,1.0,0.0,0.0,0.989849865436554,3.682549504446797e-05,3.8637481338810176e-05,1.7233964172191918e-05,1
2014-11-14,3,1.0,0.0,1.0,1.0,0.0252064121887086,0.9646728432680901,0.06786579364052155,0.051816721557770444,3
2014-11-15,1,0.0,1.0,0.0,0.0,0.9965759515762328,0.0002682367048691,2.9578848625533283e-05,2.465749639668502e-05,1
2014-11-16,0,,,,,0.0,0.0,0.0,0.0,0
2014-11-17,6,1.0,2.0,1.0,2.0,0.006737407195032451,0.06572177247016939,0.8171018172724871,0.00038124330967539163,6
2014-11-18,2,0.0,0.0,2.0,0.0,0.9427724468550878,0.019410828936997845,0.00011684770834108349,0.9621629901230335,1
2014-11-19,3,0.0,2.0,0.0,1.0,0.09967407031217589,0.0025386840761711773,0.921246148388491,4.39787454524776e-05,3
2014-11-20,3,1.0,1.0,1.0,0.0,0.0005359207862055,0.01042710076399085,7.050197200442199e-05,0.020686752218352922,3
2014-11-21,0,,,,,0.0,0.0,0.0,0.0,0
2014-11-22,7,2.0,2.0,2.0,1.0,0.01937047041064916,0.08580974968572246,1.0035582732361945,0.021470514689099152,7
2014-11-23,0,,,,,0.0,0.0,0.0,0.0,0
2014-11-24,2,0.0,2.0,0.0,0.0,1.0187149830162525,8.2972772361245e-05,0.008018134551093672,3.2698280847398564e-05,2
2014-11-25,8,1.0,1.0,3.0,3.0,0.0021587024330073272,0.006635145627114904,1.770695004686786,1.841094466272807,8
2014-11-26,1,0.0,0.0,0.0,1.0,0.0123762302100658,1.7018492144416086e-05,0.981048583984375,1.2528167644632047e-05,1
2014-11-27,3,1.0,1.0,0.0,1.0,0.00261809919902581,7.906259452283848e-05,0.0018846911243599516,3.966830627177842e-05,3
2014-11-28,0,,,,,0.0,0.0,0.0,0.0,0
2014-11-29,0,,,,,0.0,0.0,0.0,0.0,0
2014-11-30,0,,,,,0.0,0.0,0.0,0.0,0
2014-12-01,5,0.0,1.0,0.0,4.0,0.20447080076337432,0.017311110075752346,2.160544355665479,7.910711428849027e-05,5
2014-12-02,2,0.0,0.0,1.0,1.0,0.0009264109794457024,3.0300026992335916e-05,0.00403020238081804,0.0457814466790296,2
2014-12-03,0,,,,,0.0,0.0,0.0,0.0,0
2014-12-04,4,1.0,2.0,0.0,1.0,0.0005018959445805989,0.000819431178570002,0.09659497943903245,0.0002748887245615679,0
2014-12-05,11,1.0,2.0,3.0,5.0,0.04947795982388901,0.03378749896546642,1.9771133699377967,0.041065131291361225,11
2014-12-06,3,0.0,1.0,1.0,1.0,0.08360336624537004,5.3209581892588176e-05,0.9819645435163692,0.020688615262770313,3
2014-12-07,0,,,,,0.0,0.0,0.0,0.0,0
2014-12-08,23,3.0,5.0,4.0,11.0,1.0095421274845646,0.9856708272400281,4.725622741915686,1.961103340442605,16
2014-12-09,4,3.0,0.0,1.0,0.0,0.09467356535969873,1.2802571781048755,8.74751804076368e-05,0.02069938932072546,4
2014-12-10,3,0.0,0.0,2.0,1.0,0.021830819445312802,5.17779935762519e-05,0.9096327509250842,0.012128180012041316,3
2014-12-11,1,0.0,1.0,0.0,0.0,7.819550955900922e-05,1.6803236576379277e-05,3.250703593948856e-05,1.982770299946424e-05,1
2014-12-12,4,2.0,2.0,0.0,0.0,0.0007171723009377557,8.090354549494805e-05,0.00011166188050992787,5.0940410801558755e-05,3
2014-12-13,4,0.0,0.0,1.0,3.0,0.031036731270432837,0.034093287984432966,2.287822544685696,0.00019803366558332404,4
2014-12-14,0,,,,,0.0,0.0,0.0,0.0,0
2014-12-15,7,1.0,2.0,1.0,3.0,0.9856851532422295,0.023661731400352378,0.9969145037848647,0.004659434586756044,6
2014-12-16,5,1.0,1.0,0.0,3.0,0.11757224997381832,0.00010862019189517014,2.858486947032361,6.89571597831673e-05,5
2014-12-17,0,,,,,0.0,0.0,0.0,0.0,0
2014-12-18,4,0.0,2.0,1.0,1.0,0.0007108805621100601,7.198124694696162e-05,0.004074694639712033,0.050847681519371635,4
2014-12-19,0,,,,,0.0,0.0,0.0,0.0,0
2014-12-20,1,0.0,0.0,0.0,1.0,4.3144009396201e-05,1.924440039147157e-05,0.9960413575172424,1.6684109141351655e-05,1
2014-12-21,0,,,,,0.0,0.0,0.0,0.0,0
2014-12-22,2,0.0,2.0,0.0,0.0,1.9376288056373596,6.852530896139797e-05,0.010969989958539341,3.6361871934786905e-05,2
2014-12-23,6,0.0,4.0,1.0,1.0,1.928135479138291,0.00014888639361743117,0.9762900529531179,0.982952962704985,5
2014-12-24,1,0.0,1.0,0.0,0.0,7.388967787846923e-05,2.143984602298588e-05,5.084142321720719e-05,1.6521305951755494e-05,0
2014-12-25,0,,,,,0.0,0.0,0.0,0.0,0
2014-12-26,0,,,,,0.0,0.0,0.0,0.0,0
2014-12-27,5,1.0,2.0,0.0,2.0,0.026366893056547,0.059237151908746316,0.04442530529195195,7.943284890643554e-05,5
2014-12-28,0,,,,,0.0,0.0,0.0,0.0,0
2014-12-29,2,0.0,2.0,0.0,0.0,0.005181618747883397,3.313920569780748e-05,3.376990025572013e-05,2.6356180569564458e-05,2
2014-12-30,7,0.0,5.0,1.0,1.0,4.190779373151599,0.005249160352832274,0.9918706365697288,0.0012669818515859295,7
2014-12-31,1,0.0,1.0,0.0,0.0,0.9987061023712158,2.9076925784465857e-05,2.4277656848425977e-05,2.112355832650792e-05,1
2015-01-01,2,1.0,1.0,0.0,0.0,0.0018263951133121647,0.9346205129422742,3.697276224556845e-05,2.489619055268122e-05,2
2015-01-02,0,,,,,0.0,0.0,0.0,0.0,0
2015-01-03,1,0.0,1.0,0.0,0.0,0.0001505235559307,1.500355574535206e-05,2.297029277542606e-05,1.2886973308923189e-05,1
2015-01-04,0,,,,,0.0,0.0,0.0,0.0,0
2015-01-05,0,,,,,0.0,0.0,0.0,0.0,0
2015-01-06,0,,,,,0.0,0.0,0.0,0.0,0
2015-01-07,0,,,,,0.0,0.0,0.0,0.0,0
2015-01-08,0,,,,,0.0,0.0,0.0,0.0,0
2015-01-09,0,,,,,0.0,0.0,0.0,0.0,0
2015-01-10,0,,,,,0.0,0.0,0.0,0.0,0
2015-01-11,0,,,,,0.0,0.0,0.0,0.0,0
2015-01-12,1,0.0,0.0,1.0,0.0,0.0008101291023194,1.527730273664929e-05,1.7478472727816552e-05,0.087391123175621,1
2015-01-13,1,0.0,0.0,0.0,1.0,0.009586657397449,1.8314951375941743e-05,0.8591485619544983,1.2609760233317502e-05,1
2015-01-14,1,0.0,0.0,1.0,0.0,0.0023251865059137,1.5938010619720444e-05,1.986019742616918e-05,0.0574219450354576,1
2015-01-15,0,,,,,0.0,0.0,0.0,0.0,0
2015-01-16,1,0.0,1.0,0.0,0.0,9.101864998228848e-05,1.938294553838205e-05,6.212376320036128e-05,1.4174564967106562e-05,1
2015-01-17,3,0.0,1.0,1.0,1.0,0.006926098838448301,5.3183895943220705e-05,0.9517379232183885,0.04396337201706041,2
2015-01-18,0,,,,,0.0,0.0,0.0,0.0,0
2015-01-19,1,1.0,0.0,0.0,0.0,0.001076994347386,0.8922437429428101,1.992869692912791e-05,1.3242687600723002e-05,1
2015-01-20,1,0.0,0.0,0.0,1.0,0.0001339791197096,2.2531356080435216e-05,0.0005608905339613,1.7183432646561414e-05,1
2015-01-21,1,0.0,0.0,0.0,1.0,0.0010215535294264,3.4728778700809926e-05,0.9992988705635072,1.3828981536789796e-05,1
2015-01-22,2,1.0,0.0,0.0,1.0,0.0105935744068118,0.0248810707125812,0.0068711561616509,3.2958802876237314e-05,2
2015-01-23,0,,,,,0.0,0.0,0.0,0.0,0
2015-01-24,7,1.0,2.0,1.0,3.0,0.0009507426429990976,0.00010644471603882266,0.07548208966181834,0.04572617836493009,1
2015-01-25,0,,,,,0.0,0.0,0.0,0.0,0
2015-01-26,1,0.0,0.0,1.0,0.0,0.0004221370036248,1.641412927710917e-05,3.840040153590962e-05,0.9310351014137268,0
2015-01-27,4,1.0,2.0,1.0,0.0,0.9891582329200902,0.046337178964677074,7.873176036810037e-05,0.05231651046415198,3
2015-01-28,5,1.0,3.0,0.0,1.0,0.00036715365058622015,0.0001094451126846252,0.24462636481257502,6.41358737993869e-05,5
2015-01-29,0,,,,,0.0,0.0,0.0,0.0,0
2015-01-30,0,,,,,0.0,0.0,0.0,0.0,0
2015-01-31,2,0.0,0.0,1.0,1.0,0.0009839691629167,3.2335510695702396e-05,0.003027005706826413,0.045260849891747015,2
2015-02-01,0,,,,,0.0,0.0,0.0,0.0,0
2015-02-02,6,0.0,3.0,0.0,3.0,1.0442246838138087,0.0011662162578430868,2.6832028613134753,8.17026575532509e-05,5
2015-02-03,3,0.0,1.0,1.0,1.0,0.0014772851918677403,4.808844096260145e-05,0.9605522709916839,0.011155871348819258,2
2015-02-04,2,0.0,2.0,0.0,0.0,8.465468999929726e-05,3.53486611857079e-05,3.6255974919185974e-05,2.7791870707005728e-05,1
2015-02-05,1,0.0,1.0,0.0,0.0,0.0078743798658251,0.0053686457686126,1.9067774701397863e-05,1.4577817637473345e-05,1
2015-02-06,3,0.0,3.0,0.0,0.0,1.9901045732394775,0.07445004568580765,0.00010670429037418216,0.0010677632908482134,3
2015-02-07,2,0.0,2.0,0.0,0.0,0.9526154968043558,0.00013835265144726522,0.4617888358361597,2.7561909519135952e-05,2
2015-02-08,0,,,,,0.0,0.0,0.0,0.0,0
2015-02-09,2,0.0,1.0,1.0,0.0,0.0009033657952385667,3.339116301503964e-05,3.951911457988899e-05,0.04526252773848679,2
2015-02-10,3,0.0,1.0,0.0,2.0,4.737546532851411e-05,4.3949221435468644e-05,0.10599741829173574,3.8610610317846294e-05,2
2015-02-11,6,0.0,3.0,0.0,3.0,1.337657135518384,0.008520004801539367,0.9172190476128886,0.0007260337270053797,6
2015-02-12,1,0.0,0.0,1.0,0.0,4.864888978772797e-05,1.5284516848623753e-05,3.7965186493238434e-05,0.0002932658826466,1
2015-02-13,0,,,,,0.0,0.0,0.0,0.0,0
2015-02-14,6,0.0,5.0,0.0,1.0,1.8662135936210689,0.00015271179290721193,0.9952057980444806,0.005718393198549082,6
2015-02-15,0,,,,,0.0,0.0,0.0,0.0,0
2015-02-16,4,1.0,1.0,0.0,2.0,0.0017893645226649735,0.9346515694178379,6.599658354389248e-05,5.2831312132184394e-05,2
2015-02-17,1,0.0,0.0,1.0,0.0,0.081265240907669,7.640089461347088e-05,0.0015263583045452,0.9998464584350586,1
2015-02-18,2,0.0,2.0,0.0,0.0,0.010605858475173566,3.41267714247806e-05,3.405334064154886e-05,2.701526136661414e-05,2
2015-02-19,6,1.0,1.0,1.0,3.0,0.32263795444305277,0.004627159880328603,2.0137539419629316,0.0032190150104725035,5
2015-02-20,0,,,,,0.0,0.0,0.0,0.0,0
2015-02-21,4,1.0,1.0,0.0,2.0,0.016564086714424754,0.003872945995681183,1.0108697912510252,6.799438961024862e-05,3
2015-02-22,0,,,,,0.0,0.0,0.0,0.0,0
2015-02-23,3,0.0,2.0,1.0,0.0,0.0018860449054045297,4.9568054237170145e-05,7.444763105013408e-05,0.9559133080529136,2
2015-02-24,4,1.0,3.0,0.0,0.0,0.09246521986460704,0.9540004528826103,0.00012348424570518546,6.137417494755937e-05,4
2015-02-25,17,1.0,7.0,1.0,8.0,0.746474705651053,0.9894794942974838,3.8361741339813307,0.9312554396965425,15
2015-02-26,5,1.0,2.0,1.0,1.0,0.007413651660499342,0.0001372503611491993,0.9876697807194432,0.28166523796335236,4
2015-02-27,2,1.0,0.0,0.0,1.0,0.0163114899769424,0.9909779713489115,0.07317666169365111,2.7660703381116036e-05,2
2015-02-28,3,0.0,2.0,0.0,1.0,0.014060655630601089,0.0002248244136352664,0.2506421090311049,4.078373967786319e-05,3
2015-03-01,0,,,,,0.0,0.0,0.0,0.0,0
2015-03-02,3,0.0,2.0,0.0,1.0,1.9833662481978538,8.078382415988017e-05,0.06778522887907451,4.880139204033185e-05,3
2015-03-03,5,0.0,4.0,1.0,0.0,0.9961548290448264,0.0005663735992128725,0.00019568797324609477,0.0003592631392165454,4
2015-03-04,3,2.0,1.0,0.0,0.0,0.0188420263584702,0.9416880467833835,9.648001469031442e-05,4.0784462726151105e-05,3
2015-03-05,4,0.0,3.0,0.0,1.0,1.0146054126325905,8.532140782335773e-05,0.9358280289379762,6.647360260103596e-05,4
2015-03-06,0,,,,,0.0,0.0,0.0,0.0,0
2015-03-07,9,1.0,5.0,1.0,2.0,0.8538517081942697,0.9623838811203311,1.1894425470036365,0.0013271808447825246,9
2015-03-08,0,,,,,0.0,0.0,0.0,0.0,0
2015-03-09,3,0.0,0.0,0.0,3.0,0.0002463329219608226,4.867791722062975e-05,1.9633503882214427,3.80759229301475e-05,3
2015-03-10,4,0.0,1.0,3.0,0.0,0.9170917121664386,0.002386761194429678,0.00017381319958076347,1.919839234331448,2
2015-03-11,1,0.0,0.0,1.0,0.0,9.431284706806764e-05,1.5530265955021605e-05,4.158563388045877e-05,0.0003034404071513,1
2015-03-12,4,0.0,3.0,0.0,1.0,2.6707123088417575,0.000777238208684031,0.9679189908129048,0.9886739929606847,4
2015-03-13,5,0.0,3.0,1.0,1.0,1.9275676436154754,0.01077100372822315,0.0017247944451808611,0.9595204242823454,5
2015-03-14,3,1.0,0.0,1.0,1.0,0.0029281195602378,0.9350635505052195,0.0010532876567594593,0.0452775291387297,3
2015-03-15,0,,,,,0.0,0.0,0.0,0.0,0
2015-03-16,5,2.0,1.0,1.0,1.0,0.03007017729032658,8.999186502478551e-05,0.9454910751701391,0.011208540596271539,5
2015-03-17,9,2.0,3.0,1.0,3.0,0.03403408221856757,0.05707153629828075,1.9110054831289742,0.043423580566923047,9
2015-03-18,3,0.0,2.0,1.0,0.0,0.014932017336832274,6.751751607225742e-05,0.00012666250586335082,0.0012023695771857963,3
2015-03-19,0,,,,,0.0,0.0,0.0,0.0,0
2015-03-20,4,1.0,3.0,0.0,0.0,0.9820522674635866,0.9513940573460785,8.736198742553825e-05,5.826679534948198e-05,4
2015-03-21,4,0.0,0.0,1.0,3.0,0.012495583407144148,0.00032403864315710496,0.02118279587375571,0.04528988946822206,4
2015-03-22,0,,,,,0.0,0.0,0.0,0.0,0
2015-03-23,2,0.0,2.0,0.0,0.0,0.0052051009770365,3.040469891857356e-05,3.084359741478693e-05,2.505871725588804e-05,2
2015-03-24,4,0.0,1.0,3.0,0.0,0.0016731413670640163,6.859619134047534e-05,0.0001594405657669995,0.01606286210517261,4
2015-03-25,1,1.0,0.0,0.0,0.0,0.0021148165687918,0.9507978558540344,1.7314485376118682e-05,1.1962855751335155e-05,1
2015-03-26,9,1.0,4.0,0.0,4.0,0.03903688356149339,0.000507124743307916,2.5467013889683585,0.00011925837861781474,7
2015-03-27,11,1.0,2.0,4.0,4.0,1.2087746345232517,0.9476049617342143,1.0312731879675991,1.8892674435273875,11
2015-03-28,2,0.0,0.0,1.0,1.0,0.0108610397437587,5.163150854059495e-05,0.09050580359325969,0.01117325064296883,2
2015-03-29,0,,,,,0.0,0.0,0.0,0.0,0
2015-03-30,4,0.0,2.0,1.0,1.0,0.0005548874687518386,6.739065884175943e-05,0.0040999667889990805,0.0018445122914271745,3
2015-03-31,6,1.0,3.0,0.0,2.0,2.241320505127078,0.020169997284028688,2.0152956310430454,0.9347436177922646,6
2015-04-01,0,,,,,0.0,0.0,0.0,0.0,0
2015-04-02,8,0.0,6.0,1.0,1.0,1.131991703292442,0.03401384973494705,0.13788523861148855,0.8023091104787454,7
2015-04-03,2,0.0,1.0,0.0,1.0,4.551204801828135e-05,3.1424778171640355e-05,0.7780936550843762,2.734060399234295e-05,2
2015-04-04,2,1.0,1.0,0.0,0.0,0.000980656765022918,0.952937701558767,0.0006269780988076594,2.5163224563584663e-05,1
2015-04-05,0,,,,,0.0,0.0,0.0,0.0,0
2015-04-06,1,0.0,1.0,0.0,0.0,0.9623241424560548,1.711849108687602e-05,0.0051344912499189,1.4801606084802188e-05,1
2015-04-07,2,0.0,1.0,1.0,0.0,0.0004203937132842816,3.818071127170697e-05,7.029598236840684e-05,0.00031998049598760145,2
2015-04-08,2,0.0,0.0,0.0,2.0,0.0015655327588319,3.733601624844596e-05,1.9033939242362976,2.6531703952059615e-05,0
2015-04-09,1,0.0,1.0,0.0,0.0,0.931609034538269,0.0041385665535926,0.0113263530656695,1.410575168847572e-05,1
2015-04-10,9,3.0,2.0,3.0,1.0,0.08160333658452129,0.13153774677630264,0.9981526414976543,0.8982581894242685,7
2015-04-11,3,0.0,1.0,1.0,1.0,1.9552751594455913,0.001973362002900052,0.9989354381377781,0.0374663220245565,2
2015-04-12,0,,,,,0.0,0.0,0.0,0.0,0
2015-04-13,1,0.0,0.0,0.0,1.0,3.0332841561175883e-05,3.299645322840661e-05,0.0388850830495357,1.577422699483577e-05,1
2015-04-14,5,0.0,1.0,0.0,4.0,0.0459543509932698,0.0037453067179738825,2.973315418665152,8.090806204563705e-05,5
2015-04-15,2,0.0,1.0,0.0,1.0,0.1797013133764266,0.03714628338821049,0.0030207141007849263,2.599770868982887e-05,2
2015-04-16,10,0.0,4.0,1.0,5.0,0.01547244498942725,0.0008177047948264994,1.0013146335895724,0.05054030345763744,6
2015-04-17,3,0.0,0.0,0.0,3.0,0.0017798998032957476,7.14765092197922e-05,2.232933849096298,4.184598037682008e-05,3
2015-04-18,1,1.0,0.0,0.0,0.0,0.0027216963935643,0.0086718201637268,0.0014916176442056,1.5135506146179978e-05,1
2015-04-19,0,,,,,0.0,0.0,0.0,0.0,0
2015-04-20,2,0.0,2.0,0.0,0.0,0.0004695406096288,4.019742482341826e-05,4.609160532709211e-05,3.035877125512343e-05,2
2015-04-21,0,,,,,0.0,0.0,0.0,0.0,0
2015-04-22,0,,,,,0.0,0.0,0.0,0.0,0
2015-04-23,1,0.0,1.0,0.0,0.0,3.3107560739154e-05,1.668045842961874e-05,1.5800957044120878e-05,1.614373832126148e-05,0
2015-04-24,2,0.0,1.0,1.0,0.0,0.983243855458568,4.097963756066747e-05,0.00013923723963671364,0.0011935063175768808,2
2015-04-25,5,0.0,5.0,0.0,0.0,0.19552925844982372,0.046794915093414415,0.007346258083998609,0.0005123609289511809,5
2015-04-26,0,,,,,0.0,0.0,0.0,0.0,0
2015-04-27,0,,,,,0.0,0.0,0.0,0.0,0
2015-04-28,4,0.0,3.0,0.0,1.0,0.9970984078790933,6.968926027184352e-05,0.9638031648391917,5.759562282037223e-05,4
2015-04-29,3,0.0,0.0,1.0,2.0,0.0012252485903444816,0.00199435679132868,1.9633530791288651,0.0003453022800385038,3
2015-04-30,2,0.0,1.0,0.0,1.0,0.9470433079695794,0.0070020533203205395,1.8541475534439087,2.7262653929938097e-05,2
2015-05-01,2,0.0,1.0,1.0,0.0,0.0009356381342512733,2.911995670729084e-05,3.9003551137284376e-05,0.045261491917699424,2
2015-05-02,0,,,,,0.0,0.0,0.0,0.0,0
2015-05-03,0,,,,,0.0,0.0,0.0,0.0,0
2015-05-04,2,0.0,1.0,0.0,1.0,0.0046588782242906425,7.924912279122509e-05,0.06447495045176758,2.8550186470965855e-05,2
2015-05-05,8,0.0,2.0,5.0,1.0,0.0539807708737496,0.00013046056028542807,0.0004177121900283692,2.862663024061476,5
2015-05-06,22,5.0,10.0,2.0,5.0,0.13159829805044826,0.9888607627372037,3.454170542184329,0.8875393292719308,3
2015-05-07,1,1.0,0.0,0.0,0.0,0.0001025258316076,0.0002215989952674,3.643980380729772e-05,1.5279998478945345e-05,1
2015-05-08,2,0.0,1.0,0.0,1.0,0.9986590477637945,5.151167897565756e-05,0.9820816483297676,0.0028080111915187236,2
2015-05-09,7,2.0,2.0,0.0,3.0,0.9731449864102611,0.06379482112697585,1.896349944976464,0.00017125030171882827,7
2015-05-10,0,,,,,0.0,0.0,0.0,0.0,0
2015-05-11,2,0.0,1.0,1.0,0.0,0.0020091491460334,3.448766983638052e-05,0.00011444737174315378,0.0031563685834043033,1
2015-05-12,4,1.0,0.0,1.0,2.0,0.015302780768251801,0.001513593882918857,1.7927126255963228,0.007383761048913516,3
2015-05-13,4,0.0,1.0,2.0,1.0,0.0015705204114054906,0.0003759900318982409,0.008420600352110227,1.020144528974015,4
2015-05-14,8,1.0,4.0,1.0,2.0,1.9710984618577638,0.9470159873144438,1.8819857393664279,0.0005295609953463207,6
2015-05-15,4,0.0,2.0,0.0,2.0,1.0138063202248302,9.316758951172233e-05,0.9613600351403874,5.917176622460829e-05,4
2015-05-16,0,,,,,0.0,0.0,0.0,0.0,0
2015-05-17,0,,,,,0.0,0.0,0.0,0.0,0
2015-05-18,2,0.0,0.0,0.0,2.0,0.022231789655052,0.00018463188098387584,0.9230773942545055,0.00011899289074783198,2
2015-05-19,5,0.0,2.0,1.0,2.0,0.025643646607932058,0.00011809085754066473,1.8816845148930952,0.029446902516610852,5
2015-05-20,1,0.0,1.0,0.0,0.0,4.9591519200475886e-05,3.247048880439252e-05,3.5272732930025086e-05,1.2894774044980297e-05,1
2015-05-21,10,1.0,5.0,2.0,2.0,2.0176249671858386,0.007934701971862398,0.9441337390417174,1.4416666567449283,10
2015-05-22,1,0.0,0.0,0.0,1.0,0.0037856148555874,6.304393900791183e-05,0.9960266351699828,1.6500142010045238e-05,1
2015-05-23,5,0.0,4.0,0.0,1.0,1.898247700635693,0.010298793639776599,0.24469316263093785,7.558139714092249e-05,4
2015-05-24,0,,,,,0.0,0.0,0.0,0.0,0
2015-05-25,2,0.0,1.0,0.0,1.0,0.0036664144390669328,3.323363489471376e-05,0.9727797940977325,2.6160497327509802e-05,2
2015-05-26,5,0.0,2.0,1.0,2.0,0.007194833175162712,0.0001345235577900894,1.8631107148030424,0.17633500541523967,4
2015-05-27,10,1.0,1.0,2.0,6.0,0.011243493931032977,0.00033894200169006135,1.111459407617076,0.9489687369859892,10
2015-05-28,8,1.0,6.0,0.0,1.0,3.7719271203932294,0.0191682749700701,0.00387778975346,0.0016984177673293483,7
2015-05-29,0,,,,,0.0,0.0,0.0,0.0,0
2015-05-30,4,1.0,3.0,0.0,0.0,0.0002335882691113511,0.007061671902192715,0.000644403145997696,6.178770127007738e-05,3
2015-05-31,0,,,,,0.0,0.0,0.0,0.0,0
2015-06-01,3,0.0,0.0,2.0,1.0,0.0026827973197213,7.376321627816651e-05,0.9983208780067799,0.056422167788696145,3
2015-06-02,3,1.0,1.0,1.0,0.0,0.006175471948154069,0.010731107997344195,8.384086140722502e-05,0.011152094543831407,3
2015-06-03,0,,,,,0.0,0.0,0.0,0.0,0
2015-06-04,0,,,,,0.0,0.0,0.0,0.0,0
2015-06-05,0,,,,,0.0,0.0,0.0,0.0,0
2015-06-06,2,0.0,0.0,0.0,2.0,0.0001436172315152362,3.274619666626677e-05,0.4890918433666228,2.5948942493414503e-05,2
2015-06-07,0,,,,,0.0,0.0,0.0,0.0,0
2015-06-08,14,3.0,4.0,2.0,5.0,0.4749979574153252,0.9377176847201552,3.30772567382246,1.0045231611757117,12
2015-06-09,4,0.0,3.0,0.0,1.0,0.00043774730875156516,8.213719866034808e-05,0.0062925206248109706,5.3158061746216845e-05,3
2015-06-10,7,3.0,3.0,0.0,1.0,0.00554782310427956,2.9188718182476805,0.9617429432046265,0.0001240772380697308,6
2015-06-11,0,,,,,0.0,0.0,0.0,0.0,0
2015-06-12,0,,,,,0.0,0.0,0.0,0.0,0
2015-06-13,3,0.0,1.0,0.0,2.0,0.9772948308382182,0.0017791421560104483,0.988239563348543,5.1754383093793876e-05,3
2015-06-14,0,,,,,0.0,0.0,0.0,0.0,0
2015-06-15,1,0.0,1.0,0.0,0.0,0.0054859044030308,1.5830322809051722e-05,1.6424315617769025e-05,1.307278944295831e-05,1
2015-06-16,0,,,,,0.0,0.0,0.0,0.0,0
2015-06-17,4,0.0,1.0,2.0,1.0,0.07969968978431989,0.005400776795795395,0.9840142433149595,0.9736872360608686,3
2015-06-18,3,1.0,2.0,0.0,0.0,1.9855192474788055,0.1717468881852255,8.63748700794531e-05,0.011156715711876954,3
2015-06-19,1,0.0,1.0,0.0,0.0,0.9926830530166626,2.510268313926645e-05,4.383679333841428e-05,1.7086989828385413e-05,1
2015-06-20,3,0.0,3.0,0.0,0.0,1.6536949053406713,0.012148880225140499,0.0005702662929251576,0.00554424594156441,3
2015-06-21,0,,,,,0.0,0.0,0.0,0.0,0
2015-06-22,1,0.0,1.0,0.0,0.0,0.8322250843048096,0.0012539798626676,4.682749568019062e-05,1.954036997631192e-05,1
2015-06-23,5,0.0,1.0,0.0,4.0,1.0367938284362026,9.110628889175132e-05,1.8973879705372383,6.811054208810674e-05,4
2015-06-24,7,3.0,2.0,0.0,2.0,0.00240076529917116,0.00012447749395505525,1.8507369556227786,9.319439504906768e-05,7
2015-06-25,5,1.0,0.0,2.0,2.0,0.007191195611085043,0.9451281972942525,1.793151028918146,0.0006352114696709238,5
2015-06-26,1,0.0,0.0,0.0,1.0,0.974690079689026,7.288234337465838e-05,0.9839226603507996,1.613518725207541e-05,1
2015-06-27,5,0.0,4.0,0.0,1.0,1.034960810749908,0.0034618305944604595,1.0066952594115717,0.00012535179212136427,5
2015-06-28,0,,,,,0.0,0.0,0.0,0.0,0
2015-06-29,6,0.0,1.0,0.0,5.0,0.8304862234508615,0.0019078850946241679,4.4301319777732715,0.0003184470497216968,3
2015-06-30,1,0.0,0.0,0.0,1.0,0.010326032526791,7.997825014172122e-05,0.990275263786316,1.440502910554642e-05,1
2015-07-01,5,0.0,1.0,1.0,3.0,0.009933209395967157,0.0005599229589278575,2.863183802606727,0.0012883854933533807,5
2015-07-02,5,1.0,0.0,1.0,3.0,0.1269022025808224,0.9353347396354365,2.8896474365810714,0.05052641360816773,5
2015-07-03,1,0.0,1.0,0.0,0.0,0.9983224868774414,2.618784310470801e-05,1.5842193533899263e-05,1.5377465388155542e-05,1
2015-07-04,2,1.0,1.0,0.0,0.0,0.9723360775860783,0.0015965263246470946,0.00010388188093202189,3.812940212810645e-05,2
2015-07-05,0,,,,,0.0,0.0,0.0,0.0,0
2015-07-06,3,0.0,2.0,0.0,1.0,0.024945533161371544,0.001836344485127471,0.24228359747303324,6.061964359105332e-05,3
2015-07-07,2,0.0,2.0,0.0,0.0,0.014483646606095099,0.0001244573686562428,4.081224869878497e-05,5.8559997341944836e-05,2
2015-07-08,2,0.0,2.0,0.0,0.0,0.0394535425584763,0.009709352358186147,5.426757343229838e-05,2.955819491035072e-05,1
2015-07-09,6,1.0,3.0,0.0,2.0,1.0140074919927429,0.0005279672923278967,0.9250644752028163,8.192867062462028e-05,6
2015-07-10,2,1.0,0.0,0.0,1.0,0.0320182237774133,0.0622080049943178,0.985530645797553,0.00010808367005665785,2
2015-07-11,0,,,,,0.0,0.0,0.0,0.0,0
2015-07-12,0,,,,,0.0,0.0,0.0,0.0,0
2015-07-13,2,0.0,1.0,0.0,1.0,0.0007270417154358228,3.401655612833565e-05,0.852490270060116,2.5913421268342063e-05,2
2015-07-14,11,6.0,1.0,1.0,3.0,0.0003581153650884319,0.0005138702172188966,1.8430087731667297,0.010088424191962899,1
2015-07-15,2,1.0,0.0,1.0,0.0,0.015208614437142382,0.041141952833640916,9.346875958726741e-05,0.00034209838486267427,2
2015-07-16,1,0.0,1.0,0.0,0.0,0.995833933353424,3.090751124545932e-05,3.518749508657493e-05,1.914939457492437e-05,1
2015-07-17,2,0.0,1.0,0.0,1.0,0.00011310564514133148,3.810974885709584e-05,0.019109858229057808,3.4693263842200395e-05,2
2015-07-18,1,0.0,0.0,0.0,1.0,0.0103520983830094,1.820214674808085e-05,0.7871047854423523,1.2908491953567136e-05,1
2015-07-19,0,,,,,0.0,0.0,0.0,0.0,0
2015-07-20,9,1.0,7.0,0.0,1.0,3.111104067605993,0.9332670901694653,0.052063465142054954,0.00013608186145575019,7
2015-07-21,4,0.0,1.0,1.0,2.0,0.0065723922743926,0.0013210243596403445,1.9592301529701217,0.0018563717021606303,4
2015-07-22,2,0.0,0.0,2.0,0.0,0.0005584648752119,3.19364062306704e-05,0.00017861928063210962,0.9383718883618712,0
2015-07-23,3,0.0,0.0,0.0,3.0,0.0042009424942078,6.438925629481673e-05,2.8848276138305664,4.0649894799571484e-05,3
2015-07-24,3,0.0,1.0,0.0,2.0,0.0318214764120056,7.02222914696904e-05,1.0053649991750717,4.673572129831882e-05,3
2015-07-25,5,1.0,2.0,0.0,2.0,0.9804431150514573,0.025046988292160607,0.8851324629085864,0.003950452566641534,5
2015-07-26,0,,,,,0.0,0.0,0.0,0.0,0
2015-07-27,15,3.0,5.0,2.0,5.0,3.907472379667524,1.9193407518987442,1.2338502288084783,0.09086862741514765,15
2015-07-28,7,0.0,5.0,0.0,2.0,3.9550156015611715,0.00022634744345850777,1.8628237516513764,0.00011077079125243472,6
2015-07-29,4,1.0,2.0,0.0,1.0,1.0007446496874763,0.9270021923020977,0.9470979310171969,5.723044341721106e-05,1
2015-07-30,7,1.0,4.0,1.0,1.0,1.9019664904390083,0.0027517825965331813,0.8629214945740387,0.033418638324292156,7
2015-07-31,6,0.0,3.0,0.0,3.0,0.9299010058020937,0.0027136528187837955,1.3095393321418667,0.002768030552033388,6
2015-08-01,9,1.0,3.0,1.0,4.0,1.9613916825146587,0.0002513954914320493,3.9975954916662886,0.02080100336297611,8
2015-08-02,0,,,,,0.0,0.0,0.0,0.0,0
2015-08-03,7,1.0,6.0,0.0,0.0,2.9455990571332222,0.016018878135582594,1.3923783123827889,0.00011250911302340683,7
2015-08-04,10,1.0,7.0,1.0,1.0,7.046260841423646,0.004932843889036898,1.0004056185598529,0.06378293461330026,10
2015-08-05,8,0.0,7.0,1.0,0.0,5.943353535252754,0.0008740985795156799,0.00030766379859414883,0.0013103846185913066,8
2015-08-06,6,0.0,4.0,0.0,2.0,0.9436222259246279,0.008704536434379323,0.01797480404184164,0.00016224978571699467,5
2015-08-07,2,0.0,2.0,0.0,0.0,1.99794602394104,7.569295121356845e-05,5.2724139095516875e-05,4.412649286678061e-05,2
2015-08-08,1,0.0,0.0,0.0,1.0,0.0062736053951084,1.976726889552083e-05,0.8643545508384705,1.2808528481400572e-05,1
2015-08-09,0,,,,,0.0,0.0,0.0,0.0,0
2015-08-10,10,0.0,5.0,1.0,4.0,3.9633331135846674,0.05261512197648671,3.9402413656589483,0.9301879103522879,9
2015-08-11,1,0.0,0.0,0.0,1.0,0.0135184982791543,1.5872408766881563e-05,0.915259063243866,1.2451946531655269e-05,1
2015-08-12,1,0.0,1.0,0.0,0.0,0.0001006761740427,1.6479032638017088e-05,1.8517228454584256e-05,1.2916429113829508e-05,1
2015-08-13,2,0.0,2.0,0.0,0.0,0.0018126603135896794,3.50494883605279e-05,3.898306931660045e-05,3.059940991079202e-05,2
2015-08-14,0,,,,,0.0,0.0,0.0,0.0,0
2015-08-15,0,,,,,0.0,0.0,0.0,0.0,0
2015-08-16,0,,,,,0.0,0.0,0.0,0.0,0
2015-08-17,1,0.0,1.0,0.0,0.0,7.814311538822949e-05,1.8573886336525906e-05,6.85374834574759e-05,1.3455530279316008e-05,1
2015-08-18,0,,,,,0.0,0.0,0.0,0.0,0
2015-08-19,1,0.0,0.0,0.0,1.0,0.0062736710533499,1.976721250684932e-05,0.8643550276756287,1.2808528481400572e-05,1
2015-08-20,2,0.0,2.0,0.0,0.0,0.00022730944328931948,3.622573149186792e-05,3.30878674503765e-05,2.6353432986070402e-05,2
2015-08-21,1,0.0,1.0,0.0,0.0,4.560460365610197e-05,1.5935929695842788e-05,1.7933398339664564e-05,1.2667022019741124e-05,1
2015-08-22,1,0.0,0.0,1.0,0.0,0.0018180012702941,1.612822597962804e-05,1.944744326465297e-05,0.0447064526379108,0
2015-08-23,0,,,,,0.0,0.0,0.0,0.0,0
2015-08-24,2,0.0,1.0,0.0,1.0,0.04140291990552212,3.5802804632112384e-05,0.9050130009818532,2.604215933388332e-05,2
2015-08-25,0,,,,,0.0,0.0,0.0,0.0,0
2015-08-26,0,,,,,0.0,0.0,0.0,0.0,0
2015-08-27,0,,,,,0.0,0.0,0.0,0.0,0
2015-08-28,1,0.0,1.0,0.0,0.0,0.2767781317234039,2.8180171284475364e-05,2.0229117581038736e-05,2.0453842807910405e-05,1
2015-08-29,0,,,,,0.0,0.0,0.0,0.0,0
2015-08-30,0,,,,,0.0,0.0,0.0,0.0,0
2015-08-31,0,,,,,0.0,0.0,0.0,0.0,0
2015-09-01,0,,,,,0.0,0.0,0.0,0.0,0
2015-09-02,1,0.0,1.0,0.0,0.0,2.068207504635211e-05,1.932713894348126e-05,1.5906389307929203e-05,1.8329534213989973e-05,0
2015-09-03,0,,,,,0.0,0.0,0.0,0.0,0
2015-09-04,0,,,,,0.0,0.0,0.0,0.0,0
2015-09-05,2,2.0,0.0,0.0,0.0,3.830275454674848e-05,4.190051186014898e-05,3.4292388590984046e-05,2.7843652787851166e-05,2
2015-09-06,0,,,,,0.0,0.0,0.0,0.0,0
2015-09-07,1,0.0,0.0,1.0,0.0,9.43126215133816e-05,1.5530249584116973e-05,4.158573210588656e-05,0.0003034292603842,1
2015-09-08,0,,,,,0.0,0.0,0.0,0.0,0
2015-09-09,2,1.0,1.0,0.0,0.0,0.055934573640115504,0.9369147371035069,0.002452188506140363,2.6883788450504653e-05,2
2015-09-10,1,1.0,0.0,0.0,0.0,7.986988202901557e-05,0.0122647974640131,0.0004137850191909,2.508414945623372e-05,1
2015-09-11,0,,,,,0.0,0.0,0.0,0.0,0
2015-09-12,2,0.0,2.0,0.0,0.0,0.00045485078589989645,3.6018040191265754e-05,4.3546648157644086e-05,2.6157196771237068e-05,2
2015-09-13,0,,,,,0.0,0.0,0.0,0.0,0
2015-09-14,4,1.0,3.0,0.0,0.0,2.012869277443315,0.00011499584979901556,0.004455087095266121,5.9122762650076766e-05,4
2015-09-15,7,0.0,3.0,0.0,4.0,0.10861845824001637,0.004707768327534623,0.04806914032178594,9.512016185908578e-05,6
2015-09-16,1,0.0,1.0,0.0,0.0,0.0054860482923686,1.583033190399874e-05,1.642430834181141e-05,1.3072813999315258e-05,1
2015-09-17,1,0.0,0.0,0.0,1.0,0.0001329106307821,3.7480462196981534e-05,0.9909318089485168,3.135910083074123e-05,1
2015-09-18,0,,,,,0.0,0.0,0.0,0.0,0
2015-09-19,3,0.0,2.0,0.0,1.0,0.9704133403574816,0.0009731174068291871,0.997456660174066,5.525329834199511e-05,3
2015-09-20,0,,,,,0.0,0.0,0.0,0.0,0
2015-09-21,0,,,,,0.0,0.0,0.0,0.0,0
2015-09-22,3,0.0,1.0,0.0,2.0,5.0671756980591454e-05,5.4335811000782996e-05,0.0249826006620423,4.243383773427922e-05,2
2015-09-23,0,,,,,0.0,0.0,0.0,0.0,0
2015-09-24,5,1.0,1.0,1.0,2.0,0.01935584637067219,0.01481295325083912,1.2851604270290409,0.929994558301587,3
2015-09-25,0,,,,,0.0,0.0,0.0,0.0,0
2015-09-26,0,,,,,0.0,0.0,0.0,0.0,0
2015-09-27,0,,,,,0.0,0.0,0.0,0.0,0
2015-09-28,7,2.0,5.0,0.0,0.0,1.9507569376801257,0.00023409829373122193,0.00022030542095308192,0.00011225390699109994,7
2015-09-29,6,1.0,2.0,1.0,2.0,0.9654704338172451,0.9740155045456049,1.8927513991175147,0.005597833868705433,5
2015-09-30,2,0.0,0.0,1.0,1.0,0.0008972384002844617,3.327640479255933e-05,0.01250485783020844,0.04526172168152697,2
2015-10-01,1,0.0,0.0,0.0,1.0,0.0023107281886041,2.4223541913670488e-05,0.0062333825044333,1.4972518329159357e-05,1
2015-10-02,5,0.0,1.0,1.0,3.0,0.0002464978115312988,8.760059517953778e-05,0.8404536551588535,0.7902107202708066,0
2015-10-03,5,1.0,3.0,0.0,1.0,1.9814245204506733,0.24695789814722952,0.9971767654551513,0.006059547638869825,5
2015-10-04,0,,,,,0.0,0.0,0.0,0.0,0
2015-10-05,15,3.0,2.0,1.0,9.0,0.0037637950417774516,0.0009570941710988433,2.2497234430556996,0.0002200064900534926,14
2015-10-06,8,2.0,2.0,2.0,2.0,0.06552340510097529,0.0098131119557363,0.96628979023626,0.003922060120203118,7
2015-10-07,3,1.0,2.0,0.0,0.0,0.08284635629206598,0.0021988812404742583,0.00019513475490378444,4.7049704335222486e-05,3
2015-10-08,4,0.0,2.0,0.0,2.0,0.03813524836004934,0.00983793617342598,1.9992873531846271,7.556964737887029e-05,4
2015-10-09,3,0.0,1.0,1.0,1.0,0.001933618361363,0.0007068068262013612,0.9322897441470558,0.08741982834999361,3
2015-10-10,0,,,,,0.0,0.0,0.0,0.0,0
2015-10-11,0,,,,,0.0,0.0,0.0,0.0,0
2015-10-12,0,,,,,0.0,0.0,0.0,0.0,0
2015-10-13,8,1.0,3.0,1.0,3.0,0.8482264399499397,0.011283289119091766,2.886632379688308,0.011273761606389505,8
2015-10-14,1,0.0,1.0,0.0,0.0,6.943918560864404e-05,1.49143670569174e-05,1.3566333109338302e-05,1.2522142242232803e-05,0
2015-10-15,1,0.0,1.0,0.0,0.0,5.900644464418292e-05,1.4494083188765217e-05,1.353296192974085e-05,1.2382241948216688e-05,1
2015-10-16,2,2.0,0.0,0.0,0.0,0.0004925179346172735,0.9477548347404081,0.0007057667207845108,2.6105487449967768e-05,2
2015-10-17,6,0.0,2.0,0.0,4.0,0.04746406812046164,0.0003228062714697391,2.656318279769039,8.629296098661143e-05,6
2015-10-18,0,,,,,0.0,0.0,0.0,0.0,0
2015-10-19,2,0.0,1.0,0.0,1.0,0.0007313362875720229,4.839699431613553e-05,0.9925511353940237,8.687451645528199e-05,2
2015-10-20,2,0.0,1.0,1.0,0.0,0.04047019420249849,3.621457472036127e-05,4.332830576458946e-05,0.05984475183140601,2
2015-10-21,7,0.0,6.0,1.0,0.0,3.9012430552829755,0.00017072753962565912,0.00018175467175751692,0.00040399324370800924,7
2015-10-22,6,1.0,3.0,1.0,1.0,1.0011262697553318,0.9510526854828639,0.002454923420373224,0.0003939862781407619,6
2015-10-23,4,0.0,2.0,1.0,1.0,1.1510859498812351,0.0013411045310931225,0.01488884587888601,0.0003498759415378113,4
2015-10-24,5,3.0,1.0,0.0,1.0,0.007378682890703026,0.009590314455635778,0.9973241016341486,0.0014950420782042589,5
2015-10-25,0,,,,,0.0,0.0,0.0,0.0,0
2015-10-26,3,0.0,1.0,2.0,0.0,0.9473943397752008,6.081343053665478e-05,0.00013201276124164,0.029418614489259098,2
2015-10-27,3,0.0,1.0,1.0,1.0,0.019782123075856195,5.249357127468102e-05,0.06674056176052542,0.00032995983110589727,3
2015-10-28,3,0.0,2.0,0.0,1.0,0.02210979244409823,5.0378429477859754e-05,0.004145361249356889,3.913251021003816e-05,3
2015-10-29,5,1.0,0.0,2.0,2.0,0.0005444421658466956,0.00033932471160367394,1.956642296492646,0.0069602581952494125,5
2015-10-30,0,,,,,0.0,0.0,0.0,0.0,0
2015-10-31,3,0.0,2.0,0.0,1.0,0.028031379286403455,0.00035418985225987116,0.9945142362321349,0.0002525937024983325,3
2015-11-01,0,,,,,0.0,0.0,0.0,0.0,0
2015-11-02,6,1.0,3.0,1.0,1.0,0.024482440747305958,0.9244045734194515,0.9432656491899253,0.0012436664446795426,5
2015-11-03,5,0.0,4.0,0.0,1.0,1.9614445093284303,0.01028866150954844,0.006061205916921581,0.9626913588463141,4
2015-11-04,5,1.0,4.0,0.0,0.0,1.9009868734719928,0.9502282907069456,0.0002753226253843751,0.00018670294412004158,5
2015-11-05,5,0.0,2.0,1.0,2.0,0.9992879002693371,0.00010936894977930933,0.00023581538880534936,0.050349772922345416,5
2015-11-06,0,,,,,0.0,0.0,0.0,0.0,0
2015-11-07,10,0.0,7.0,0.0,3.0,1.051147048394341,0.0009253095668098124,2.6506084117936553,0.0015056174161145273,10
2015-11-08,0,,,,,0.0,0.0,0.0,0.0,0
2015-11-09,0,,,,,0.0,0.0,0.0,0.0,0
2015-11-10,7,0.0,6.0,0.0,1.0,3.980754935255391,0.0019741869182325665,0.6375522577200172,0.00010623931211739546,7
2015-11-11,8,0.0,5.0,2.0,1.0,3.0412799759069458,0.0016010548624762625,0.9552010741754201,0.9909523527494457,7
2015-11-12,5,1.0,2.0,0.0,2.0,2.182369079440832,0.9620875376494948,1.8677413876193896,9.959470116882585e-05,5
2015-11-13,0,,,,,0.0,0.0,0.0,0.0,0
2015-11-14,2,0.0,1.0,0.0,1.0,1.0225076973438263,4.621394327841699e-05,0.9965935615346098,3.3646574593149126e-05,2
2015-11-15,0,,,,,0.0,0.0,0.0,0.0,0
2015-11-16,3,1.0,2.0,0.0,0.0,0.9661573617340763,0.945116987935762,0.01563718190300276,3.8432053770520724e-05,3
2015-11-17,3,0.0,3.0,0.0,0.0,0.043784396759292556,0.0005731370374632193,0.0009913688054439206,4.129328590352088e-05,3
2015-11-18,2,0.0,1.0,1.0,0.0,0.0052976996666983,3.023945555469254e-05,3.235037547710817e-05,0.041094394739047795,2
2015-11-19,4,1.0,2.0,0.0,1.0,0.0025306272436863833,0.9511084399991887,0.016738342324060764,5.962118666502647e-05,4
2015-11-20,4,0.0,4.0,0.0,0.0,3.0182076916098595,0.00013799549196846783,0.003308275103336184,6.700287940475391e-05,4
2015-11-21,2,1.0,0.0,0.0,1.0,0.003807811288424965,3.702845424413681e-05,0.9219681613594731,2.5610890588723123e-05,2
2015-11-22,0,,,,,0.0,0.0,0.0,0.0,0
2015-11-23,5,0.0,2.0,2.0,1.0,1.0673202845791818,0.002304939704117618,0.6756094507218221,0.9595295341787277,5
2015-11-24,1,0.0,1.0,0.0,0.0,0.1431670635938644,0.0069573544897139,4.614215504261665e-05,2.250319266750012e-05,1
2015-11-25,5,4.0,1.0,0.0,0.0,0.00026077606889880886,0.00012090948257537093,8.517958121956326e-05,6.492947977676522e-05,5
2015-11-26,5,0.0,1.0,0.0,4.0,0.01039954269072015,0.0001396747520630015,3.0609207497454918,0.00010928430856438354,4
2015-11-27,0,,,,,0.0,0.0,0.0,0.0,0
2015-11-28,6,0.0,2.0,2.0,2.0,1.04068486421238,0.0009817802083488848,0.998081868588997,0.05434694981067873,5
2015-11-29,0,,,,,0.0,0.0,0.0,0.0,0
2015-11-30,6,1.0,3.0,1.0,1.0,2.0038942875908106,0.054421221026132116,0.014625412699388073,0.0012286611126909553,6
2015-12-01,4,1.0,2.0,0.0,1.0,1.0018182506319133,0.9418574116698436,0.9991605257473567,5.673131636285689e-05,4
2015-12-02,0,,,,,0.0,0.0,0.0,0.0,0
2015-12-03,4,0.0,2.0,0.0,2.0,0.03840381918053017,0.00034528359628884783,0.9141573407359828,5.2497197430056985e-05,4
2015-12-04,2,0.0,1.0,0.0,1.0,0.0361988535150884,0.00012954409248774567,0.6907185842283069,3.5728154216485564e-05,2
2015-12-05,4,0.0,2.0,1.0,1.0,0.1278523170731203,6.787721758882981e-05,0.9266302410233038,0.02069847181246579,4
2015-12-06,0,,,,,0.0,0.0,0.0,0.0,0
2015-12-07,3,1.0,1.0,0.0,1.0,1.0010770617955131,0.0010627908814057447,0.0408960203858441,9.656464044383029e-05,3
2015-12-08,0,,,,,0.0,0.0,0.0,0.0,0
2015-12-09,3,1.0,2.0,0.0,0.0,0.0051829613366862,0.9812015695115406,6.346641748677939e-05,4.386967066238867e-05,3
2015-12-10,7,1.0,4.0,0.0,2.0,1.0141954870632612,0.9509133385126916,0.010046516800684763,0.0006164208598420019,7
2015-12-11,3,0.0,0.0,2.0,1.0,0.0011497005834824959,4.677986908063758e-05,0.04117017327916982,0.0024753323250477563,2
2015-12-12,2,0.0,1.0,0.0,1.0,3.4209380828542635e-05,4.029237425129395e-05,8.919302126741968e-05,3.0714029890077654e-05,1
2015-12-13,0,,,,,0.0,0.0,0.0,0.0,0
2015-12-14,6,1.0,5.0,0.0,0.0,3.466339004377005,0.9541512460218654,0.260269075157339,0.00010437150285724783,6
2015-12-15,4,1.0,3.0,0.0,0.0,0.8833793362682627,0.00043276778160353935,0.17243607200907712,6.234565717022633e-05,4
2015-12-16,5,1.0,2.0,2.0,0.0,2.000534540216904,0.9346719964833029,0.0026907810424743953,0.040304259764525216,4
2015-12-17,4,0.0,3.0,0.0,1.0,1.0231454777331237,7.154158811317757e-05,0.25084496709860093,0.042165449880485435,3
2015-12-18,3,0.0,2.0,0.0,1.0,1.1313828453421593,0.02338847398641517,0.13838441446387145,0.05210929828535872,3
2015-12-19,3,0.0,0.0,0.0,3.0,0.002607734282719266,7.230081428133417e-05,1.007487236522138,4.0957719647849444e-05,3
2015-12-20,0,,,,,0.0,0.0,0.0,0.0,0
2015-12-21,19,1.0,9.0,3.0,6.0,3.0296278966770838,0.06256612497872985,2.038087364445346,0.006441023965635236,19
2015-12-22,10,2.0,3.0,1.0,4.0,0.9731110690281635,1.8745074894668505,3.696595361268919,0.3636525141546372,6
2015-12-23,7,1.0,4.0,0.0,2.0,2.007325147420488,0.0020789089776371305,1.0056310831660085,9.807433252717601e-05,7
2015-12-24,3,0.0,2.0,0.0,1.0,0.994286884299072,6.046102134860121e-05,0.8644134057467454,4.3664717850333545e-05,3
2015-12-25,0,,,,,0.0,0.0,0.0,0.0,0
2015-12-26,0,,,,,0.0,0.0,0.0,0.0,0
2015-12-27,0,,,,,0.0,0.0,0.0,0.0,0
2015-12-28,12,0.0,6.0,1.0,5.0,1.112780400388146,0.0004319945282986724,1.458536952180111,0.07717598089675444,11
2015-12-29,7,2.0,4.0,0.0,1.0,1.9098757849824324,0.9775548001289279,0.7973573560593649,0.0001807479247872834,4
2015-12-30,5,1.0,3.0,0.0,1.0,2.030658341718663,0.9668603936952421,0.9050929025625011,7.086120967869647e-05,4
2015-12-31,0,,,,,0.0,0.0,0.0,0.0,0
2016-01-01,0,,,,,0.0,0.0,0.0,0.0,0
2016-01-02,1,0.0,1.0,0.0,0.0,0.0378751009702682,1.793578667275142e-05,0.0076888189651072,1.3659466276294552e-05,1
2016-01-03,0,,,,,0.0,0.0,0.0,0.0,0
2016-01-04,2,0.0,2.0,0.0,0.0,0.994367536968639,3.279921838839073e-05,4.153868849243736e-05,2.76735599982203e-05,2
2016-01-05,4,0.0,1.0,2.0,1.0,0.0013190630124881465,7.486049253202509e-05,0.00015385104688903084,0.953498803194634,2
2016-01-06,0,,,,,0.0,0.0,0.0,0.0,0
2016-01-07,1,0.0,0.0,1.0,0.0,0.0013657292583957,1.6639936802675948e-05,2.137071714969352e-05,0.0111566111445426,1
2016-01-08,0,,,,,0.0,0.0,0.0,0.0,0
2016-01-09,0,,,,,0.0,0.0,0.0,0.0,0
2016-01-10,0,,,,,0.0,0.0,0.0,0.0,0
2016-01-11,2,0.0,0.0,1.0,1.0,0.0008956905676313024,2.927178593381541e-05,6.334493082249537e-05,0.04526144781902985,2
2016-01-12,2,0.0,1.0,0.0,1.0,0.0230658030486664,8.65758556756191e-05,0.0103611553786321,3.0424687793129124e-05,2
2016-01-13,0,,,,,0.0,0.0,0.0,0.0,0
2016-01-14,4,1.0,2.0,0.0,1.0,0.9856879694070813,0.01008483070472718,0.14669919334664877,5.891626005904982e-05,4
2016-01-15,1,0.0,1.0,0.0,0.0,0.9979210495948792,2.1745840058429167e-05,2.683121056179516e-05,0.0021852925419807,1
2016-01-16,1,0.0,0.0,0.0,1.0,0.0099312290549278,2.052010313491337e-05,0.9357577562332152,1.294368030357873e-05,1
2016-01-17,0,,,,,0.0,0.0,0.0,0.0,0
2016-01-18,3,1.0,2.0,0.0,0.0,0.9475296980344864,6.522436342493165e-05,0.00011840903425763827,4.3079785427835304e-05,3
2016-01-19,1,0.0,0.0,0.0,1.0,4.1460327338427305e-05,1.4576135981769768e-05,4.52751228294801e-05,1.5421230273204856e-05,1
2016-01-20,3,0.0,2.0,1.0,0.0,0.9988207960559519,4.7140261813183315e-05,0.002178261256631168,0.04527492800843901,3
2016-01-21,5,1.0,4.0,0.0,0.0,0.14382570457019025,0.011742441709429698,0.018054135456622853,7.145400377339683e-05,5
2016-01-22,1,0.0,0.0,0.0,1.0,5.862267062184401e-05,3.230752918170765e-05,0.9724295735359192,1.5481147784157656e-05,1
2016-01-23,1,1.0,0.0,0.0,0.0,0.0179886370897293,0.0450867600739002,0.0001327569480054,2.0684421542682685e-05,1
2016-01-24,0,,,,,0.0,0.0,0.0,0.0,0
2016-01-25,2,0.0,2.0,0.0,0.0,0.9990923993282194,4.906664071313571e-05,4.2087642214028165e-05,4.5828141082893126e-05,1
2016-01-26,2,0.0,2.0,0.0,0.0,0.005113748584335551,4.072794945386704e-05,4.404127503221389e-05,2.7950387448072437e-05,1
2016-01-27,3,0.0,2.0,0.0,1.0,0.010664110639481725,4.6878939429007005e-05,0.0014992986989454395,3.852885311061982e-05,3
2016-01-28,6,0.0,1.0,1.0,4.0,0.0344273829541631,0.0005943994328843956,2.87365499945372,0.0013880856595278146,6
2016-01-29,0,,,,,0.0,0.0,0.0,0.0,0
2016-01-30,3,1.0,2.0,0.0,0.0,0.02018368316566915,0.017974546339246337,0.001728822298900909,7.550230384367751e-05,3
2016-01-31,0,,,,,0.0,0.0,0.0,0.0,0
2016-02-01,4,0.0,2.0,1.0,1.0,1.4958829554961994,0.00011236081445531455,0.9836154236763832,0.011200520179045177,4
2016-02-02,1,0.0,0.0,0.0,1.0,0.0062736710533499,1.976721250684932e-05,0.8643550276756287,1.2808528481400572e-05,1
2016-02-03,2,0.0,1.0,1.0,0.0,0.00018038719281321391,3.175604433636181e-05,6.0060203395551064e-05,0.00031610849509879654,2
2016-02-04,5,1.0,3.0,0.0,1.0,0.7215668807775728,0.00010167724576604087,0.006396083124855046,6.774309895263286e-05,2
2016-02-05,0,,,,,0.0,0.0,0.0,0.0,0
2016-02-06,2,1.0,1.0,0.0,0.0,0.001779982729203668,0.9346209352279403,3.910885970981326e-05,2.5394926524313632e-05,2
2016-02-07,0,,,,,0.0,0.0,0.0,0.0,0
2016-02-08,6,1.0,2.0,1.0,2.0,1.0719046208760117,0.05600893719656581,1.9643959219247336,1.9390790040561114,4
2016-02-09,8,1.0,2.0,3.0,2.0,0.002826235377142247,0.00013671177839569282,0.2733318575865268,1.6509130488084338,5
2016-02-10,6,1.0,1.0,0.0,4.0,0.13150951313218678,0.03563623925310816,0.004398912024043736,9.50926259974949e-05,6
2016-02-11,4,0.0,2.0,2.0,0.0,1.835538328421535,8.720736332179513e-05,7.821150938980281e-05,0.011128573221867425,4
2016-02-12,1,0.0,1.0,0.0,0.0,0.0036109676584601,3.233370807720348e-05,3.329496757942252e-05,4.308429197408259e-05,1
2016-02-13,5,0.0,2.0,0.0,3.0,0.025630712618294436,0.0019124112714050338,2.238882275756623,8.370805335289333e-05,5
2016-02-14,0,,,,,0.0,0.0,0.0,0.0,0
2016-02-15,2,0.0,1.0,0.0,1.0,0.1069132822449318,0.01597180030694281,0.8524956915825896,2.5313730475318152e-05,2
2016-02-16,3,1.0,2.0,0.0,0.0,0.9670704739473875,0.019864647565555,9.261733066523448e-05,5.45310558663914e-05,3
2016-02-17,1,0.0,0.0,0.0,1.0,0.0045290598645806,1.937650449690409e-05,0.9405696392059326,1.3154961379768793e-05,1
2016-02-18,10,2.0,5.0,1.0,2.0,2.096559785675708,1.9261427106375775,1.8973473904552518,0.0059128867842445955,5
2016-02-19,0,,,,,0.0,0.0,0.0,0.0,0
2016-02-20,1,0.0,1.0,0.0,0.0,7.814311538822949e-05,1.8573886336525906e-05,6.85374834574759e-05,1.3455530279316008e-05,1
2016-02-21,0,,,,,0.0,0.0,0.0,0.0,0
2016-02-22,8,1.0,5.0,0.0,2.0,0.3056645380729603,0.006842246360974768,1.9542384076758026,0.0023371616280201046,8
2016-02-23,4,1.0,1.0,2.0,0.0,0.004032966469821845,0.05792494469824299,0.00025205005294990274,0.046458780080683805,3
2016-02-24,7,0.0,4.0,3.0,0.0,0.00840542718105998,0.00020134832357136714,0.00027250572657060184,1.015239885214214,7
2016-02-25,8,0.0,3.0,3.0,2.0,1.9881238308444154,0.00018139653002435807,0.9633951738851463,1.7134051123284735,6
2016-02-26,2,0.0,0.0,0.0,2.0,0.0327844601124524,0.0005260215602902107,1.8779698610305786,3.448038933129283e-05,2
2016-02-27,3,0.0,3.0,0.0,0.0,0.015347874139479176,0.004539805214335405,0.00030709282964379124,0.0026936542981274483,2
2016-02-28,0,,,,,0.0,0.0,0.0,0.0,0
2016-02-29,12,0.0,6.0,0.0,6.0,3.9551711446638365,0.0002699498272704659,0.4703066555503025,0.0006937575317351629,9
2016-03-01,1,0.0,1.0,0.0,0.0,0.000322327716276,2.0538162061711773e-05,1.947394594026264e-05,1.3468798897520172e-05,1
2016-03-02,6,0.0,4.0,0.0,2.0,0.0024980497037174194,0.00011130038456030888,0.8526399954944281,7.925944828457432e-05,4
2016-03-03,0,,,,,0.0,0.0,0.0,0.0,0
2016-03-04,1,0.0,1.0,0.0,0.0,0.0025713120121508,0.0003933106781914,0.0001110774537664,1.7299887986155227e-05,1
2016-03-05,3,0.0,1.0,0.0,2.0,0.022532782335474535,0.00032882495543156765,1.875205110056413,4.17056862715981e-05,3
2016-03-06,0,,,,,0.0,0.0,0.0,0.0,0
2016-03-07,4,1.0,3.0,0.0,0.0,0.011637038158369147,0.0004488781760300021,0.002623386404593398,5.638285983877722e-05,4
2016-03-08,4,1.0,2.0,0.0,1.0,1.0199974692259273,0.9552164436518069,0.5538138228603202,5.8562762205838226e-05,3
2016-03-09,2,0.0,1.0,0.0,1.0,0.03571952218408114,3.0740469810552895e-05,0.9249401119541288,2.512732953618979e-05,2
2016-03-10,5,0.0,4.0,0.0,1.0,2.0280406223610044,0.0024535223546989344,0.9453500321505999,8.938546397985192e-05,5
2016-03-11,1,0.0,1.0,0.0,0.0,0.9981396198272704,3.473520337138325e-05,2.608157410577405e-05,1.8369615645497103e-05,1
2016-03-12,1,0.0,1.0,0.0,0.0,5.900644464418292e-05,1.4494083188765217e-05,1.353296192974085e-05,1.2382241948216688e-05,1
2016-03-13,0,,,,,0.0,0.0,0.0,0.0,0
2016-03-14,12,1.0,6.0,1.0,4.0,0.0528996730199648,0.000887954078279848,1.946354395158778,0.9648617330440173,11
2016-03-15,2,0.0,1.0,0.0,1.0,0.019769166086916746,3.585873309930321e-05,0.9107828769647311,2.550764384068316e-05,2
2016-03-16,4,1.0,0.0,1.0,2.0,0.002799479629174852,0.9509343190502477,1.7935151872152346,0.020697649997600806,3
2016-03-17,3,0.0,2.0,1.0,0.0,0.0007195331163528382,4.661232924263459e-05,8.594882456236519e-05,0.0018081406951750967,2
2016-03-18,0,,,,,0.0,0.0,0.0,0.0,0
2016-03-19,7,1.0,3.0,2.0,1.0,1.6879527044202403,0.0001528538796264911,0.9874405579939776,0.03872224044425813,6
2016-03-20,0,,,,,0.0,0.0,0.0,0.0,0
2016-03-21,5,0.0,4.0,0.0,1.0,2.0048637518066244,0.00011743619143089745,0.9870134379380033,7.330684002226917e-05,4
2016-03-22,6,1.0,1.0,0.0,4.0,0.00784757186556798,0.9353074250730059,3.236775888281045,8.021450685191667e-05,6
2016-03-23,2,0.0,2.0,0.0,0.0,0.08073238429096813,0.002561732988397027,0.0021406663654488295,2.8225123969605193e-05,1
2016-03-24,0,,,,,0.0,0.0,0.0,0.0,0
2016-03-25,0,,,,,0.0,0.0,0.0,0.0,0
2016-03-26,2,0.0,2.0,0.0,0.0,0.8474878369506769,5.500710540218279e-05,0.21438505071091635,2.8317867872829083e-05,2
2016-03-27,0,,,,,0.0,0.0,0.0,0.0,0
2016-03-28,1,0.0,0.0,0.0,1.0,0.0566598884761333,2.19851663132431e-05,0.9907253980636596,1.5117097973416094e-05,1
2016-03-29,1,0.0,1.0,0.0,0.0,0.0050849565304815,1.591432373970747e-05,1.653370782150887e-05,1.2794841495633593e-05,1
2016-03-30,12,0.0,10.0,0.0,2.0,5.985585339934914,0.0003627158966992283,1.5645048628048244,0.00022123519465822028,11
2016-03-31,0,,,,,0.0,0.0,0.0,0.0,0
2016-04-01,0,,,,,0.0,0.0,0.0,0.0,0
2016-04-02,1,0.0,1.0,0.0,0.0,0.851870059967041,0.0009419095003977,4.620941763278097e-05,2.117742405971512e-05,1
2016-04-03,0,,,,,0.0,0.0,0.0,0.0,0
2016-04-04,6,0.0,3.0,3.0,0.0,1.0726285433629525,0.00010172590100410162,0.00016622890689177439,0.9371291073175596,3
2016-04-05,8,1.0,4.0,0.0,3.0,3.8185553743096534,0.056356444747507214,1.9697205345455588,0.0001302784176004934,8
2016-04-06,1,0.0,1.0,0.0,0.0,3.063453550566919e-05,1.614587745280005e-05,1.5027900190034416e-05,1.4099773579800969e-05,0
2016-04-07,2,0.0,2.0,0.0,0.0,1.9932302832603455,0.0057610089133958466,6.618694169446826e-05,0.9588058121080395,2
2016-04-08,0,,,,,0.0,0.0,0.0,0.0,0
2016-04-09,4,2.0,1.0,0.0,1.0,0.0028258665297470915,0.945777404911496,0.000161862883942353,5.114659052196657e-05,1
2016-04-10,0,,,,,0.0,0.0,0.0,0.0,0
2016-04-11,8,0.0,6.0,1.0,1.0,4.354884775268147,0.0002454041750752367,0.972936144860796,0.020791555157302275,8
2016-04-12,7,0.0,4.0,0.0,3.0,2.94418767519528,0.005299365086102331,2.0840460012477706,0.00021248695156828035,7
2016-04-13,2,1.0,0.0,0.0,1.0,8.981900464277714e-05,3.689674304041546e-05,0.2445661865331203,2.6094195163750555e-05,2
2016-04-14,9,1.0,1.0,4.0,3.0,0.019729955736693172,0.9388114310950186,1.322278893308976,0.14531341154270183,2
2016-04-15,1,0.0,1.0,0.0,0.0,0.0499466247856617,2.1401940102805384e-05,1.5347770386142656e-05,1.4063642083783634e-05,1
2016-04-16,7,3.0,1.0,2.0,1.0,0.022697618098390927,0.04740468036652599,0.0002283894136780873,0.0956124286221893,6
2016-04-17,0,,,,,0.0,0.0,0.0,0.0,0
2016-04-18,18,0.0,15.0,0.0,3.0,11.655592108159908,0.0006029905507602962,1.8282454986629089,0.0008533589552825661,18
2016-04-19,3,1.0,1.0,1.0,0.0,0.05388486733863822,0.005574641634666432,7.02003435435472e-05,0.001790293194971978,3
2016-04-20,15,3.0,3.0,3.0,6.0,0.0956246871737674,0.9324389437351783,4.766428937215096,0.9621653206468181,15
2016-04-21,3,1.0,1.0,1.0,0.0,0.002255051273095785,0.934633939556079,5.166681330592837e-05,0.0011769895290853712,3
2016-04-22,5,1.0,3.0,0.0,1.0,0.11164618935435991,0.996718280155619,0.10717785352426261,0.00010204378304479178,5
2016-04-23,9,0.0,2.0,0.0,7.0,0.9799462156952357,0.10066518099756633,4.886655054581752,0.00264184683692292,9
2016-04-24,0,,,,,0.0,0.0,0.0,0.0,0
2016-04-25,5,1.0,1.0,1.0,2.0,0.9944327163102569,0.014083705391385523,1.2444231838235282,0.020736386250064243,5
2016-04-26,1,0.0,1.0,0.0,0.0,2.0258183212717995e-05,1.8218366676592268e-05,1.7862674212665297e-05,1.3138585927663373e-05,0
2016-04-27,2,0.0,1.0,0.0,1.0,8.893536141840741e-05,3.311101136205252e-05,0.24454124949443207,2.6150060875806957e-05,1
2016-04-28,15,1.0,9.0,1.0,4.0,4.123782719989322,0.008719916424524672,2.5134260902168535,0.040900439621509466,14
2016-04-29,0,,,,,0.0,0.0,0.0,0.0,0
2016-04-30,4,0.0,1.0,1.0,2.0,0.0603524511680005,0.00020653522915375767,1.115317283403783,0.07396064883869255,3
2016-05-01,0,,,,,0.0,0.0,0.0,0.0,0
2016-05-02,4,0.0,4.0,0.0,0.0,3.949984312057495,0.00012980935753148515,9.187268369714728e-05,7.530063339800108e-05,4
2016-05-03,2,0.0,1.0,0.0,1.0,0.000149951534694992,3.494700104056392e-05,0.24459437240147958,2.6430007892486174e-05,2
2016-05-04,3,2.0,1.0,0.0,0.0,0.00401054010944775,0.9681895020330555,0.0002280891312693264,4.029054889542749e-05,3
2016-05-05,0,,,,,0.0,0.0,0.0,0.0,0
2016-05-06,1,0.0,1.0,0.0,0.0,0.0203665327280759,1.5669169442844577e-05,0.0002828769502229,0.0032078882213681,1
2016-05-07,5,0.0,4.0,0.0,1.0,3.998468387871981,0.00014570287567039486,0.9915142996269424,7.354398530878825e-05,5
2016-05-08,0,,,,,0.0,0.0,0.0,0.0,0
2016-05-09,1,0.0,1.0,0.0,0.0,5.900590622331947e-05,1.4494083188765217e-05,1.3532949196815023e-05,1.2382235581753775e-05,1
2016-05-10,2,0.0,1.0,0.0,1.0,0.00020659969231920245,3.521617873047944e-05,0.0040315266669494615,0.0005473639066622026,1
2016-05-11,2,0.0,0.0,1.0,1.0,0.0041779978982958614,3.8581430999329314e-05,0.012507644127253982,0.03137338495616852,1
2016-05-12,7,2.0,2.0,0.0,3.0,0.02019171483152573,0.9627857961604603,2.9786109078158916,0.0001848146466727485,7
2016-05-13,1,0.0,1.0,0.0,0.0,0.0191702898591756,3.257544449297711e-05,0.0008179686265066,1.514221185061615e-05,1
2016-05-14,2,0.0,0.0,1.0,1.0,0.004852564255997925,3.2193453080253676e-05,0.004031521893921235,0.0571102061658166,2
2016-05-15,0,,,,,0.0,0.0,0.0,0.0,0
2016-05-16,1,0.0,1.0,0.0,0.0,0.0289885122328996,4.75771157653071e-05,2.475745714036748e-05,2.1231386199360717e-05,1
2016-05-17,4,0.0,3.0,0.0,1.0,1.983532501202717,9.092607797356322e-05,0.2446240155040868,5.736379989684792e-05,4
2016-05-18,3,1.0,0.0,1.0,1.0,0.001980008404643718,0.93463735113437,0.2446571507098269,0.0012012584784314602,3
2016-05-19,3,0.0,2.0,1.0,0.0,0.9990176196442916,0.021443334541800065,0.0001707668307062587,0.05490439159257215,3
2016-05-20,12,1.0,5.0,2.0,4.0,1.1227901447327893,0.02334869306741877,0.026227303018458575,0.9803259023892678,12
2016-05-21,6,1.0,1.0,0.0,4.0,0.043784984645753706,0.9354082704485335,1.2542041058441098,0.000613339728261043,6
2016-05-22,0,,,,,0.0,0.0,0.0,0.0,0
2016-05-23,5,0.0,4.0,0.0,1.0,1.098043388687074,0.0003011080189025099,0.9985472413627577,0.00010627410847519059,4
2016-05-24,3,0.0,2.0,0.0,1.0,0.005262852657324343,6.165927334222943e-05,0.9518920106092992,4.213527608953882e-05,3
2016-05-25,4,0.0,1.0,1.0,2.0,1.03534013567878,8.237163183366647e-05,0.9068861022642523,0.00034400869753875487,4
2016-05-26,7,1.0,6.0,0.0,0.0,2.973788615565354,0.00015999399420252303,0.00011997798810625682,0.00010080853826366365,7
2016-05-27,2,1.0,1.0,0.0,0.0,0.9958221414199215,4.23021392634837e-05,5.0747059503919445e-05,3.284058857389027e-05,2
2016-05-28,4,0.0,3.0,1.0,0.0,0.902840566879604,0.007116506678357785,0.00014272841690399218,0.9299668476269289,3
2016-05-29,0,,,,,0.0,0.0,0.0,0.0,0
2016-05-30,2,0.0,2.0,0.0,0.0,0.2167159725795499,6.228205347724725e-05,7.1707809183863e-05,4.113615523237968e-05,2
2016-05-31,6,1.0,1.0,2.0,2.0,0.058320170674050945,0.9387541705946205,0.9888501150380761,0.02764298980946465,4
2016-06-01,3,0.0,3.0,0.0,0.0,5.958695874141995e-05,5.271778536553029e-05,5.050055551691912e-05,4.27066352131078e-05,2
2016-06-02,2,0.0,1.0,1.0,0.0,0.9725455454681651,5.499710096046329e-05,0.00016306333054666612,0.985070203709256,1
2016-06-03,37,6.0,12.0,4.0,15.0,5.31146816509863,1.7197412101613736,6.8509884835884804,1.9054380059587854,35
2016-06-04,8,2.0,4.0,1.0,1.0,1.7994293455467414,0.05340738304585081,0.9998464571253861,0.1999751125031252,7
2016-06-05,0,,,,,0.0,0.0,0.0,0.0,0
2016-06-06,5,1.0,2.0,0.0,2.0,1.3987586833845853,0.00010827336518559605,0.9630929625654971,6.698772904201178e-05,5
2016-06-07,10,1.0,5.0,2.0,2.0,2.010132940121366,0.8787541165838774,0.9714380312925641,0.03824348200305389,3
2016-06-08,4,0.0,3.0,0.0,1.0,0.13916863680060465,0.0001467093734390801,0.9817043852553979,5.9784822951769456e-05,4
2016-06-09,2,0.0,2.0,0.0,0.0,0.0392857956248917,3.5602615753305145e-05,3.3782640457502566e-05,2.7168201995664276e-05,2
2016-06-10,2,0.0,0.0,0.0,2.0,0.06075378134846671,0.00010596630272630136,1.8046324253082275,2.8824420951423235e-05,2
2016-06-11,3,0.0,3.0,0.0,0.0,0.5397467704242445,7.502994412789121e-05,0.002968403037812093,6.101810595282586e-05,1
2016-06-12,0,,,,,0.0,0.0,0.0,0.0,0
2016-06-13,1,0.0,1.0,0.0,0.0,5.900610631215386e-05,1.4494083188765217e-05,1.3532955563277936e-05,1.23822474051849e-05,1
2016-06-14,1,0.0,1.0,0.0,0.0,0.9883646368980408,0.0050348415970802,0.0005870910244993,8.419937512371689e-05,1
2016-06-15,0,,,,,0.0,0.0,0.0,0.0,0
2016-06-16,3,1.0,2.0,0.0,0.0,0.005029838626796771,0.8875775691540184,0.00011698169328155927,3.930519233108498e-05,3
2016-06-17,0,,,,,0.0,0.0,0.0,0.0,0
2016-06-18,2,0.0,0.0,0.0,2.0,0.0633283779607154,0.0005350979263311927,0.9767465270124374,0.0001404754066243038,2
2016-06-19,0,,,,,0.0,0.0,0.0,0.0,0
2016-06-20,3,0.0,0.0,1.0,2.0,0.03595120484351347,0.0022566150901183594,1.9887601598802576,0.022117627943771253,2
2016-06-21,4,0.0,4.0,0.0,0.0,1.8035500536934705,0.00017121342170862232,0.00011019771409337409,7.540065234934445e-05,3
2016-06-22,8,0.0,3.0,2.0,3.0,0.005785338376881495,0.00016650168709020363,0.0508908488300219,0.0009470644590690355,8
2016-06-23,3,0.0,2.0,0.0,1.0,0.0027237116228206477,5.9219348258920945e-05,0.9431353222444159,3.8248352211667225e-05,3
2016-06-24,0,,,,,0.0,0.0,0.0,0.0,0
2016-06-25,2,0.0,1.0,0.0,1.0,0.02503872594752457,5.8291070672567e-05,0.9414330608433374,2.8380080038914457e-05,2
2016-06-26,0,,,,,0.0,0.0,0.0,0.0,0
2016-06-27,1,0.0,1.0,0.0,0.0,1.8966586139868014e-05,1.7447224308853038e-05,1.6891588529688306e-05,1.5217634427244777e-05,0
2016-06-28,1,0.0,0.0,0.0,1.0,0.0002092440845444,1.6738820704631507e-05,0.9995101690292358,1.472175972594414e-05,1
2016-06-29,0,,,,,0.0,0.0,0.0,0.0,0
2016-06-30,2,0.0,1.0,0.0,1.0,0.0057702029589563,8.315022751048673e-05,0.8977237547223921,2.629985556268366e-05,1
2016-07-01,1,0.0,1.0,0.0,0.0,0.9992035031318665,2.733130349952262e-05,2.8465163268265314e-05,1.5967487343004905e-05,1
2016-07-02,3,0.0,2.0,0.0,1.0,0.022760562082112173,5.4232114962360356e-05,0.9099598366683495,3.8611128729826305e-05,2
2016-07-03,0,,,,,0.0,0.0,0.0,0.0,0
2016-07-04,5,2.0,2.0,0.0,1.0,0.0025586126448614997,0.00043288155939072176,0.041212866752175566,6.585327992070233e-05,4
2016-07-05,7,1.0,4.0,1.0,1.0,1.9468913330874786,0.0013642610711030894,0.003887120115905326,0.07372596085315307,7
2016-07-06,2,0.0,2.0,0.0,0.0,1.980818510055542,5.922503987676464e-05,3.133612517558504e-05,3.0422401323448867e-05,2
2016-07-07,14,3.0,6.0,1.0,4.0,1.1119767882209997,2.8246280027906323,2.758057027849645,0.9720060187901254,13
2016-07-08,1,0.0,1.0,0.0,0.0,0.0050547295249998,0.0003610795538406,0.0003587622777558,1.812121990951709e-05,1
2016-07-09,3,0.0,0.0,1.0,2.0,0.008902614201360709,0.007185078024122043,1.7975508961808373,0.026198845996077528,3
2016-07-10,0,,,,,0.0,0.0,0.0,0.0,0
2016-07-11,2,0.0,2.0,0.0,0.0,0.9985041958861985,4.805229036719538e-05,3.5873028537025675e-05,3.1483459679293446e-05,2
2016-07-12,2,0.0,1.0,0.0,1.0,0.9907504292204976,6.927457980054896e-05,1.8131556510925293,0.0008515735880791006,2
2016-07-13,2,0.0,1.0,1.0,0.0,0.0002441536198602829,2.974078324768925e-05,3.112857939413516e-05,0.020672177272899717,2
2016-07-14,2,1.0,0.0,1.0,0.0,0.0035200587008147,0.9446699021900712,5.031778528064024e-05,0.050295791885218905,1
2016-07-15,0,,,,,0.0,0.0,0.0,0.0,0
2016-07-16,9,2.0,6.0,1.0,0.0,1.0008881920603012,0.9406241488341038,0.00026986535885953344,0.9174865670147482,6
2016-07-17,0,,,,,0.0,0.0,0.0,0.0,0
2016-07-18,4,1.0,3.0,0.0,0.0,1.3184503677184691,0.9355121388462067,0.00011566648481675657,6.743354515492683e-05,4
2016-07-19,5,1.0,2.0,0.0,2.0,0.28342128557414953,0.003470086960987724,1.6034524279630205,0.0009465309958613828,5
2016-07-20,2,0.0,1.0,1.0,0.0,0.00046548237878593233,3.177087819494773e-05,3.539425779308658e-05,0.027496168599100198,1
2016-07-21,2,0.0,1.0,0.0,1.0,0.9873191243968904,5.1777769840555266e-05,0.0125667275860904,2.889926327043213e-05,2
2016-07-22,7,2.0,2.0,0.0,3.0,0.21534509827142725,0.022937194638870798,0.9813050547018064,0.0002464559820509347,7
2016-07-23,3,0.0,2.0,0.0,1.0,0.6664551287285576,0.00010296310210833326,0.5913335913846822,4.725613325717859e-05,3
2016-07-24,0,,,,,0.0,0.0,0.0,0.0,0
2016-07-25,2,0.0,2.0,0.0,0.0,1.9902687072753906,3.7929661630187184e-05,4.9752741688280366e-05,3.103705603280105e-05,2
2016-07-26,6,2.0,2.0,1.0,1.0,0.03764780351048073,0.032410668787633684,0.9425521553785075,0.0012462372733352772,6
2016-07-27,11,0.0,6.0,0.0,5.0,1.4331415734086477,0.0013496578785634,4.000972191784058,0.00017888864840642782,10
2016-07-28,4,0.0,2.0,1.0,1.0,0.001237006721566792,6.591609053430147e-05,0.8525227610289221,0.0011915058521480238,3
2016-07-29,1,0.0,1.0,0.0,0.0,5.9005713410442695e-05,1.4494096831185743e-05,1.3532955563277936e-05,1.2382230124785565e-05,1
2016-07-30,7,0.0,5.0,1.0,1.0,0.23071916497065084,0.013081474160571692,0.023245336030413337,0.011266317414083432,7
2016-07-31,0,,,,,0.0,0.0,0.0,0.0,0
2016-08-01,3,0.0,3.0,0.0,0.0,1.9613099671732925,5.345125464373268e-05,0.0040618850462123945,4.5535874050983693e-05,2
2016-08-02,8,0.0,3.0,2.0,3.0,1.99777938164334,0.0008248569947681542,2.0029107982500136,0.1820362260032197,8
2016-08-03,5,2.0,2.0,1.0,0.0,1.0171190621767892,1.8800437534036973,0.0001358940135105513,0.000604043126258988,5
2016-08-04,12,0.0,7.0,0.0,5.0,5.885368750918133,0.024810576646813954,4.0107042963354615,0.002780463693852583,12
2016-08-05,1,0.0,1.0,0.0,0.0,0.9972950220108032,2.081373349938076e-05,2.115780080202967e-05,0.001854577451013,1
2016-08-06,4,0.0,2.0,0.0,2.0,0.0002496978595445398,7.802928394085029e-05,1.9277053893738412,9.083130316867027e-05,4
2016-08-07,0,,,,,0.0,0.0,0.0,0.0,0
2016-08-08,6,0.0,3.0,0.0,3.0,1.0429301913354718,0.0009706201608422472,1.9824660697213405,8.870453257259214e-05,6
2016-08-09,3,0.0,2.0,0.0,1.0,0.020412354637301046,8.538981455785688e-05,0.047352304274681956,5.6104963732650504e-05,3
2016-08-10,1,0.0,1.0,0.0,0.0,0.0003824428131338,1.3730429600400385e-05,1.3350369044928811e-05,1.2716587661998346e-05,1
2016-08-11,0,,,,,0.0,0.0,0.0,0.0,0
2016-08-12,0,,,,,0.0,0.0,0.0,0.0,0
2016-08-13,2,0.0,1.0,0.0,1.0,0.0058750852476804,0.0029219569405540074,0.9906423324100615,4.744898706121603e-05,2
2016-08-14,0,,,,,0.0,0.0,0.0,0.0,0
2016-08-15,0,,,,,0.0,0.0,0.0,0.0,0
2016-08-16,2,0.0,0.0,1.0,1.0,0.010149338748305899,0.00025009724777187714,1.0015047462657092,0.02677651843623603,2
2016-08-17,1,0.0,0.0,1.0,0.0,9.43126215133816e-05,1.5530265955021605e-05,4.158557567279786e-05,0.0003034346736967,1
2016-08-18,0,,,,,0.0,0.0,0.0,0.0,0
2016-08-19,1,0.0,0.0,0.0,1.0,0.0062736053951084,1.976726889552083e-05,0.8643545508384705,1.2808528481400572e-05,1
2016-08-20,1,0.0,0.0,1.0,0.0,0.0001851471752161,1.5246700058924034e-05,1.759561746439431e-05,0.0206597950309515,1
2016-08-21,0,,,,,0.0,0.0,0.0,0.0,0
2016-08-22,1,0.0,1.0,0.0,0.0,0.00262978579849,1.9978466298198327e-05,0.0001888387778308,1.403960141033167e-05,1
2016-08-23,1,0.0,1.0,0.0,0.0,5.351837171474472e-05,1.9923358195228506e-05,2.861760913219769e-05,1.3755265172221698e-05,1
2016-08-24,0,,,,,0.0,0.0,0.0,0.0,0
2016-08-25,0,,,,,0.0,0.0,0.0,0.0,0
2016-08-26,0,,,,,0.0,0.0,0.0,0.0,0
2016-08-27,4,0.0,0.0,0.0,4.0,0.0193315739161333,0.0014536387170664413,2.9312181484419852,6.655683591816342e-05,4
2016-08-28,0,,,,,0.0,0.0,0.0,0.0,0
2016-08-29,0,,,,,0.0,0.0,0.0,0.0,0
2016-08-30,0,,,,,0.0,0.0,0.0,0.0,0
2016-08-31,0,,,,,0.0,0.0,0.0,0.0,0
2016-09-01,0,,,,,0.0,0.0,0.0,0.0,0
2016-09-02,0,,,,,0.0,0.0,0.0,0.0,0
2016-09-03,2,1.0,0.0,0.0,1.0,0.0524786212481557,0.7384696066874312,1.3948971331119537,0.0007299769386008382,2
2016-09-04,0,,,,,0.0,0.0,0.0,0.0,0
2016-09-05,1,0.0,1.0,0.0,0.0,8.607457129983231e-05,1.6225794752244838e-05,1.8474471289664507e-05,1.2679234714596532e-05,1
2016-09-06,2,0.0,0.0,2.0,0.0,0.3090642392635344,2.9261625968501903e-05,0.0187337044626474,1.518906831741333,2
2016-09-07,1,0.0,0.0,1.0,0.0,6.663228123215958e-05,1.6093379599624313e-05,1.729348696244415e-05,0.0391826443374156,1
2016-09-08,3,1.0,2.0,0.0,0.0,0.001889900227979463,0.9451031972639611,6.386031054717023e-05,3.789347465499304e-05,1
2016-09-09,0,,,,,0.0,0.0,0.0,0.0,0
2016-09-10,3,1.0,2.0,0.0,0.0,0.2380231716670094,0.0951607477454671,0.012409082559315643,0.0004453736673894923,3
2016-09-11,0,,,,,0.0,0.0,0.0,0.0,0
2016-09-12,2,0.0,2.0,0.0,0.0,0.9417074006050826,6.512532490887679e-05,0.003811918129940651,2.8427868528524414e-05,2
2016-09-13,4,0.0,1.0,0.0,3.0,1.0503819552250206,8.103352593025193e-05,2.742130504189845,5.958815927442629e-05,4
2016-09-14,1,0.0,0.0,0.0,1.0,4.647269088309258e-05,1.738991340971552e-05,0.0016465854132547,1.2585971489897927e-05,1
2016-09-15,5,0.0,2.0,0.0,3.0,0.9968201580086314,0.0002236165564681869,1.8508037974133913,0.0029568878408098866,5
2016-09-16,1,0.0,0.0,0.0,1.0,0.0014400562504306,5.990600402583368e-05,0.9631295204162598,0.0050646625459194,1
2016-09-17,2,0.0,1.0,0.0,1.0,0.002628668509714689,5.6741502703516744e-05,0.9380004824834031,2.8166122319817077e-05,2
2016-09-18,0,,,,,0.0,0.0,0.0,0.0,0
2016-09-19,3,0.0,2.0,0.0,1.0,1.0152583207091084,6.075323108234443e-05,0.9050451593666368,4.1472670091025066e-05,3
2016-09-20,2,1.0,1.0,0.0,0.0,0.0003837193580693336,0.0041510187411403845,0.00033801655536079263,3.102398295595776e-05,2
2016-09-21,1,0.0,1.0,0.0,0.0,4.549369259621017e-05,1.4564394405169878e-05,1.374043040414108e-05,1.2726995919365436e-05,1
2016-09-22,4,0.0,3.0,0.0,1.0,1.123992586508393,0.0525846793898379,1.0145212250499753,7.045766869850922e-05,4
2016-09-23,3,0.0,2.0,0.0,1.0,2.7605273723602295,0.0001087418550014263,0.924783187727371,4.3022398131142836e-05,3
2016-09-24,2,0.0,1.0,0.0,1.0,0.006160517654279811,3.6290361094870605e-05,0.04597561103582841,2.7348249204806052e-05,2
2016-09-25,0,,,,,0.0,0.0,0.0,0.0,0
2016-09-26,3,0.0,1.0,0.0,2.0,0.8710557320737279,6.720582314301282e-05,1.4590259137166868,0.000726111835319849,3
2016-09-27,4,0.0,2.0,0.0,2.0,1.055735456666298,0.0014044677882338007,1.9901140160673094,6.219303304533241e-05,4
2016-09-28,2,0.0,0.0,1.0,1.0,0.0009296315329265257,3.123855640296824e-05,0.004081744809809534,0.9304491178481838,1
2016-09-29,4,0.0,1.0,2.0,1.0,0.005823335464810932,8.434210576524492e-05,0.9995030487843906,0.031693798040578126,3
2016-09-30,2,0.0,2.0,0.0,0.0,1.980396807193756,4.268723932909779e-05,4.641003215510864e-05,2.970023615489481e-05,2
2016-10-01,2,0.0,0.0,0.0,2.0,8.042488661885727e-05,3.5498351280693896e-05,0.00023556280029872462,2.9179035664128605e-05,2
2016-10-02,0,,,,,0.0,0.0,0.0,0.0,0
2016-10-03,6,0.0,5.0,0.0,1.0,2.71601433343676,0.00036662581987902717,0.30061216345075076,8.530824015906546e-05,4
2016-10-04,4,0.0,2.0,0.0,2.0,0.7285493585368384,0.00010760843360912986,1.7842263119782729,7.992330756678712e-05,3
2016-10-05,7,0.0,7.0,0.0,0.0,1.0811855285828642,0.00012453890394681366,0.00011124484080937691,9.42660408327356e-05,7
2016-10-06,2,0.0,0.0,0.0,2.0,0.0024216181482187,0.00015011078176026528,1.9606733918190005,2.9624251510540492e-05,2
2016-10-07,0,,,,,0.0,0.0,0.0,0.0,0
2016-10-08,8,0.0,5.0,1.0,2.0,1.9697070072070342,0.01868579569963899,1.962973021210928,0.982756109562615,4
2016-10-09,0,,,,,0.0,0.0,0.0,0.0,0
2016-10-10,4,0.0,2.0,0.0,2.0,0.019721868657143152,0.0012015067368338214,1.9945023362852226,7.333614303206559e-05,3
2016-10-11,5,0.0,3.0,0.0,2.0,0.9991643520734214,0.00010287574514222797,0.01248172014493311,7.030186588963261e-05,4
2016-10-12,0,,,,,0.0,0.0,0.0,0.0,0
2016-10-13,4,0.0,4.0,0.0,0.0,0.0007241588973556568,8.973221702035517e-05,8.300105400849134e-05,6.53925490041729e-05,2
2016-10-14,4,2.0,2.0,0.0,0.0,0.9464766631444944,0.9557070254249992,0.0012618081600521208,5.79371053390787e-05,3
2016-10-15,0,,,,,0.0,0.0,0.0,0.0,0
2016-10-16,0,,,,,0.0,0.0,0.0,0.0,0
2016-10-17,3,0.0,2.0,1.0,0.0,1.0005997432381262,5.7838322391035035e-05,0.00010160670717596076,0.00033188464931294045,3
2016-10-18,3,1.0,1.0,1.0,0.0,0.886121387768071,0.9451243339117353,6.874977225379553e-05,0.04529119663675373,3
2016-10-19,4,1.0,2.0,0.0,1.0,1.0035036832123296,0.029662741590072934,0.7022427334486564,5.620647607429419e-05,4
2016-10-20,3,0.0,3.0,0.0,0.0,1.0182187563295884,0.0023513379319409925,0.0024782769432930844,4.317280399845913e-05,3
2016-10-21,0,,,,,0.0,0.0,0.0,0.0,0
2016-10-22,5,1.0,2.0,1.0,1.0,1.9984231850830834,0.9630371012062825,0.9636042420606827,0.0023151171499192977,4
2016-10-23,0,,,,,0.0,0.0,0.0,0.0,0
2016-10-24,2,0.0,0.0,0.0,2.0,7.148150871216785e-05,3.592010943975765e-05,0.00029748652559642464,2.940795002359664e-05,2
2016-10-25,3,0.0,3.0,0.0,0.0,2.172591269016266,9.988583769882098e-05,6.37798057141481e-05,7.866973282943945e-05,3
2016-10-26,2,0.0,1.0,1.0,0.0,0.1107150370371527,2.9965823159727734e-05,4.408344284456689e-05,0.07984060049057,2
2016-10-27,5,0.0,4.0,0.0,1.0,1.8876941198905115,0.005593094962023288,0.9563961276908229,0.0065618196249488,5
2016-10-28,2,0.0,2.0,0.0,0.0,0.895672958344221,0.04662256330448141,4.9005652726918925e-05,3.313378692837432e-05,2
2016-10-29,2,0.0,0.0,0.0,2.0,0.009606144792996912,0.0017407307441316417,1.8201196789741516,2.6442797206982505e-05,2
2016-10-30,0,,,,,0.0,0.0,0.0,0.0,0
2016-10-31,11,0.0,10.0,0.0,1.0,6.281964386897016,0.00037278518175298814,0.999223073657049,0.00019366849210200598,11
2016-11-01,1,0.0,1.0,0.0,0.0,0.998662769794464,2.9377608370850797e-05,1.944332689163275e-05,1.7949501852854155e-05,1
2016-11-02,3,0.0,3.0,0.0,0.0,1.9973364753477656,6.475291229435243e-05,5.5479556976933964e-05,4.646402067010058e-05,3
2016-11-03,6,0.0,5.0,0.0,1.0,1.9985671370923228,9.893658079818124e-05,0.008790411615336738,8.804004573903512e-05,5
2016-11-04,0,,,,,0.0,0.0,0.0,0.0,0
2016-11-05,18,1.0,7.0,4.0,6.0,1.744617948792438,0.001401393948981257,1.9931946254055217,0.035559209028178704,4
2016-11-06,0,,,,,0.0,0.0,0.0,0.0,0
2016-11-07,8,1.0,3.0,2.0,2.0,0.0007460906663254024,0.0017424197785658162,0.9968686948004689,0.12627063174477363,3
2016-11-08,2,0.0,0.0,0.0,2.0,0.2249597273766994,3.4969441912835464e-05,1.8327847123146057,2.511547427275218e-05,2
2016-11-09,2,0.0,1.0,1.0,0.0,0.9642575004763786,5.3563597248285084e-05,0.0025998786622948773,0.00420204312285931,1
2016-11-10,5,3.0,0.0,0.0,2.0,0.04866028385913505,0.03993546753736142,1.7237232629377104,7.260861912072869e-05,4
2016-11-11,15,0.0,13.0,0.0,2.0,12.231109754560748,0.000549143602256571,0.011955628381656327,0.00026437990072736284,15
2016-11-12,6,0.0,3.0,2.0,1.0,1.8139702937332913,0.033928587437912716,0.8679724244157112,0.08871926427673302,6
2016-11-13,0,,,,,0.0,0.0,0.0,0.0,0
2016-11-14,2,1.0,1.0,0.0,0.0,0.7322501979069784,0.9346311559438618,4.3188678318983875e-05,2.9415205972327385e-05,2
2016-11-15,7,1.0,6.0,0.0,0.0,3.857667565043812,0.971473151452301,0.004320493161685585,0.00010879824367293622,6
2016-11-16,5,0.0,1.0,0.0,4.0,0.09165180301897626,9.532969488645904e-05,2.7505211866937316,6.473601297329878e-05,4
2016-11-17,18,0.0,8.0,7.0,3.0,1.7417208412261964,0.1030026081261894,0.9141121988486702,2.959752888275943,13
2016-11-18,7,0.0,7.0,0.0,0.0,6.906169354915619,0.00021149088752281386,0.00018919513240689412,0.00011764145801862469,7
2016-11-19,12,1.0,7.0,1.0,3.0,2.0559527623227036,0.02610797901979795,2.00204557390407,0.002015160220253078,11
2016-11-20,0,,,,,0.0,0.0,0.0,0.0,0
2016-11-21,3,0.0,1.0,0.0,2.0,0.00013459364345180802,5.3532867241301574e-05,0.004353305232143478,4.31933076470159e-05,3
2016-11-22,8,0.0,8.0,0.0,0.0,4.824085382580961,0.00022736899791198084,0.00015075940882525174,0.0001246105439349776,8
2016-11-23,6,0.0,1.0,4.0,1.0,0.0016516140931341259,0.00010662325985322241,0.1343651292827417,0.1380406292228144,5
2016-11-24,3,1.0,0.0,0.0,2.0,0.5918014017333917,0.05439381952055551,0.9988431192050483,4.589301261148648e-05,3
2016-11-25,2,0.0,1.0,0.0,1.0,1.0010764938779175,8.839162001095247e-05,0.25879768971026346,3.0301473088911735e-05,2
2016-11-26,7,0.0,5.0,0.0,2.0,3.0275102176237847,0.0032599283040324603,0.03435189655647247,0.006317520387710795,7
2016-11-27,0,,,,,0.0,0.0,0.0,0.0,0
2016-11-28,5,1.0,3.0,0.0,1.0,3.50525409563852,0.930721282046761,0.16282950043751027,8.033399080886738e-05,5
2016-11-29,6,0.0,4.0,1.0,1.0,1.0001420701883033,0.0006960330993023287,0.002119705357472316,0.9934090917104185,5
2016-11-30,3,0.0,2.0,0.0,1.0,1.0876564164755111,0.0001495486940257086,0.9959562355179514,4.4341300053929444e-05,3
2016-12-01,6,1.0,4.0,0.0,1.0,1.0295509324569136,0.04690257246511459,0.021288595324221914,0.000131081141262257,6
2016-12-02,6,0.0,5.0,0.0,1.0,4.2933536867494695,0.01297895215066079,0.0021835583811480037,0.00010434852447360754,6
2016-12-03,6,0.0,4.0,2.0,0.0,0.9994758492121035,0.006821724891778982,0.0001942481230798876,0.9624090971938131,5
2016-12-04,0,,,,,0.0,0.0,0.0,0.0,0
2016-12-05,4,1.0,2.0,0.0,1.0,1.0460311124661528,0.09714362685735974,0.05056583667646905,5.378204878070392e-05,2
2016-12-06,7,1.0,2.0,0.0,4.0,0.08300127919665096,0.02435801397859887,0.0040794546403047855,8.948108006734401e-05,0
2016-12-07,0,,,,,0.0,0.0,0.0,0.0,0
2016-12-08,1,0.0,1.0,0.0,0.0,0.92462420463562,1.7071883121388964e-05,0.0049452129751443,1.478917693020776e-05,1
2016-12-09,3,0.0,2.0,1.0,0.0,1.982608599413652,0.002409863278444293,0.00011551716488611419,0.045286518838111044,3
2016-12-10,6,0.0,4.0,1.0,1.0,2.9373761580209248,0.007326771028601528,0.9557448238974756,0.1328050927095318,6
2016-12-11,0,,,,,0.0,0.0,0.0,0.0,0
2016-12-12,5,1.0,4.0,0.0,0.0,1.2941132502255641,0.0017523724291095089,0.0018762980380414753,0.00011639911645033862,5
2016-12-13,1,0.0,1.0,0.0,0.0,2.200885137426667e-05,1.855899608926848e-05,1.77355559571879e-05,1.4242782526707742e-05,1
2016-12-14,7,0.0,5.0,1.0,1.0,0.0010809326286106288,0.0001249400875167339,0.0002048638443739037,0.0012594606932907122,6
2016-12-15,7,1.0,2.0,1.0,3.0,1.6904772769976262,0.4134767568903043,1.9762461932295994,0.009042456880706536,7
2016-12-16,4,0.0,2.0,0.0,2.0,1.889991017524153,0.0005577166957663649,1.9445234147224257,6.837499677203596e-05,4
2016-12-17,2,0.0,2.0,0.0,0.0,0.9931363221257926,7.23241228115512e-05,0.0008758799049246298,3.0015270567673724e-05,2
2016-12-18,0,,,,,0.0,0.0,0.0,0.0,0
2016-12-19,4,2.0,2.0,0.0,0.0,0.11897585188671646,0.004087772182174364,0.006524014414026072,6.595886497962056e-05,4
2016-12-20,0,,,,,0.0,0.0,0.0,0.0,0
2016-12-21,3,0.0,0.0,2.0,1.0,0.9626769602182318,0.0006780964959033559,1.0000252679019468,0.9966907935358903,3
2016-12-22,3,0.0,2.0,0.0,1.0,1.0139907541488353,0.021714428559789622,0.0050844816141761,0.9278763853171768,3
2016-12-23,0,,,,,0.0,0.0,0.0,0.0,0
2016-12-24,0,,,,,0.0,0.0,0.0,0.0,0
2016-12-25,0,,,,,0.0,0.0,0.0,0.0,0
2016-12-26,0,,,,,0.0,0.0,0.0,0.0,0
2016-12-27,5,0.0,3.0,0.0,2.0,0.21142043266445382,0.0037494592197615533,1.0369549285642277,8.094834902294679e-05,5
2016-12-28,10,2.0,4.0,0.0,4.0,0.0614583722708626,0.008162165199791814,2.8600460039024256,0.0001517744422017131,10
2016-12-29,4,0.0,3.0,1.0,0.0,0.2686730097066174,0.005291464003676061,0.00020850881992366931,0.0018219557850897568,3
2016-12-30,3,0.0,3.0,0.0,0.0,0.009509368323051517,5.527352186618373e-05,4.9041655074688606e-05,4.0253491533803754e-05,3
2016-12-31,3,0.0,3.0,0.0,0.0,1.000317817008181,5.3394170208775904e-05,5.776050056738313e-05,4.5466204937838484e-05,3
2017-01-01,0,,,,,0.0,0.0,0.0,0.0,0
2017-01-02,0,,,,,0.0,0.0,0.0,0.0,0
2017-01-03,4,1.0,2.0,0.0,1.0,1.9894400507419048,7.480675958504435e-05,0.8708163885239628,5.606295144389151e-05,4
2017-01-04,3,1.0,1.0,0.0,1.0,1.0079175275750458,0.9346518326765363,0.8817634272436408,4.344632452557562e-05,3
2017-01-05,4,0.0,2.0,2.0,0.0,1.0061682758605455,7.119715337466914e-05,8.828660793369636e-05,0.023895413912214208,3
2017-01-06,0,,,,,0.0,0.0,0.0,0.0,0
2017-01-07,1,0.0,1.0,0.0,0.0,0.0017670559464022,1.9113536836812276e-05,2.104968734784052e-05,1.793238152458798e-05,1
2017-01-08,0,,,,,0.0,0.0,0.0,0.0,0
2017-01-09,2,0.0,2.0,0.0,0.0,1.95366632938385,8.016738502192311e-05,5.857052019564435e-05,3.701272544276435e-05,2
2017-01-10,3,0.0,3.0,0.0,0.0,2.983796358108521,6.134219984232914e-05,9.559392128721811e-05,4.7951017222658265e-05,3
2017-01-11,0,,,,,0.0,0.0,0.0,0.0,0
2017-01-12,2,0.0,2.0,0.0,0.0,0.0188250164501368,3.433647725614719e-05,3.990784716734197e-05,0.010631010260112777,2
2017-01-13,0,,,,,0.0,0.0,0.0,0.0,0
2017-01-14,3,0.0,1.0,1.0,1.0,0.06720462889643376,0.004565171828289746,0.12297410280734758,0.00047086878294065875,3
2017-01-15,0,,,,,0.0,0.0,0.0,0.0,0
2017-01-16,5,1.0,1.0,0.0,3.0,2.7836870081955567,0.07393251494067944,2.9430787412384234,7.496154012187617e-05,5
2017-01-17,1,0.0,1.0,0.0,0.0,0.001767071778886,1.9113555026706308e-05,2.104965824401006e-05,1.7932450646185316e-05,1
2017-01-18,0,,,,,0.0,0.0,0.0,0.0,0
2017-01-19,6,1.0,4.0,1.0,0.0,1.9947622709914863,0.01787865824735487,0.0017534444814372428,0.00022761432865078734,6
2017-01-20,0,,,,,0.0,0.0,0.0,0.0,0
2017-01-21,1,0.0,0.0,0.0,1.0,0.0057144588790833,2.582302658993285e-05,0.0140396598726511,1.57225840666797e-05,1
2017-01-22,0,,,,,0.0,0.0,0.0,0.0,0
2017-01-23,3,1.0,2.0,0.0,0.0,0.969594855348987,0.004387549244711277,0.007208629871456558,7.318792086152826e-05,2
2017-01-24,0,,,,,0.0,0.0,0.0,0.0,0
2017-01-25,1,0.0,0.0,0.0,1.0,7.18086157576181e-05,1.6373098333133385e-05,0.2445459216833114,1.2974471246707251e-05,1
2017-01-26,2,1.0,0.0,1.0,0.0,0.0006492659686045176,3.637856752902735e-05,3.507324436213821e-05,0.01986525078609695,2
2017-01-27,0,,,,,0.0,0.0,0.0,0.0,0
2017-01-28,0,,,,,0.0,0.0,0.0,0.0,0
2017-01-29,0,,,,,0.0,0.0,0.0,0.0,0
2017-01-30,3,0.0,1.0,1.0,1.0,0.08360859664753656,5.3521668633038644e-05,0.0122795721399597,0.06910483959381954,3
2017-01-31,3,1.0,2.0,0.0,0.0,0.0024118442379402194,0.9508309283401104,4.930271916236961e-05,3.739654675882775e-05,2
2017-02-01,5,0.0,2.0,0.0,3.0,0.6872549586696547,0.00048800982767707414,2.994386719292379,0.6532130813757249,5
2017-02-02,2,1.0,1.0,0.0,0.0,6.259279143705498e-05,3.4798703381966334e-05,5.4393916798289865e-05,2.6928957595373504e-05,2
2017-02-03,0,,,,,0.0,0.0,0.0,0.0,0
2017-02-04,3,1.0,2.0,0.0,0.0,0.04260920148590217,0.9347595721228572,0.00032823791116236663,3.968320834246697e-05,3
2017-02-05,0,,,,,0.0,0.0,0.0,0.0,0
2017-02-06,1,0.0,1.0,0.0,0.0,8.960993000073358e-05,1.5217284271784592e-05,1.4487229236692656e-05,1.249360320798587e-05,1
2017-02-07,5,0.0,4.0,0.0,1.0,2.7851244062185287,0.004808012043213194,0.974504014950071,0.03743121468687588,5
2017-02-08,3,0.0,1.0,0.0,2.0,0.041470971580565674,5.0375911087030545e-05,0.9461225679351629,3.800002286880044e-05,3
2017-02-09,5,1.0,3.0,0.0,1.0,2.0080530150698905,0.972986101922288,0.999892016643571,0.9589517314116165,5
2017-02-10,4,0.0,3.0,0.0,1.0,1.869234790763585,0.00010981421655742452,0.009227996228219041,6.161451710795518e-05,4
2017-02-11,4,0.0,2.0,1.0,1.0,0.03365696133550948,0.00014862419811824282,0.9949646968707384,0.011196223904335029,4
2017-02-12,0,,,,,0.0,0.0,0.0,0.0,0
2017-02-13,6,0.0,3.0,3.0,0.0,2.9170220236555906,0.002274807147841779,0.0034967172468895863,0.9998069018620299,5
2017-02-14,5,0.0,4.0,0.0,1.0,2.013129957653291,9.681372830527835e-05,0.914495121753134,6.691587714158231e-05,5
2017-02-15,6,1.0,3.0,1.0,1.0,1.9300551562373582,0.9458234458288644,0.0002562222261985809,0.045320340249418216,3
2017-02-16,7,0.0,4.0,0.0,3.0,2.9274217187303293,0.000998956615148863,1.0450324838930098,0.12382591133882652,7
2017-02-17,11,2.0,3.0,3.0,3.0,1.0320967386724078,0.9835995933408409,1.7321130507389169,1.8978006984079911,1
2017-02-18,5,1.0,3.0,1.0,0.0,1.0041259090430685,0.0007425371986754234,0.005815273312691638,0.012445600554201474,5
2017-02-19,0,,,,,0.0,0.0,0.0,0.0,0
2017-02-20,2,1.0,1.0,0.0,0.0,0.0014319588080979,0.004518119847489194,0.00010030461999122053,4.0645416447659954e-05,2
2017-02-21,6,2.0,3.0,0.0,1.0,0.25043264924534,0.02218555319086587,0.979915619647727,8.509640611009672e-05,4
2017-02-22,7,0.0,6.0,0.0,1.0,5.3843380296602845,0.00033083987545971035,1.002705529144805,0.00011512479704833822,7
2017-02-23,0,,,,,0.0,0.0,0.0,0.0,0
2017-02-24,2,0.0,0.0,0.0,2.0,0.0010188737724091995,4.655660450225696e-05,0.17590044531971208,3.275004110037116e-05,2
2017-02-25,3,0.0,1.0,0.0,2.0,0.005003398764529171,0.0001655275691518432,1.5387979410261323,0.5430346097246002,3
2017-02-26,0,,,,,0.0,0.0,0.0,0.0,0
2017-02-27,8,0.0,4.0,3.0,1.0,2.987651810424722,0.00015074371731316205,0.007419733133246957,0.04269018787545044,8
2017-02-28,5,0.0,2.0,1.0,2.0,0.9922654640395192,0.0002152487068087794,2.366619789689139,0.022634400716924533,5
2017-03-01,4,1.0,3.0,0.0,0.0,0.00035829078478852197,6.559392113558715e-05,7.31543441361282e-05,5.168207371752942e-05,3
2017-03-02,5,0.0,2.0,1.0,2.0,0.9964514885832613,0.00010488510815775953,0.009451199632167005,0.0453042914077741,5
2017-03-03,16,0.0,14.0,0.0,2.0,12.793444873997942,0.00042751970067911316,0.02150764660655091,0.0002500806012903922,16
2017-03-04,13,1.0,6.0,2.0,4.0,0.1760542826332308,0.9352530402120464,2.4741592880582175,0.9163706211675161,9
2017-03-05,0,,,,,0.0,0.0,0.0,0.0,0
2017-03-06,13,0.0,8.0,3.0,2.0,4.919348639177769,0.0009063422867256164,0.029517285627661722,0.05691338640190209,12
2017-03-07,9,1.0,5.0,0.0,3.0,2.9379276287909306,0.956636086076287,0.016516340681846278,0.0014567623775291537,9
2017-03-08,3,0.0,0.0,0.0,3.0,0.6127039994171355,0.0009671419265941244,0.9969267938286066,0.0010688381698854105,3
2017-03-09,2,0.0,0.0,0.0,2.0,0.48291980731301,0.6513900281333918,0.7578308307565749,2.6742533918877598e-05,2
2017-03-10,1,0.0,1.0,0.0,0.0,0.0585598461329937,0.0001915583270601,0.0019676182419061,8.230173989431933e-05,1
2017-03-11,2,0.0,1.0,0.0,1.0,0.9284260674321557,0.0006994961113377341,0.9995697019621729,9.633314675738802e-05,2
2017-03-12,0,,,,,0.0,0.0,0.0,0.0,0
2017-03-13,9,0.0,6.0,1.0,2.0,3.9802543101759507,0.000262927295807458,0.01605876234771108,0.043327418604348994,9
2017-03-14,3,0.0,2.0,1.0,0.0,1.9698743358021602,7.903199366410263e-05,0.00013130306615494192,0.9299480039862829,2
2017-03-15,10,1.0,2.0,2.0,5.0,0.007688595957915667,0.0001843270074459724,1.8134014657025543,0.9183816749891774,9
2017-03-16,6,0.0,1.0,1.0,4.0,0.09551032724630179,0.035265202346636215,1.0470723633170564,0.011210709681108643,6
2017-03-17,2,0.0,0.0,0.0,2.0,0.011299747508019101,0.000776652508648,1.9820326566696167,2.8959327210031915e-05,2
2017-03-18,4,0.0,2.0,1.0,1.0,0.8943609728303271,0.005142848387549722,0.9555566851940968,0.7556258181684825,4
2017-03-19,0,,,,,0.0,0.0,0.0,0.0,0
2017-03-20,0,,,,,0.0,0.0,0.0,0.0,0
2017-03-21,4,0.0,4.0,0.0,0.0,1.0907012929092161,0.00012261493975529447,0.00011304590589134023,0.039974768939828154,4
2017-03-22,9,2.0,4.0,1.0,2.0,0.0246083780330079,0.9485830497505956,1.0244889118948777,0.011290563353213628,9
2017-03-23,10,0.0,6.0,1.0,3.0,0.03489128906767248,0.00020923132524330867,0.01658788337863353,0.0014281211397246352,10
2017-03-24,4,0.0,2.0,0.0,2.0,0.04521222124094474,0.00030391165819307385,0.08502845081966365,5.2970281103625894e-05,4
2017-03-25,3,0.0,1.0,1.0,1.0,0.9909636778829735,0.028956372992979575,0.9999281494310708,0.9547037114743943,3
2017-03-26,0,,,,,0.0,0.0,0.0,0.0,0
2017-03-27,11,0.0,8.0,1.0,2.0,3.6218532675793536,0.002546163565057117,0.010312138845620022,0.0013311167758729375,10
2017-03-28,1,0.0,1.0,0.0,0.0,0.98895001411438,0.0051608351059257,0.861822247505188,0.0165026523172855,1
2017-03-29,2,0.0,0.0,1.0,1.0,9.367386155645363e-05,3.075248787354212e-05,0.004046345417009338,0.0008266049262601,2
2017-03-30,3,1.0,2.0,0.0,0.0,0.018036340488833874,6.148383909021504e-05,5.048177263233811e-05,4.121461097383872e-05,3
2017-03-31,10,2.0,3.0,0.0,5.0,1.3195135498262967,0.00393326860830707,1.9745268097867665,0.0020833257640333414,10
2017-04-01,10,2.0,4.0,0.0,4.0,0.12138666059036013,0.07419902024503222,3.163870081609275,0.0002838592254192516,10
2017-04-02,0,,,,,0.0,0.0,0.0,0.0,0
2017-04-03,9,1.0,5.0,0.0,3.0,1.0053196979515628,0.0002646272223500323,1.869922419708018,0.0006389784957718448,9
2017-04-04,7,3.0,1.0,2.0,1.0,0.9314396968438813,0.001197052160932726,0.004691176025516975,0.09567954903104689,7
2017-04-05,3,1.0,1.0,1.0,0.0,0.030087845632806202,0.9634605985593226,6.176399074320216e-05,0.0452809630342017,2
2017-04-06,4,0.0,2.0,0.0,2.0,0.16911340792285023,0.6221005697461804,1.8719182309141615,0.00932793658193984,4
2017-04-07,0,,,,,0.0,0.0,0.0,0.0,0
2017-04-08,4,1.0,2.0,0.0,1.0,0.006828958386904477,0.9451103465307823,0.008810730207187527,5.2807695283263456e-05,3
2017-04-09,0,,,,,0.0,0.0,0.0,0.0,0
2017-04-10,4,0.0,2.0,0.0,2.0,0.02438210408945448,0.0008146061736623898,0.006363396671076637,6.44900965198758e-05,4
2017-04-11,10,1.0,4.0,1.0,4.0,2.0050107739625673,0.032442905481729824,2.9928276349055523,0.36367080425952736,8
2017-04-12,5,0.0,4.0,0.0,1.0,3.9629846887073654,0.0001440536361769773,0.0008800898904155087,7.736490169918397e-05,5
2017-04-13,2,0.0,2.0,0.0,0.0,1.9691110253334045,4.872599492955487e-05,3.749294592125807e-05,3.4198377761640586e-05,2
2017-04-14,0,,,,,0.0,0.0,0.0,0.0,0
2017-04-15,0,,,,,0.0,0.0,0.0,0.0,0
2017-04-16,0,,,,,0.0,0.0,0.0,0.0,0
2017-04-17,6,0.0,6.0,0.0,0.0,4.369846552610397,0.0001587458791618701,0.004799472790182328,0.00010567252775217639,6
2017-04-18,2,1.0,0.0,1.0,0.0,0.0001867846804088777,3.723950248968322e-05,0.00011283406820439268,0.001191134166219759,2
2017-04-19,3,0.0,3.0,0.0,0.0,1.0271947876144623,6.104539806983666e-05,6.741776178387227e-05,4.413131500768941e-05,3
2017-04-20,10,2.0,3.0,2.0,3.0,1.8476636526929724,0.0028579257050295433,1.0458378585117314,0.0012837394051529337,10
2017-04-21,2,0.0,2.0,0.0,0.0,1.9876840114593506,3.4007498470600694e-05,0.0102251307107507,2.7334255719324574e-05,2
2017-04-22,3,0.0,1.0,0.0,2.0,0.0006487873943114143,0.07703926881549701,0.9720349324870768,4.0599725252832286e-05,3
2017-04-23,0,,,,,0.0,0.0,0.0,0.0,0
2017-04-24,3,2.0,1.0,0.0,0.0,0.027564613021240615,0.004372802262878308,0.0004968338471370365,0.003769876911974266,3
2017-04-25,10,1.0,7.0,0.0,2.0,4.849204038544485,0.003772039883187795,0.4901485322934602,0.00013709069753531367,9
2017-04-26,3,1.0,1.0,1.0,0.0,0.0018697089108172002,0.9450969150584568,5.9922047512372956e-05,0.008319022054820359,2
2017-04-27,8,4.0,2.0,1.0,1.0,1.0033883613723444,0.007023466808277515,0.3973859605266625,0.020768221183970956,8
2017-04-28,6,0.0,5.0,0.0,1.0,3.726837098431133,0.00014943130099709379,0.9558589988237144,0.00011722024282789789,6
2017-04-29,6,0.0,2.0,0.0,4.0,0.9972494693829502,0.0001852146806413657,1.9762017295488477,0.003127566620605606,6
2017-04-30,0,,,,,0.0,0.0,0.0,0.0,0
2017-05-01,0,,,,,0.0,0.0,0.0,0.0,0
2017-05-02,2,0.0,2.0,0.0,0.0,1.9577264189720154,4.43241442553699e-05,8.40629727463238e-05,3.330554136482533e-05,2
2017-05-03,3,2.0,1.0,0.0,0.0,0.00011595432079047896,5.967109609628096e-05,0.00010874413419514894,4.358977093943395e-05,3
2017-05-04,6,1.0,3.0,0.0,2.0,0.989855381725647,0.004609425164744587,0.9995907237916981,9.089743252843618e-05,5
2017-05-05,2,0.0,1.0,0.0,1.0,0.9992781833279877,4.668135807150975e-05,0.006679742062260546,3.0361769859155174e-05,2
2017-05-06,2,1.0,1.0,0.0,0.0,0.955947052432748,0.08174083373160093,6.321204818959814e-05,0.008545315076844359,2
2017-05-07,0,,,,,0.0,0.0,0.0,0.0,0
2017-05-08,2,0.0,2.0,0.0,0.0,1.979363799095154,6.936291174497455e-05,6.633552038692869e-05,3.1757745091454126e-05,2
2017-05-09,4,0.0,2.0,1.0,1.0,1.9315596014494074,0.027923244111661853,0.8152339534881321,0.04529204225673308,4
2017-05-10,1,0.0,1.0,0.0,0.0,5.9005713410442695e-05,1.4494096831185743e-05,1.3532955563277936e-05,1.2382230124785565e-05,1
2017-05-11,7,0.0,6.0,0.0,1.0,3.3046582558490627,0.00305336996643732,0.05457606073650817,0.00013154984935681568,7
2017-05-12,6,0.0,5.0,0.0,1.0,3.1872609155252576,0.009498634293777244,0.8645294850857681,0.00010356552138546249,6
2017-05-13,5,3.0,1.0,0.0,1.0,0.887530248663097,1.905025962532818,0.9946343201827401,8.607000290794531e-05,5
2017-05-14,0,,,,,0.0,0.0,0.0,0.0,0
2017-05-15,0,,,,,0.0,0.0,0.0,0.0,0
2017-05-16,2,2.0,0.0,0.0,0.0,0.0059484946541488,1.9171098470687864,4.416718729771674e-05,2.3892798708402552e-05,2
2017-05-17,3,0.0,2.0,0.0,1.0,0.0587675174028844,0.001332132327661343,0.0109141753346192,0.0092097660399304,3
2017-05-18,0,,,,,0.0,0.0,0.0,0.0,0
2017-05-19,7,2.0,2.0,0.0,3.0,0.013782090565655087,0.9609354048970997,2.9883360020976397,0.00011947852271987358,7
2017-05-20,5,1.0,2.0,1.0,1.0,0.0004012018744105499,0.00015424875709868502,0.9601374209196365,0.02071832776346126,5
2017-05-21,0,,,,,0.0,0.0,0.0,0.0,0
2017-05-22,6,5.0,0.0,0.0,1.0,0.010025880003013224,0.00012326315663813148,0.9358583324647042,8.827928832033649e-05,6
2017-05-23,4,0.0,3.0,0.0,1.0,0.5127255172264995,0.017547342165926228,0.9931933772913909,5.454409711092012e-05,4
2017-05-24,9,0.0,2.0,4.0,3.0,0.7591661471305997,0.0009190959826809082,0.004364679423815552,0.3279865552312911,1
2017-05-25,8,2.0,6.0,0.0,0.0,5.367388069218578,0.9232501737460551,0.0005210692725085076,0.9573327583457285,8
2017-05-26,2,0.0,0.0,0.0,2.0,0.012146069027949,0.0006891937118779687,0.9646962091210298,3.133782229269855e-05,2
2017-05-27,8,1.0,3.0,1.0,3.0,2.941856996554634,0.00019093950322712772,0.9501798021938158,0.02076772972213803,8
2017-05-28,0,,,,,0.0,0.0,0.0,0.0,0
2017-05-29,1,1.0,0.0,0.0,0.0,0.0029742473270744,0.9585549235343932,2.208359364885837e-05,1.1946399354201276e-05,1
2017-05-30,4,0.0,2.0,0.0,2.0,0.0012756100441036024,0.00037545690793191203,0.9808244696332622,0.0005754024268753609,4
2017-05-31,3,0.0,3.0,0.0,0.0,2.9005061388015747,7.463326073775534e-05,9.058238356374204e-05,0.003954350057938333,3
2017-06-01,7,0.0,6.0,1.0,0.0,1.261164072951942,0.011449186242316355,0.11950312833505448,0.001247053190127132,7
2017-06-02,3,1.0,1.0,1.0,0.0,0.021920769824646198,0.008952912816312001,0.0037230826619633712,0.015303384301660087,3
2017-06-03,4,1.0,2.0,0.0,1.0,1.0024185973452402,0.006731892297466327,0.9863646188696291,5.9868257267226e-05,4
2017-06-04,0,,,,,0.0,0.0,0.0,0.0,0
2017-06-05,2,0.0,2.0,0.0,0.0,1.9589669704437256,4.6505687350872904e-05,5.817619421577547e-05,3.444490175752435e-05,2
2017-06-06,8,2.0,6.0,0.0,0.0,1.1031707224665295,0.03649615658196109,0.0015231580055114508,0.00012997808971704217,7
2017-06-07,3,0.0,1.0,1.0,1.0,0.0072323131707889565,5.180611879040953e-05,0.960341598083687,0.005027809646890056,2
2017-06-08,0,,,,,0.0,0.0,0.0,0.0,0
2017-06-09,4,1.0,2.0,1.0,0.0,0.9753604179422833,0.005151174244019755,0.00033870345214375493,0.007496363747122779,4
2017-06-10,10,3.0,3.0,1.0,3.0,0.8353392364206227,1.8921962236745455,3.7772208306996613,0.9175316924256548,7
2017-06-11,0,,,,,0.0,0.0,0.0,0.0,0
2017-06-12,7,1.0,4.0,1.0,1.0,3.269019082174054,0.003962136945119616,0.8977930486380501,0.9967103249382491,7
2017-06-13,7,0.0,4.0,1.0,2.0,0.001776588660504498,0.00019993871319453737,0.9878082254408582,0.04533334074312733,7
2017-06-14,1,1.0,0.0,0.0,0.0,0.0001561302051413,0.0011466976720839,0.0001302517775911,1.77066249307245e-05,1
2017-06-15,5,2.0,0.0,0.0,3.0,0.21565896602260162,1.9530596381100622,2.2236771872176178,7.109780744940508e-05,5
2017-06-16,4,0.0,2.0,0.0,2.0,2.089683054247871,0.0015744406427983717,1.9735060710518155,6.875148665130837e-05,4
2017-06-17,9,0.0,2.0,2.0,5.0,0.9724243521741297,0.005680910064256622,2.9834475217267027,0.02243178322169096,9
2017-06-18,0,,,,,0.0,0.0,0.0,0.0,0
2017-06-19,1,0.0,0.0,0.0,1.0,0.0024641507770866,2.295592821610626e-05,0.9431015849113464,1.3041694728599396e-05,1
2017-06-20,3,0.0,2.0,0.0,1.0,0.22604083782061932,0.011915732782654074,0.9439029757340904,0.0030976374810051544,3
2017-06-21,5,0.0,0.0,3.0,2.0,0.004778651038577528,8.175862058124039e-05,0.003555243700247896,1.8850470522711475,3
2017-06-22,3,0.0,2.0,1.0,0.0,1.8651139220455661,6.98775675118668e-05,7.468952389899641e-05,0.011195327691893815,3
2017-06-23,1,1.0,0.0,0.0,0.0,6.316482904367149e-05,0.0020354194566607,4.056319448864088e-05,1.6485169908264652e-05,1
2017-06-24,1,0.0,0.0,0.0,1.0,7.18089213478379e-05,1.6373114704038016e-05,0.2445448189973831,1.2974477613170166e-05,1
2017-06-25,0,,,,,0.0,0.0,0.0,0.0,0
2017-06-26,8,2.0,1.0,0.0,5.0,0.010346599850890712,0.029372596503890118,2.90399971021543,0.0001325794737567776,8
2017-06-27,1,0.0,1.0,0.0,0.0,4.1734776459634304e-05,1.696129038464278e-05,1.8269700376549736e-05,1.3378087714954743e-05,1
2017-06-28,2,0.0,2.0,0.0,0.0,1.0036110505461693,0.0006685676289634088,0.00020561503697529707,0.0022266189153014263,2
2017-06-29,8,3.0,1.0,0.0,4.0,0.09805870360469264,0.03579130999241895,1.4932182301999999,0.0006319267840808506,8
2017-06-30,2,0.0,2.0,0.0,0.0,0.884818757418543,6.65076822770061e-05,6.66732230456546e-05,4.4897289626533166e-05,2
2017-07-01,2,0.0,1.0,0.0,1.0,0.9872943315131123,0.0001876932437880694,0.9970837714827212,4.890860145678744e-05,2
2017-07-02,0,,,,,0.0,0.0,0.0,0.0,0
2017-07-03,1,0.0,1.0,0.0,0.0,0.9435588717460632,1.7089694665628485e-05,2.168398532376159e-05,1.290575983148301e-05,1
2017-07-04,4,0.0,2.0,0.0,2.0,0.0035415736201684354,0.0013247750011941173,0.24807262589456505,6.1349726820481e-05,4
2017-07-05,2,0.0,2.0,0.0,0.0,0.9979544611414894,6.6193886596011e-05,6.445102371799294e-05,0.006354408928018528,2
2017-07-06,8,0.0,5.0,0.0,3.0,4.912493130075745,0.14405727518715133,1.8653483599173342,0.00013219631364336237,8
2017-07-07,4,0.0,3.0,1.0,0.0,0.9750988514169876,0.00010749203102022875,0.17795660117917575,0.02070519107383005,4
2017-07-08,8,0.0,3.0,2.0,3.0,0.9373735133776789,0.0007421582376990926,0.018635169992194098,0.044173324014991404,8
2017-07-09,0,,,,,0.0,0.0,0.0,0.0,0
2017-07-10,2,0.0,1.0,1.0,0.0,0.7325558843149338,4.436729977896903e-05,6.524838499899488e-05,0.0003208267371518555,2
2017-07-11,7,0.0,5.0,2.0,0.0,0.739868152690178,0.002180868987124991,0.00038012189907021105,0.04782324752159167,7
2017-07-12,2,0.0,0.0,0.0,2.0,0.0014947734307496998,5.944175245531369e-05,0.1167069203220307,2.9234086468932215e-05,2
2017-07-13,7,0.0,5.0,2.0,0.0,1.9937884587343433,0.00016445947494503343,0.0006130468582340703,0.9880049931634857,6
2017-07-14,3,1.0,2.0,0.0,0.0,0.9868030823563457,0.9586037115095677,0.00011449971498223023,4.314835950935958e-05,3
2017-07-15,6,1.0,4.0,1.0,0.0,1.001609314876987,0.983207202350968,0.0008624344500276247,0.0012526696245913267,5
2017-07-16,0,,,,,0.0,0.0,0.0,0.0,0
2017-07-17,3,2.0,1.0,0.0,0.0,0.008486860853736256,6.112792834755965e-05,5.67291681363713e-05,4.35661477240501e-05,3
2017-07-18,3,1.0,1.0,0.0,1.0,5.9066405810881406e-05,5.1203455768700223e-05,0.012261575118827731,4.0577153413323686e-05,2
2017-07-19,0,,,,,0.0,0.0,0.0,0.0,0
2017-07-20,2,0.0,0.0,0.0,2.0,0.007276346157595954,3.60454587280401e-05,1.0017809569835663,2.6784427973325364e-05,2
2017-07-21,2,0.0,2.0,0.0,0.0,0.7375446218065917,4.475145942706149e-05,4.019630068796687e-05,3.019229643541621e-05,2
2017-07-22,6,0.0,4.0,0.0,2.0,1.8201766328638769,0.8855110722915923,1.9839650674366562,9.58266582529177e-05,6
2017-07-23,0,,,,,0.0,0.0,0.0,0.0,0
2017-07-24,10,5.0,5.0,0.0,0.0,2.9346696465509012,2.03044454758492,0.005912036182053184,0.9378720857484951,7
2017-07-25,4,1.0,2.0,0.0,1.0,0.9292946173118253,9.686590419732966e-05,9.892620437312871e-05,6.438370564865181e-05,4
2017-07-26,4,2.0,2.0,0.0,0.0,0.054943366874795084,0.002799195484840225,0.008332768164109427,6.741422839695588e-05,4
2017-07-27,18,5.0,4.0,2.0,7.0,0.9048260313838904,1.8571499703539298,3.903381632873788,0.008152052857440036,9
2017-07-28,5,1.0,3.0,1.0,0.0,1.9735141736746298,0.07568909882502328,0.022462234170234217,0.9534248673289767,5
2017-07-29,5,0.0,3.0,1.0,1.0,0.08242569741923929,0.005018901330913571,0.9973018144719389,0.020715080954687423,5
2017-07-30,0,,,,,0.0,0.0,0.0,0.0,0
2017-07-31,6,1.0,4.0,0.0,1.0,2.269083376595517,0.022682612423522944,0.9585745606727869,0.021991426759086448,6
2017-08-01,6,0.0,5.0,0.0,1.0,3.3590530585497618,0.008766856144575083,1.0033316591507173,0.0001082500511984108,6
2017-08-02,4,0.0,1.0,0.0,3.0,0.04200058030983192,0.0003450123040236613,2.981539864278602,6.365249373629922e-05,4
2017-08-03,11,2.0,2.0,3.0,4.0,0.005429535000075605,0.00022233807067095768,1.007223318089018,0.8166661804889371,11
2017-08-04,7,1.0,3.0,1.0,2.0,1.9537330930943426,0.0018905988517871225,1.0027635914066193,0.023309896290811524,7
2017-08-05,4,0.0,3.0,0.0,1.0,0.9566788887314034,0.001981496676307819,0.003011137247085449,5.356571728043491e-05,4
2017-08-06,0,,,,,0.0,0.0,0.0,0.0,0
2017-08-07,3,1.0,1.0,1.0,0.0,0.001159466617536942,0.0005179491663511545,0.0004032621282021413,0.04022073820033255,3
2017-08-08,4,1.0,1.0,0.0,2.0,0.9391906184318939,0.000241360539803187,1.9964218652457928,6.982577360759024e-05,4
2017-08-09,0,,,,,0.0,0.0,0.0,0.0,0
2017-08-10,2,1.0,1.0,0.0,0.0,0.008947797242399226,3.692801692523062e-05,2.8731868042086717e-05,2.7105143090011552e-05,1
2017-08-11,1,0.0,1.0,0.0,0.0,3.968189412262291e-05,1.6469273759867065e-05,2.0610663341358304e-05,1.317800797551172e-05,1
2017-08-12,1,0.0,0.0,0.0,1.0,0.0003782217681873,3.171890784869902e-05,0.9946445226669312,1.504591909906594e-05,1
2017-08-13,0,,,,,0.0,0.0,0.0,0.0,0
2017-08-14,1,0.0,0.0,0.0,1.0,0.0162232462316751,6.304357521003112e-05,0.952247440814972,0.9485734701156616,1
2017-08-15,0,,,,,0.0,0.0,0.0,0.0,0
2017-08-16,2,0.0,1.0,0.0,1.0,0.9928348300127253,3.318016570119653e-05,0.04112771157815582,2.579830925242277e-05,2
2017-08-17,1,0.0,0.0,0.0,1.0,1.5643563529010862e-05,1.7727254089550115e-05,0.0001039903290802,1.3359901458898094e-05,1
2017-08-18,1,0.0,1.0,0.0,0.0,3.814229785348289e-05,1.5314855772885494e-05,1.3760514775640331e-05,1.3104387107887304e-05,1
2017-08-19,0,,,,,0.0,0.0,0.0,0.0,0
2017-08-20,0,,,,,0.0,0.0,0.0,0.0,0
2017-08-21,10,0.0,2.0,2.0,6.0,0.028908772334034404,0.004836528281884957,1.8968641637238761,1.9627767776864857,0
2017-08-22,0,,,,,0.0,0.0,0.0,0.0,0
2017-08-23,0,,,,,0.0,0.0,0.0,0.0,0
2017-08-24,0,,,,,0.0,0.0,0.0,0.0,0
2017-08-25,0,,,,,0.0,0.0,0.0,0.0,0
2017-08-26,0,,,,,0.0,0.0,0.0,0.0,0
2017-08-27,0,,,,,0.0,0.0,0.0,0.0,0
2017-08-28,0,,,,,0.0,0.0,0.0,0.0,0
2017-08-29,0,,,,,0.0,0.0,0.0,0.0,0
2017-08-30,0,,,,,0.0,0.0,0.0,0.0,0
2017-08-31,2,1.0,1.0,0.0,0.0,0.12088920524001873,3.4704021345532965e-05,5.814966425532475e-05,0.000522781114341259,2
2017-09-01,2,0.0,2.0,0.0,0.0,1.0482664853334427,4.713825910585001e-05,5.342446638678666e-05,0.003156980719722834,2
2017-09-02,4,0.0,2.0,0.0,2.0,0.06228930434735944,0.001997629387915256,0.9665483541321007,6.208007562236162e-05,4
2017-09-03,0,,,,,0.0,0.0,0.0,0.0,0
2017-09-04,1,0.0,1.0,0.0,0.0,0.9582062363624572,6.791387568227947e-05,0.4431383907794952,1.3754643077845683e-05,1
2017-09-05,0,,,,,0.0,0.0,0.0,0.0,0
2017-09-06,0,,,,,0.0,0.0,0.0,0.0,0
2017-09-07,3,0.0,3.0,0.0,0.0,1.8830569069832563,9.875320029095747e-05,0.00021642120009343925,4.7311513299064245e-05,3
2017-09-08,3,0.0,1.0,0.0,2.0,0.057766539976000605,0.00011201876259292476,1.9602196761406958,4.712180634669494e-05,3
2017-09-09,4,1.0,2.0,0.0,1.0,0.921268663023511,0.00022620502022612188,0.9795916407128971,0.0005341920123100316,4
2017-09-10,0,,,,,0.0,0.0,0.0,0.0,0
2017-09-11,2,0.0,2.0,0.0,0.0,0.9998870255076324,0.002793171735902405,0.00017023654072538083,3.359732909302693e-05,1
2017-09-12,4,0.0,4.0,0.0,0.0,1.885966115323754,0.00010097004087583628,8.370470823138021e-05,0.016893958011678464,3
2017-09-13,2,0.0,1.0,1.0,0.0,0.00017245591880055144,3.410417775739916e-05,0.0001101230809581466,0.0003168959237881955,2
2017-09-14,3,0.0,3.0,0.0,0.0,1.970154429320246,5.810568654851522e-05,4.9279322411166504e-05,0.002634293881783378,3
2017-09-15,0,,,,,0.0,0.0,0.0,0.0,0
2017-09-16,4,0.0,3.0,1.0,0.0,1.8718072046904124,0.0003198245631209958,0.0016776977608968817,0.006236390775484133,4
2017-09-17,0,,,,,0.0,0.0,0.0,0.0,0
2017-09-18,3,0.0,1.0,0.0,2.0,0.05039761010812066,0.0005422604936028853,0.9998118119874562,4.096638804185204e-05,3
2017-09-19,2,0.0,2.0,0.0,0.0,0.9983645734682796,5.692070772056468e-05,4.5903951104264706e-05,2.797144315991318e-05,2
2017-09-20,0,,,,,0.0,0.0,0.0,0.0,0
2017-09-21,2,1.0,1.0,0.0,0.0,0.0696873531560413,0.9477609858713549,0.0007196162005128825,2.8569310416060034e-05,2
2017-09-22,1,0.0,1.0,0.0,0.0,0.8752955794334412,0.0007089053397066,2.4870678316801783e-05,2.6822712243301797e-05,1
2017-09-23,7,1.0,3.0,1.0,2.0,0.10199289012234646,0.002055753013337374,1.0538921629740798,1.0116152713053452,7
2017-09-24,0,,,,,0.0,0.0,0.0,0.0,0
2017-09-25,1,0.0,0.0,0.0,1.0,0.0036257994361221,1.699968197499402e-05,0.9727599620819092,1.2616657841135748e-05,1
2017-09-26,4,2.0,2.0,0.0,0.0,9.150791265710723e-05,0.005032075061535491,0.001115295512136019,6.175492853799369e-05,4
2017-09-27,4,1.0,0.0,2.0,1.0,0.0047212038771248,0.9482980844386475,0.0014964184374546892,1.8347705157202654,2
2017-09-28,7,0.0,2.0,1.0,4.0,0.9438508275452475,0.0031718892842034856,2.960861571422356,0.0012955117317687477,7
2017-09-29,3,0.0,2.0,1.0,0.0,1.6142180238384753,9.904312355502043e-05,9.671876796346623e-05,0.031722216968773774,3
2017-09-30,4,0.0,3.0,0.0,1.0,0.04681718823121613,0.00041692009654066233,0.9125461944804557,0.006019123614350921,3
2017-10-01,0,,,,,0.0,0.0,0.0,0.0,0
2017-10-02,2,0.0,0.0,0.0,2.0,0.0003637732443166614,5.3055004173074856e-05,0.9937049057334659,0.0005489394025061856,2
2017-10-03,9,1.0,3.0,2.0,3.0,0.600719642890908,0.056803789273544375,2.887541918971692,0.014486466385278491,8
2017-10-04,0,,,,,0.0,0.0,0.0,0.0,0
2017-10-05,12,0.0,7.0,0.0,5.0,3.049633336357146,0.0005314924364938125,1.9420440839439832,0.0001868569597718306,11
2017-10-06,3,0.0,3.0,0.0,0.0,1.9899750861695793,6.56309312034864e-05,6.867899355711415e-05,4.499429269344546e-05,3
2017-10-07,6,0.0,5.0,0.0,1.0,1.9966394731200126,0.00041516672899885284,1.0366425976717437,0.002355359565626691,5
2017-10-08,0,,,,,0.0,0.0,0.0,0.0,0
2017-10-09,7,1.0,6.0,0.0,0.0,0.2165146163497409,0.011215976011953746,0.00036155112502456177,0.007161658578297631,6
2017-10-10,6,2.0,3.0,1.0,0.0,1.754984122722817,0.9676469437254126,0.0020207637735438237,0.0012524908524937568,6
2017-10-11,2,0.0,2.0,0.0,0.0,1.9880241751670837,4.437976349436212e-05,6.28534980933182e-05,3.302814002381638e-05,2
2017-10-12,0,,,,,0.0,0.0,0.0,0.0,0
2017-10-13,4,1.0,2.0,0.0,1.0,0.9811330770480706,0.0009426897304364188,0.0015944703100102741,7.575201198051218e-05,4
2017-10-14,9,2.0,4.0,0.0,3.0,0.96763726800782,0.011288048253845632,2.6789297838695347,0.00019936097214667825,9
2017-10-15,0,,,,,0.0,0.0,0.0,0.0,0
2017-10-16,1,0.0,1.0,0.0,0.0,0.1837056130170822,2.594676152511965e-05,3.255937190260738e-05,1.562194483994972e-05,1
2017-10-17,5,1.0,2.0,0.0,2.0,0.00870005454817139,0.000103344220406143,0.06499632994564301,6.981293518038001e-05,4
2017-10-18,3,0.0,3.0,0.0,0.0,0.9858738851253293,5.744075770053314e-05,6.398966525011929e-05,4.295213420846267e-05,3
2017-10-19,1,0.0,1.0,0.0,0.0,1.712695120659191e-05,1.6737896658014506e-05,1.5414554582093842e-05,1.3175575986679178e-05,0
2017-10-20,5,0.0,5.0,0.0,0.0,2.929839104130224,0.0007555088923254057,0.001605297959031218,8.725707357370993e-05,5
2017-10-21,2,0.0,1.0,0.0,1.0,0.001642565766815,5.2883411626680754e-05,0.9994317998925908,3.0348987820616458e-05,1
2017-10-22,0,,,,,0.0,0.0,0.0,0.0,0
2017-10-23,4,1.0,3.0,0.0,0.0,2.040802608931699,9.865032370726112e-05,7.823829218978062e-05,0.039917596322993555,4
2017-10-24,9,1.0,5.0,1.0,2.0,3.0050176496879426,0.00595098643134394,1.9964853179790225,0.1761909078841198,9
2017-10-25,0,,,,,0.0,0.0,0.0,0.0,0
2017-10-26,7,0.0,6.0,0.0,1.0,1.947277455928997,0.00023589437842017833,0.06545319693577756,0.00010172183283430059,7
2017-10-27,3,0.0,1.0,0.0,2.0,0.035675755178090005,0.005618670691546805,1.962737026042305,6.539421974594006e-05,3
2017-10-28,5,1.0,2.0,1.0,1.0,1.0350870728507287,0.0018799039353323624,0.9452827420900575,0.7592798543400932,5
2017-10-29,0,,,,,0.0,0.0,0.0,0.0,0
2017-10-30,5,1.0,4.0,0.0,0.0,2.989843781339004,0.9508696047723788,0.00011192491729161702,6.944694723642897e-05,5
2017-10-31,5,0.0,5.0,0.0,0.0,3.002236938036731,0.000114330727228662,0.003738207717105908,8.202861499739811e-05,5
2017-11-01,0,,,,,0.0,0.0,0.0,0.0,0
2017-11-02,1,0.0,1.0,0.0,0.0,2.4248965928563848e-05,1.831945155572612e-05,1.8521510355640203e-05,1.6173016774700955e-05,1
2017-11-03,0,,,,,0.0,0.0,0.0,0.0,0
2017-11-04,5,0.0,4.0,0.0,1.0,2.982467532157898,0.000489691128677798,0.911703240850329,0.8650350007528687,5
2017-11-05,0,,,,,0.0,0.0,0.0,0.0,0
2017-11-06,8,2.0,3.0,1.0,2.0,1.9290256282529297,0.9908852296484837,2.0073115551640512,0.050385371515403655,8
2017-11-07,4,0.0,4.0,0.0,0.0,1.1634309306973591,0.08227710944993297,0.012265617750017528,0.013456064168167305,4
2017-11-08,0,,,,,0.0,0.0,0.0,0.0,0
2017-11-09,4,0.0,4.0,0.0,0.0,3.8618541955947876,9.742921793076675e-05,9.587469685357064e-05,6.816601307946257e-05,4
2017-11-10,1,0.0,0.0,1.0,0.0,0.0001851488486863,1.5246700058924034e-05,1.7595624740351923e-05,0.0206597615033388,1
2017-11-11,7,0.0,4.0,1.0,2.0,2.829151991776598,0.0015784462775627155,1.0018035146877082,0.05041659792459539,6
2017-11-12,0,,,,,0.0,0.0,0.0,0.0,0
2017-11-13,2,0.0,2.0,0.0,0.0,0.954315853305161,0.0002674138322617598,9.74221620708704e-05,5.150401557330042e-05,2
2017-11-14,9,1.0,5.0,0.0,3.0,0.950544659001025,0.0021730708158428547,1.0769390008008486,0.00012458733908715658,6
2017-11-15,0,,,,,0.0,0.0,0.0,0.0,0
2017-11-16,1,0.0,1.0,0.0,0.0,0.0050849565304815,1.591432373970747e-05,1.653370782150887e-05,1.2794841495633593e-05,1
2017-11-17,3,0.0,2.0,1.0,0.0,0.0741917366103734,0.0020262272992112628,0.0034947732710861575,0.020689322813268504,3
2017-11-18,4,1.0,2.0,0.0,1.0,0.03238426241477999,0.00044490517393561824,0.00011959845687670168,0.023928937473101514,4
2017-11-19,0,,,,,0.0,0.0,0.0,0.0,0
2017-11-20,5,0.0,4.0,1.0,0.0,1.0487518694499158,0.01262659897292897,0.00019024610537599074,0.0007899029214967645,5
2017-11-21,6,1.0,4.0,0.0,1.0,2.956989899495966,0.00443666413048043,0.9944589722163074,9.062729168363148e-05,6
2017-11-22,0,,,,,0.0,0.0,0.0,0.0,0
2017-11-23,5,0.0,1.0,2.0,2.0,0.018135665006411544,9.81063349172473e-05,1.9769101352640064,0.03185795001081712,4
2017-11-24,2,0.0,1.0,1.0,0.0,0.9860512152081354,0.0026871716181630545,0.00012925975897815078,0.9299329578061588,1
2017-11-25,10,1.0,2.0,1.0,6.0,0.9463462563162465,0.0003135372116958024,3.9724562205719844,0.9305650585502008,7
2017-11-26,0,,,,,0.0,0.0,0.0,0.0,0
2017-11-27,4,0.0,3.0,0.0,1.0,0.6244678137554727,0.023489193398745552,1.0001597884329385,0.008859122124704273,4
2017-11-28,4,1.0,2.0,0.0,1.0,0.01399737397696286,0.006299206848780109,0.000277517856375159,5.791508283436997e-05,3
2017-11-29,0,,,,,0.0,0.0,0.0,0.0,0
2017-11-30,10,2.0,6.0,0.0,2.0,3.927394659898709,0.035005034746063604,1.894806600859738,0.0001873688852356281,10
2017-12-01,2,0.0,2.0,0.0,0.0,0.9725324144819751,4.977032767783385e-05,7.903478763182648e-05,2.9089376766933128e-05,2
2017-12-02,3,0.0,3.0,0.0,0.0,0.0011774494050768153,7.651296618860215e-05,0.0001005218564387178,4.42915170424385e-05,3
2017-12-03,0,,,,,0.0,0.0,0.0,0.0,0
2017-12-04,2,0.0,0.0,0.0,2.0,0.009970185346901299,3.96301802538801e-05,0.0182262597954831,3.79971279471647e-05,2
2017-12-05,5,3.0,2.0,0.0,0.0,1.9918258107281872,1.8854703651941236,0.0001262466157641029,7.185768299677875e-05,5
2017-12-06,0,,,,,0.0,0.0,0.0,0.0,0
2017-12-07,2,0.0,2.0,0.0,0.0,1.9517771005630493,3.9698959881206974e-05,3.9711876524961554e-05,3.071003811783157e-05,2
2017-12-08,0,,,,,0.0,0.0,0.0,0.0,0
2017-12-09,9,4.0,2.0,1.0,2.0,1.2560421644975577,0.0027123945255878626,1.0653192321733511,0.149789713282189,9
2017-12-10,0,,,,,0.0,0.0,0.0,0.0,0
2017-12-11,1,0.0,0.0,1.0,0.0,0.0012637624749913,1.5365094441222027e-05,2.0775411030626856e-05,0.7592157125473022,1
2017-12-12,3,1.0,2.0,0.0,0.0,0.9299582213643589,0.04572008426111999,0.8312157813634257,0.0063111716744969695,3
2017-12-13,4,1.0,3.0,0.0,0.0,2.9359472832875326,0.9346791753541766,9.630069689592347e-05,6.186768132465659e-05,4
2017-12-14,17,1.0,14.0,0.0,2.0,11.739863806062203,0.9352730331502244,1.2372333074472406,0.021699426989471065,17
2017-12-15,4,0.0,2.0,0.0,2.0,0.5413465725723653,0.0027888558179255886,1.9923321794813091,6.736028626619373e-05,4
2017-12-16,11,1.0,7.0,0.0,3.0,2.949464119119511,0.9393321055158594,0.25253357216206485,0.004203072518976035,11
2017-12-17,0,,,,,0.0,0.0,0.0,0.0,0
2017-12-18,4,0.0,3.0,0.0,1.0,0.17523434617032754,0.00021904691311642677,1.0001022429605655,7.848573113733437e-05,4
2017-12-19,25,0.0,23.0,0.0,2.0,17.40543853190684,0.0012991317616978498,1.074324879591586,0.0004472302352951374,25
2017-12-20,0,,,,,0.0,0.0,0.0,0.0,0
2017-12-21,1,0.0,1.0,0.0,0.0,4.5493343350244686e-05,1.4564388038706966e-05,1.3740444046561606e-05,1.2727001376333646e-05,1
2017-12-22,28,2.0,17.0,2.0,7.0,11.484996260476692,0.11804782448143647,5.858323628298422,0.883719998021661,28
2017-12-23,15,0.0,9.0,0.0,6.0,1.9842254770883299,0.003721313630194251,5.820046928555712,0.0002492585108484491,15
2017-12-24,0,,,,,0.0,0.0,0.0,0.0,0
2017-12-25,0,,,,,0.0,0.0,0.0,0.0,0
2017-12-26,20,0.0,20.0,0.0,0.0,17.756754574274964,0.0007018780579528094,0.0005135910123498773,0.03301808524156504,20
2017-12-27,11,0.0,10.0,0.0,1.0,2.5805080487443774,0.016149778580256593,0.9283895600920002,0.00014912324240867747,11
2017-12-28,23,0.0,23.0,0.0,0.0,19.29803520743735,0.0005051577918493422,0.0004567420637613395,0.0004031484731967794,23
2017-12-29,9,0.0,9.0,0.0,0.0,6.703474141366313,0.00026860541856876807,0.00024340092295460636,0.00017229822606168455,9
2017-12-30,4,0.0,4.0,0.0,0.0,0.00027868485267390497,7.014987386355642e-05,6.708275577693712e-05,5.216314002609579e-05,4
2017-12-31,0,,,,,0.0,0.0,0.0,0.0,0
2018-01-01,0,,,,,0.0,0.0,0.0,0.0,0
2018-01-02,2,0.0,2.0,0.0,0.0,0.004335278088547043,3.2849982744664885e-05,3.449159339652397e-05,2.552414298406802e-05,2
2018-01-03,0,,,,,0.0,0.0,0.0,0.0,0
2018-01-04,0,,,,,0.0,0.0,0.0,0.0,0
2018-01-05,0,,,,,0.0,0.0,0.0,0.0,0
2018-01-06,0,,,,,0.0,0.0,0.0,0.0,0
2018-01-07,0,,,,,0.0,0.0,0.0,0.0,0
2018-01-08,2,0.0,2.0,0.0,0.0,1.9941147565841675,4.4869582779938355e-05,5.198849794396665e-05,0.0017001317464745637,2
2018-01-09,1,0.0,1.0,0.0,0.0,0.9963236451148988,2.289077201567125e-05,3.136961822747253e-05,1.6817753930808976e-05,1
2018-01-10,3,0.0,2.0,0.0,1.0,1.8811189086227387,8.912811244954355e-05,0.9904836399655322,4.122048176213866e-05,3
2018-01-11,3,1.0,0.0,1.0,1.0,0.0063839629292486,0.9916219117476431,0.005477575532495312,0.011184384969965317,3
2018-01-12,2,0.0,2.0,0.0,0.0,0.00011845022163470276,3.195692079316359e-05,3.638030648289714e-05,2.563630278018536e-05,2
2018-01-13,1,0.0,1.0,0.0,0.0,4.549369259621017e-05,1.4564394405169878e-05,1.374043040414108e-05,1.2726995919365436e-05,1
2018-01-14,0,,,,,0.0,0.0,0.0,0.0,0
2018-01-15,1,0.0,1.0,0.0,0.0,0.0074838954024016,0.002942516002804,0.0004510554717853,1.5361380064859986e-05,1
2018-01-16,3,0.0,1.0,2.0,0.0,0.0004405394793138463,5.4492375056724995e-05,6.171154018375091e-05,0.03479152031195548,1
2018-01-17,2,1.0,1.0,0.0,0.0,0.0728650996461509,0.024279309640405616,0.001941605580213943,2.8626403036469128e-05,2
2018-01-18,2,0.0,1.0,0.0,1.0,1.0035832496359944,4.200155126454774e-05,0.8591893408738542,2.9667787202924956e-05,2
2018-01-19,3,1.0,1.0,1.0,0.0,0.11828605282244083,5.7081851991824806e-05,0.0004044308006995997,0.9299432734460424,1
2018-01-20,15,1.0,13.0,0.0,1.0,6.646951143833576,0.0415802708721457,1.0503609658353523,0.0002579549254733138,13
2018-01-21,0,,,,,0.0,0.0,0.0,0.0,0
2018-01-22,8,0.0,8.0,0.0,0.0,5.893058833651594,0.0013325571489985074,0.011499121072119893,0.00012225908176333178,8
2018-01-23,2,0.0,1.0,0.0,1.0,0.0128900411655194,3.416349682083819e-05,0.884374949557241,2.537805903557455e-05,1
2018-01-24,1,0.0,0.0,0.0,1.0,0.0144531680271029,6.402952567441389e-05,0.9937329888343812,1.852762216003612e-05,1
2018-01-25,4,0.0,3.0,0.0,1.0,0.003119573344519935,8.360280298802536e-05,0.1882285227038664,6.315285463642795e-05,3
2018-01-26,4,0.0,2.0,1.0,1.0,0.9978918989436351,0.00037326028359529437,0.8525804353721469,0.005707693161639312,3
2018-01-27,11,3.0,6.0,0.0,2.0,1.9860254119848828,1.0029803030629407,1.0190187170283025,0.0001919576207001228,11
2018-01-28,0,,,,,0.0,0.0,0.0,0.0,0
2018-01-29,11,0.0,10.0,1.0,0.0,7.956791958917165,0.008421028909651776,0.0004746611612062182,0.020817648327465497,11
2018-01-30,0,,,,,0.0,0.0,0.0,0.0,0
2018-01-31,3,0.0,3.0,0.0,0.0,2.9295685291290283,7.802398067724425e-05,7.776943130011205e-05,5.613330540654715e-05,3
2018-02-01,6,0.0,2.0,2.0,2.0,3.2532891235314305,0.0020361200367914746,1.8259537415033265,0.06392033190695648,6
2018-02-02,5,1.0,3.0,0.0,1.0,1.2693738024754566,0.0463458914855436,0.8906991630492485,6.99930433256668e-05,3
2018-02-03,10,0.0,9.0,1.0,0.0,2.961539016891038,0.00021853457747056382,0.0001952925804289407,0.04538526328360603,7
2018-02-04,0,,,,,0.0,0.0,0.0,0.0,0
2018-02-05,5,0.0,3.0,0.0,2.0,0.984210309179616,0.0008919081828935029,1.8596061871849088,6.834394571342273e-05,5
2018-02-06,7,2.0,1.0,3.0,1.0,0.000912054667423869,0.00012154639080108609,0.0024311321085406104,0.044252112234062044,7
2018-02-07,1,0.0,1.0,0.0,0.0,1.8143940906156782e-05,1.7635053154663183e-05,1.6722840882721357e-05,1.5346509826486e-05,0
2018-02-08,5,0.0,5.0,0.0,0.0,2.00444010222418,7.909398118499666e-05,0.002505109041521641,7.022418230917538e-05,5
2018-02-09,3,0.0,1.0,0.0,2.0,1.0017386522958984,5.2429928473429754e-05,1.780519839419867,3.8746605241613e-05,3
2018-02-10,18,6.0,6.0,1.0,5.0,0.9302124452997304,1.856915892375582,1.1731356830405273,0.019207053862373803,17
2018-02-11,0,,,,,0.0,0.0,0.0,0.0,0
2018-02-12,1,0.0,1.0,0.0,0.0,1.799201163521502e-05,1.7673219190328382e-05,1.7440368537791073e-05,1.3306731489137746e-05,1
2018-02-13,4,1.0,1.0,0.0,2.0,0.041441247840339174,7.420675683533773e-05,0.9050712562238915,5.538130244531203e-05,3
2018-02-14,0,,,,,0.0,0.0,0.0,0.0,0
2018-02-15,7,1.0,0.0,3.0,3.0,0.04318985727513779,0.0007589438991998665,1.784141423222536,0.027466369105240904,6
2018-02-16,7,0.0,6.0,1.0,0.0,4.803872983844485,0.00014611428196076304,0.00016761000551923644,0.0414853702695835,7
2018-02-17,14,0.0,6.0,0.0,8.0,5.171182755129848,0.002902972453739418,4.574856072458715,0.00021012705929024378,13
2018-02-18,0,,,,,0.0,0.0,0.0,0.0,0
2018-02-19,7,0.0,5.0,1.0,1.0,2.030869545164023,0.0007294593169716891,0.9973746709692931,0.9835090269061766,7
2018-02-20,6,0.0,4.0,2.0,0.0,0.9983865308022359,0.00013262738139019348,0.000150813509208092,0.0004313627377995647,4
2018-02-21,0,,,,,0.0,0.0,0.0,0.0,0
2018-02-22,3,1.0,1.0,0.0,1.0,0.002040339288214397,0.28051536051134457,0.004145422246438094,3.896550424542511e-05,3
2018-02-23,9,0.0,6.0,1.0,2.0,5.903971186271519,0.003958009707275607,1.8883195343514672,1.944228620771355,9
2018-02-24,11,1.0,6.0,3.0,1.0,3.7285106744056975,0.09851716971570566,0.9988596636285365,0.8497286359297502,11
2018-02-25,0,,,,,0.0,0.0,0.0,0.0,0
2018-02-26,7,1.0,4.0,1.0,1.0,1.9954644694989838,0.0007311509907594519,0.928328320656874,0.02904269455029853,4
2018-02-27,5,0.0,4.0,1.0,0.0,3.028461177575082,0.016094480819447112,0.004868257856287467,0.00034939938905150213,5
2018-02-28,1,0.0,1.0,0.0,0.0,0.978041172027588,3.858136915368959e-05,2.9108387025189583e-05,1.5724361219326966e-05,1
2018-03-01,4,0.0,3.0,0.0,1.0,0.004679615878558229,7.114897289284272e-05,0.00013999226393934805,5.246596811048221e-05,4
2018-03-02,2,0.0,1.0,0.0,1.0,0.005773876815510432,6.076031422708184e-05,0.00024456404025831736,4.6009924517420586e-05,2
2018-03-03,18,4.0,4.0,4.0,6.0,1.1423148633894014,1.0249675049590223,3.901013274419711,1.9985366577175228,18
2018-03-04,0,,,,,0.0,0.0,0.0,0.0,0
2018-03-05,2,2.0,0.0,0.0,0.0,0.0017591744781384388,0.9346233102514816,3.536232725309674e-05,2.600281823106343e-05,2
2018-03-06,11,1.0,4.0,4.0,2.0,1.9763439252255919,0.0005059431068730145,0.017667693187831766,0.05424465879332255,11
2018-03-07,3,0.0,1.0,0.0,2.0,0.977599058765918,0.005279553239233775,0.9808581657052854,5.5504740885226056e-05,3
2018-03-08,12,0.0,5.0,2.0,5.0,1.2691037571130432,0.018936753671368697,4.873654791546869,0.03795490157335725,12
2018-03-09,4,2.0,1.0,1.0,0.0,0.0024319318217748496,0.934655709605977,8.893857193470467e-05,0.05032373282210749,4
2018-03-10,4,0.0,2.0,1.0,1.0,0.2947862135406465,0.009035955632498276,0.9431006880222413,0.0007508625230911427,4
2018-03-11,0,,,,,0.0,0.0,0.0,0.0,0
2018-03-12,1,1.0,0.0,0.0,0.0,1.8905602701124732e-05,2.054860487987753e-05,2.010332536883652e-05,1.506712033005897e-05,1
2018-03-13,9,0.0,5.0,0.0,4.0,1.9945216702053583,0.01688444559204059,0.9828010974852074,0.00012210763907205546,8
2018-03-14,0,,,,,0.0,0.0,0.0,0.0,0
2018-03-15,14,0.0,6.0,1.0,7.0,4.570824077947691,0.0002591186512290733,0.9223557786644957,0.0218783131240343,13
2018-03-16,18,3.0,7.0,1.0,7.0,2.071402980928724,1.8397267638902122,2.713018970908706,0.0032766773410911787,18
2018-03-17,11,0.0,3.0,1.0,7.0,1.0171319547716846,0.0002021310883719707,1.9304311462774422,0.05041817659184741,11
2018-03-18,0,,,,,0.0,0.0,0.0,0.0,0
2018-03-19,8,1.0,4.0,0.0,3.0,2.121858002756198,0.9797671337446444,1.849347224248049,0.00010848209967662115,8
2018-03-20,2,0.0,0.0,1.0,1.0,0.0201093890354968,3.522709994285833e-05,0.9107858846909949,0.0011651658742265715,2
2018-03-21,4,0.0,4.0,0.0,0.0,0.6493279166170394,0.00014315973021439277,0.00026068762235800444,8.589343178755371e-05,4
2018-03-22,3,0.0,2.0,0.0,1.0,0.9947090501591446,5.762184173363494e-05,0.02497069256787641,4.1248857087339275e-05,3
2018-03-23,5,0.0,4.0,0.0,1.0,1.9248429091621801,8.960677678260254e-05,0.00012174524545116583,6.911792479513679e-05,5
2018-03-24,8,0.0,4.0,1.0,3.0,1.0205591248741255,0.0007709821529714629,1.6917117067223444,0.9305409148610124,7
2018-03-25,0,,,,,0.0,0.0,0.0,0.0,0
2018-03-26,21,0.0,13.0,1.0,7.0,10.931073009645843,0.00042705432315415237,0.07276897375959299,0.043502583365807285,21
2018-03-27,9,2.0,2.0,0.0,5.0,1.0115881307028758,0.00022876740695210174,1.8513103225013765,0.0001285193666262785,4
2018-03-28,9,0.0,4.0,0.0,5.0,3.0813060173459235,0.000257777433944284,0.03596882841520663,0.00013476341700879857,8
2018-03-29,8,0.0,4.0,0.0,4.0,0.0325273330381601,0.00018651492428034544,0.023259808542206502,0.00011436039221734973,8
2018-03-30,8,0.0,2.0,0.0,6.0,1.9954502953914925,0.00016591472922300454,0.0356363146565851,0.00011408389764255844,8
2018-03-31,15,0.0,10.0,1.0,4.0,7.9729329622023215,0.0002950885573227424,0.02723813843840567,0.020970301063243775,15
2018-04-01,0,,,,,0.0,0.0,0.0,0.0,0
2018-04-02,4,0.0,4.0,0.0,0.0,2.848767236322601,0.00011722939507308183,0.00010435210333525902,6.711257083225064e-05,4
2018-04-03,3,0.0,0.0,0.0,3.0,0.0016393772602895384,5.479777792061214e-05,0.96350414474,4.052812892041402e-05,3
2018-04-04,2,0.0,2.0,0.0,0.0,1.9986254572868347,0.0016078380285762,1.8070780634880066,5.972511280560866e-05,2
2018-04-05,1,1.0,0.0,0.0,0.0,0.0018331458559259,0.9450591802597046,2.3930924726300876e-05,1.2021931979688816e-05,1
2018-04-06,1,0.0,1.0,0.0,0.0,0.0080098574981093,1.475040608056588e-05,1.6313808373524807e-05,1.4034093510417732e-05,1
2018-04-07,4,1.0,1.0,1.0,1.0,0.012121424504584696,7.942943375383038e-05,0.96407285065834,0.00034406147005933054,3
2018-04-08,0,,,,,0.0,0.0,0.0,0.0,0
2018-04-09,2,2.0,0.0,0.0,0.0,0.0035734608536585003,1.8796634078025818,4.2429170207469724e-05,2.423888145131059e-05,2
2018-04-10,8,1.0,3.0,2.0,2.0,0.12121769732584638,0.004702143497524897,0.9165405061248747,0.08706690914277705,8
2018-04-11,0,,,,,0.0,0.0,0.0,0.0,0
2018-04-12,6,1.0,4.0,1.0,0.0,1.106446080828391,0.00016241106823144946,0.00029408931732175447,0.027558805779335668,4
2018-04-13,6,2.0,1.0,2.0,1.0,0.37112305727714545,0.0005845350206072017,0.9941763194328814,0.00041307408901040894,2
2018-04-14,8,2.0,3.0,0.0,3.0,0.6712783805196522,0.00015611791877745418,1.7969567229838503,0.00010956269306916511,8
2018-04-15,0,,,,,0.0,0.0,0.0,0.0,0
2018-04-16,19,3.0,4.0,3.0,9.0,1.0481999680932856,1.9804146224705619,3.119368692846365,0.017252770331651734,17
2018-04-17,10,0.0,6.0,0.0,4.0,3.977187082005912,0.00019481396702758502,0.031157679371062418,0.0006616830614802792,9
2018-04-18,7,0.0,6.0,0.0,1.0,5.948517419397831,0.0001389002354699187,0.020660573798522642,0.00010022605329140788,7
2018-04-19,6,2.0,3.0,0.0,1.0,2.0529483844075003,0.023772158567226,0.9898106983164325,9.478660649619997e-05,6
2018-04-20,1,0.0,0.0,1.0,0.0,0.0003685886913444,1.5409497791551985e-05,2.962915641546715e-05,0.0013031000271439,1
2018-04-21,2,1.0,1.0,0.0,0.0,7.791130701662041e-05,3.504271080601029e-05,3.363626092323102e-05,2.7449350454844534e-05,2
2018-04-22,0,,,,,0.0,0.0,0.0,0.0,0
2018-04-23,8,1.0,6.0,1.0,0.0,0.21570625765161805,0.0012489614382501812,0.002830060646374384,0.8133983860570879,5
2018-04-24,3,0.0,1.0,1.0,1.0,0.04149815789060083,4.7820666623010766e-05,0.9050427630490959,0.0007325172382479368,3
2018-04-25,0,,,,,0.0,0.0,0.0,0.0,0
2018-04-26,2,0.0,0.0,1.0,1.0,0.0013840073042955692,3.490005838102661e-05,6.065475827199407e-05,0.011170577288794442,2
2018-04-27,11,0.0,10.0,0.0,1.0,7.676154339296772,0.000584856448767765,0.9948861982074958,0.00017564929657964967,9
2018-04-28,6,1.0,2.0,0.0,3.0,0.02611709582924944,0.00011247966904193163,1.7752144358637452,8.211382373701781e-05,6
2018-04-29,0,,,,,0.0,0.0,0.0,0.0,0
2018-04-30,5,0.0,3.0,0.0,2.0,0.9802411168657272,0.0005176835347810183,1.957273720037847,9.249116101273103e-05,5
2018-05-01,0,,,,,0.0,0.0,0.0,0.0,0
2018-05-02,2,0.0,2.0,0.0,0.0,1.1946453452110288,4.685938620241358e-05,6.080927596485708e-05,3.147953611915e-05,2
2018-05-03,3,0.0,1.0,2.0,0.0,0.9956146129261471,5.222158142714761e-05,0.004791083716554566,0.00046777832176287895,3
2018-05-04,3,0.0,1.0,0.0,2.0,0.005193534936552153,6.412372385966592e-05,0.0094730353448538,4.599477688316256e-05,3
2018-05-05,3,0.0,1.0,1.0,1.0,0.9966457776026799,6.821548595326021e-05,0.9752819298246321,0.05031495925504711,3
2018-05-06,0,,,,,0.0,0.0,0.0,0.0,0
2018-05-07,8,1.0,4.0,2.0,1.0,1.981369947683561,0.00015603460451529827,0.0002704381713555576,0.08855011725427167,8
2018-05-08,8,2.0,5.0,1.0,0.0,3.671792666276815,0.0002158528095606016,0.0021546202606259066,0.0504039215538796,8
2018-05-09,0,,,,,0.0,0.0,0.0,0.0,0
2018-05-10,10,2.0,6.0,1.0,1.0,3.195432313057608,0.036861231483271556,0.21770691446454277,0.9300780729154212,9
2018-05-11,5,0.0,5.0,0.0,0.0,0.983543829903283,0.00010016698342951713,9.230087471223669e-05,6.684225172648439e-05,4
2018-05-12,6,0.0,3.0,2.0,1.0,0.9801943138045316,0.00018750003437156555,0.007826360262697486,0.04545765680813923,6
2018-05-13,0,,,,,0.0,0.0,0.0,0.0,0
2018-05-14,5,0.0,2.0,0.0,3.0,0.2537879419232922,0.03080996860444425,0.48939014656207275,0.004993175008166858,5
2018-05-15,0,,,,,0.0,0.0,0.0,0.0,0
2018-05-16,8,1.0,2.0,3.0,2.0,1.1070622147071842,0.01657814462123484,0.016758245350501848,1.9036267841966035,6
2018-05-17,1,0.0,0.0,0.0,1.0,0.000402085162932,2.600847255962435e-05,0.0068843010812997,1.5661213183193468e-05,1
2018-05-18,2,0.0,2.0,0.0,0.0,3.86801220884081e-05,3.445002585067414e-05,3.6136274502496235e-05,2.6985197109752335e-05,1
2018-05-19,16,3.0,8.0,2.0,3.0,1.303555827336822,0.0003109843064521556,0.0018180602191932762,0.08024980795653383,14
2018-05-20,0,,,,,0.0,0.0,0.0,0.0,0
2018-05-21,17,4.0,11.0,2.0,0.0,3.0260502957298736,3.84396287468553,0.00036023237680637976,0.004332171780333565,17
2018-05-22,11,0.0,9.0,1.0,1.0,0.00838782653590861,0.00018312530573894037,0.24470205943907783,0.0723633243906078,9
2018-05-23,3,0.0,3.0,0.0,0.0,2.905071794986725,9.968978883989621e-05,7.202574852271937e-05,6.336744263535365e-05,3
2018-05-24,6,1.0,3.0,2.0,0.0,0.0005653433418046513,0.0001008977214951301,0.00015382053970824927,0.0006593964353667607,6
2018-05-25,4,0.0,2.0,2.0,0.0,0.9669937685939657,6.750918419129448e-05,0.0019689242681123864,0.021148476905182127,4
2018-05-26,6,1.0,3.0,2.0,0.0,0.027229246854403494,0.9935241973107622,0.012298658632971608,0.046008980765691314,5
2018-05-27,0,,,,,0.0,0.0,0.0,0.0,0
2018-05-28,3,0.0,3.0,0.0,0.0,0.00043980331429334477,4.748385072161909e-05,4.7224274567270186e-05,3.8714598304068204e-05,2
2018-05-29,4,0.0,3.0,1.0,0.0,1.0936455185292289,0.0014900400747136918,0.001167014417660456,0.00242459458968362,4
2018-05-30,1,0.0,0.0,0.0,1.0,0.0001493860909249,4.345234628999606e-05,0.0092782946303486,1.776556200638879e-05,1
2018-05-31,10,0.0,8.0,1.0,1.0,3.1031186016916763,0.0028047665709891316,0.9755291699239023,0.004090006425030717,10
2018-06-01,4,1.0,2.0,1.0,0.0,1.9891782497215902,0.93468916178972,0.00010822059630299918,0.0007622464936502517,4
2018-06-02,12,1.0,8.0,2.0,1.0,0.17052163686275834,0.9592568642528929,0.9637695789660938,0.3639542212395098,10
2018-06-03,0,,,,,0.0,0.0,0.0,0.0,0
2018-06-04,4,1.0,1.0,0.0,2.0,1.0079542016574123,0.03811338512787181,0.92951670770708,5.887977204110939e-05,4
2018-06-05,2,0.0,2.0,0.0,0.0,1.0195315480232239,4.5523342123487964e-05,0.0035059508045378503,2.750854764599353e-05,2
2018-06-06,2,0.0,0.0,0.0,2.0,7.683146213821601e-05,4.167794395470992e-05,0.004282414447516101,3.30663187924074e-05,2
2018-06-07,3,0.0,1.0,2.0,0.0,0.15441138368623797,0.00070670792410962,0.00015126026119105518,0.9300915496114611,2
2018-06-08,4,0.0,3.0,0.0,1.0,0.002889730962124124,7.417855886160396e-05,0.9752706077151742,5.3388943342724815e-05,3
2018-06-09,7,0.0,3.0,0.0,4.0,0.042231885649016344,0.00012173100913059898,2.1516039640137024,9.152416805591201e-05,7
2018-06-10,0,,,,,0.0,0.0,0.0,0.0,0
2018-06-11,11,2.0,8.0,0.0,1.0,6.641084034090454,0.9454460188771917,0.9109808949851868,0.00019784192227234598,11
2018-06-12,6,0.0,4.0,1.0,1.0,0.9734941273854929,0.00011425621414673515,0.0036464434797380337,0.011225688301237796,6
2018-06-13,2,0.0,2.0,0.0,0.0,1.997662365436554,6.785198092984501e-05,3.838090560748242e-05,3.300430216768291e-05,2
2018-06-14,3,1.0,0.0,1.0,1.0,0.0032378482283092363,0.9346366729714646,0.0015115908281586432,0.9608766047567768,3
2018-06-15,2,0.0,1.0,1.0,0.0,0.9977956968068611,0.02458192761878308,0.0007113784704415347,0.0013174563700885755,2
2018-06-16,8,0.0,4.0,2.0,2.0,0.0423511297231014,0.0001250340128535754,0.9055619923883569,0.021888126153498815,8
2018-06-17,0,,,,,0.0,0.0,0.0,0.0,0
2018-06-18,7,1.0,5.0,0.0,1.0,2.808287864725571,0.0001691863471933175,0.9417471716296859,0.00011247146176174283,5
2018-06-19,13,0.0,10.0,0.0,3.0,6.0412470892988495,0.00043260650545562385,1.9373811876357647,0.00022306225946522318,13
2018-06-20,0,,,,,0.0,0.0,0.0,0.0,0
2018-06-21,1,0.0,1.0,0.0,0.0,5.900644464418292e-05,1.4494083188765217e-05,1.353296192974085e-05,1.2382241948216688e-05,1
2018-06-22,1,0.0,0.0,0.0,1.0,0.0221043769270181,1.5976725990185514e-05,0.909921407699585,1.2319455890974496e-05,1
2018-06-23,4,0.0,2.0,1.0,1.0,0.0069834616333536124,7.086372079356806e-05,0.864419674243436,0.05032358984954041,4
2018-06-24,0,,,,,0.0,0.0,0.0,0.0,0
2018-06-25,9,1.0,8.0,0.0,0.0,3.0626264315906155,0.00023217433044919744,0.000157876924276934,0.09728430533596089,9
2018-06-26,9,0.0,5.0,2.0,2.0,4.015741888302728,0.000283528271211253,0.9155836991258183,1.862112470986176,7
2018-06-27,1,0.0,1.0,0.0,0.0,0.9944599866867064,1.9712111679837108e-05,2.61557233898202e-05,1.5947096471791156e-05,1
2018-06-28,7,1.0,4.0,1.0,1.0,0.03494745243733611,0.9347005209874624,0.7064602022874169,0.00037847948715347054,7
2018-06-29,2,0.0,1.0,0.0,1.0,0.002396027863142034,3.589541211113101e-05,0.974751588946674,2.7721511287381873e-05,2
2018-06-30,18,0.0,7.0,3.0,8.0,1.039499668344433,0.012324718150921298,2.884938799379597,0.013717389367229755,5
2018-07-01,0,,,,,0.0,0.0,0.0,0.0,0
2018-07-02,2,0.0,0.0,1.0,1.0,0.012912194242744559,4.01021334255347e-05,0.020805522781301967,0.08617740949830477,2
2018-07-03,5,0.0,4.0,1.0,0.0,0.027073857309005602,8.288193930638954e-05,8.17111194919562e-05,0.011207551134248112,5
2018-07-04,4,0.0,4.0,0.0,0.0,3.9950876235961914,0.00021587657465715893,8.003871334949508e-05,7.218469545478001e-05,4
2018-07-05,8,1.0,7.0,0.0,0.0,4.839532635152864,0.0014159004840621431,0.0002655365951795116,0.97912744176665,8
2018-07-06,4,0.0,3.0,0.0,1.0,1.1663614011631578,0.0037710932974731365,0.31816339720262465,7.16084468876943e-05,4
2018-07-07,9,1.0,6.0,0.0,2.0,0.053810519251783165,0.9452001136733088,1.0853508620502907,0.00012217695439176168,9
2018-07-08,0,,,,,0.0,0.0,0.0,0.0,0
2018-07-09,18,4.0,8.0,2.0,4.0,6.310198548105291,0.9917907862554785,1.4750586084337554,0.01635564812295332,18
2018-07-10,8,1.0,0.0,1.0,6.0,0.3901493204903087,0.9363151397155886,3.3299843146887724,0.0012611810770976296,7
2018-07-11,10,2.0,2.0,2.0,4.0,0.00866247765588905,0.9835958631874745,1.9221032349651068,0.0012001763370789666,0
2018-07-12,11,2.0,3.0,0.0,6.0,0.011094371049693623,0.9466928329320579,2.0045554764947155,0.00015921768317639362,4
2018-07-13,4,0.0,4.0,0.0,0.0,1.9748205813230018,0.04425540551164881,0.0029616481933771293,0.040112417253112514,3
2018-07-14,7,0.0,5.0,1.0,1.0,2.491503809569622,0.00013852873598807491,0.008649828156194379,0.0007921708493085366,6
2018-07-15,0,,,,,0.0,0.0,0.0,0.0,0
2018-07-16,5,1.0,4.0,0.0,0.0,0.9390636066418665,0.9346688126342997,0.0001334524304184015,6.374893382599112e-05,5
2018-07-17,16,0.0,15.0,1.0,0.0,10.912149453573875,0.0004883145647909259,0.00030165197858877946,0.002406600742688143,13
2018-07-18,0,,,,,0.0,0.0,0.0,0.0,0
2018-07-19,8,1.0,3.0,0.0,4.0,1.9999902305644353,0.9347514653454709,0.26261022744529317,0.0006214791037564065,8
2018-07-20,3,1.0,2.0,0.0,0.0,1.0005787263362436,0.9451167524730407,5.815049007651396e-05,4.219902166369138e-05,3
2018-07-21,6,0.0,5.0,1.0,0.0,1.043314860340615,0.0001196293487737421,0.00014381703294930048,0.00036674966486311837,4
2018-07-22,0,,,,,0.0,0.0,0.0,0.0,0
2018-07-23,5,1.0,2.0,1.0,1.0,1.552153675491354,0.00010196473340329248,0.0025306721963715495,0.05034297585825696,5
2018-07-24,4,2.0,0.0,0.0,2.0,0.045048628442600526,7.477320832549594e-05,1.877793663088596,5.386874636315042e-05,3
2018-07-25,0,,,,,0.0,0.0,0.0,0.0,0
2018-07-26,9,5.0,2.0,0.0,2.0,1.028009650763124,3.7489795539122497,1.1546022787806578,0.0001182596761282184,9
2018-07-27,4,1.0,1.0,0.0,2.0,0.043396884502726524,0.9451090747916168,1.1495795041773818,5.156145380169619e-05,4
2018-07-28,6,1.0,3.0,1.0,1.0,1.9402392406191211,0.9347390999319032,0.06876364132767773,0.07367498968415018,6
2018-07-29,0,,,,,0.0,0.0,0.0,0.0,0
2018-07-30,8,1.0,7.0,0.0,0.0,5.994905424980971,0.00019717374198080506,0.0001476599481975427,0.00012251878069946542,8
2018-07-31,2,1.0,1.0,0.0,0.0,0.0752858901396393,0.981242421819843,3.250144436606206e-05,2.650893020472722e-05,2
2018-08-01,0,,,,,0.0,0.0,0.0,0.0,0
2018-08-02,10,0.0,5.0,2.0,3.0,0.0009450086508876583,0.0001869425896074972,0.9705306776286305,0.010874601108298415,10
2018-08-03,6,3.0,2.0,1.0,0.0,0.8977562867075901,2.960840949615885,0.0002127884663423174,0.001241228359503926,6
2018-08-04,2,1.0,1.0,0.0,0.0,0.0018473382078809,0.9346195002053719,3.258914057369111e-05,2.6046563107229304e-05,2
2018-08-05,0,,,,,0.0,0.0,0.0,0.0,0
2018-08-06,3,0.0,2.0,0.0,1.0,0.022928140868316352,4.569524935504887e-05,0.9575802653371283,3.776942230615532e-05,3
2018-08-07,2,0.0,1.0,0.0,1.0,0.005113623814395317,5.15703850396676e-05,0.013631789868668394,2.975978350150399e-05,2
2018-08-08,0,,,,,0.0,0.0,0.0,0.0,0
2018-08-09,0,,,,,0.0,0.0,0.0,0.0,0
2018-08-10,0,,,,,0.0,0.0,0.0,0.0,0
2018-08-11,4,0.0,2.0,2.0,0.0,0.006867226002213832,6.137299078545766e-05,7.145799099816941e-05,0.04144526514028249,3
2018-08-12,0,,,,,0.0,0.0,0.0,0.0,0
2018-08-13,0,,,,,0.0,0.0,0.0,0.0,0
2018-08-14,1,0.0,0.0,0.0,1.0,1.8273987734573893e-05,1.8260077922604975e-05,3.9283935620915145e-05,1.3871174814994449e-05,1
2018-08-15,0,,,,,0.0,0.0,0.0,0.0,0
2018-08-16,0,,,,,0.0,0.0,0.0,0.0,0
2018-08-17,0,,,,,0.0,0.0,0.0,0.0,0
2018-08-18,2,0.0,0.0,0.0,2.0,3.654794272733852e-05,3.6520174035104e-05,7.856805314077064e-05,2.7742336897063072e-05,2
2018-08-19,0,,,,,0.0,0.0,0.0,0.0,0
2018-08-20,0,,,,,0.0,0.0,0.0,0.0,0
2018-08-21,0,,,,,0.0,0.0,0.0,0.0,0
2018-08-22,0,,,,,0.0,0.0,0.0,0.0,0
2018-08-23,0,,,,,0.0,0.0,0.0,0.0,0
2018-08-24,0,,,,,0.0,0.0,0.0,0.0,0
2018-08-25,0,,,,,0.0,0.0,0.0,0.0,0
2018-08-26,0,,,,,0.0,0.0,0.0,0.0,0
2018-08-27,2,0.0,2.0,0.0,0.0,1.9885390996932983,4.8531444917898625e-05,7.491588257835247e-05,3.413660488149617e-05,2
2018-08-28,0,,,,,0.0,0.0,0.0,0.0,0
2018-08-29,0,,,,,0.0,0.0,0.0,0.0,0
2018-08-30,1,0.0,0.0,1.0,0.0,0.0013657484669238,1.6639920431771316e-05,2.137071714969352e-05,0.0111567126587033,1
2018-08-31,0,,,,,0.0,0.0,0.0,0.0,0
2018-09-01,1,0.0,1.0,0.0,0.0,0.0050848904065787,1.5914285540929995e-05,1.653369326959364e-05,1.2794847862096503e-05,1
2018-09-02,0,,,,,0.0,0.0,0.0,0.0,0
2018-09-03,5,0.0,5.0,0.0,0.0,3.9973314683884382,0.00013184372801333666,0.00010770284825412091,7.718737469986081e-05,5
2018-09-04,1,0.0,0.0,0.0,1.0,0.0356605164706707,1.6246372979367152e-05,0.9249265789985656,1.2745099411404226e-05,1
2018-09-05,0,,,,,0.0,0.0,0.0,0.0,0
2018-09-06,0,,,,,0.0,0.0,0.0,0.0,0
2018-09-07,2,0.0,0.0,0.0,2.0,3.219954305677675e-05,3.760858453460969e-05,0.0151692659128456,2.708901865844382e-05,2
2018-09-08,5,2.0,3.0,0.0,0.0,0.010224785075479147,8.966371569840703e-05,8.86886082298588e-05,6.889950600452721e-05,4
2018-09-09,0,,,,,0.0,0.0,0.0,0.0,0
2018-09-10,2,0.0,2.0,0.0,0.0,0.0001657359698582919,3.294842645118479e-05,3.189908056810964e-05,2.5981807993957773e-05,1
2018-09-11,2,0.0,2.0,0.0,0.0,0.9946928228473554,4.781956158694811e-05,3.915977322321851e-05,2.8799503525078762e-05,1
2018-09-12,0,,,,,0.0,0.0,0.0,0.0,0
2018-09-13,2,0.0,2.0,0.0,0.0,0.0051031004713876565,3.354937689437065e-05,3.3256548704230227e-05,2.814135132211959e-05,1
2018-09-14,0,,,,,0.0,0.0,0.0,0.0,0
2018-09-15,3,0.0,3.0,0.0,0.0,0.08158223851569335,0.002577223782281992,0.0021521293492696497,4.1248395973525476e-05,2
2018-09-16,0,,,,,0.0,0.0,0.0,0.0,0
2018-09-17,4,1.0,3.0,0.0,0.0,1.0004375283406262,7.807028850947972e-05,0.0020334196251496103,6.12675403317553e-05,4
2018-09-18,1,0.0,1.0,0.0,0.0,0.0004757738206535,1.579475065227598e-05,1.449890714866342e-05,1.275868999073282e-05,0
2018-09-19,0,,,,,0.0,0.0,0.0,0.0,0
2018-09-20,3,1.0,1.0,1.0,0.0,0.9138144097887562,5.776755824626889e-05,5.800827784696594e-05,0.043221511917181425,3
2018-09-21,0,,,,,0.0,0.0,0.0,0.0,0
2018-09-22,1,0.0,0.0,1.0,0.0,0.0014762657228857,1.5628340406692587e-05,2.362667873967439e-05,0.9608510136604308,1
2018-09-23,0,,,,,0.0,0.0,0.0,0.0,0
2018-09-24,6,0.0,4.0,0.0,2.0,2.955496689508436,0.0021732357345171714,1.0950768657748993,0.017566309001267568,5
2018-09-25,4,0.0,3.0,1.0,0.0,0.9428090849778527,6.796886918891687e-05,7.623370856890688e-05,0.011196754500815559,3
2018-09-26,2,0.0,1.0,0.0,1.0,0.9838623698888114,5.407864227890968e-05,0.9656083690933883,2.9921136956545524e-05,1
2018-09-27,6,0.0,3.0,1.0,2.0,2.033516428171424,0.00011838045247714035,0.9158398269228201,0.02587084734841478,6
2018-09-28,4,1.0,1.0,0.0,2.0,0.9983838486041349,0.9346727708743856,0.9753224735613911,5.779972343589179e-05,4
2018-09-29,3,0.0,2.0,1.0,0.0,0.005983374292554645,4.7484323658864014e-05,5.373181193135679e-05,0.045274255359799974,2
2018-09-30,0,,,,,0.0,0.0,0.0,0.0,0
2018-10-01,15,2.0,7.0,1.0,5.0,1.9518888770180638,0.9819134043700615,0.9504930242528643,0.04159861153584628,14
2018-10-02,5,0.0,5.0,0.0,0.0,0.010990745748131026,8.881692519935314e-05,0.0001292285214731237,6.313873109320411e-05,5
2018-10-03,2,1.0,0.0,1.0,0.0,3.570203625713475e-05,3.34351061610505e-05,5.3490872232941904e-05,0.029376386430158087,2
2018-10-04,8,0.0,4.0,2.0,2.0,0.04191467667806132,0.0001331860839854926,1.1497886099596144,0.0024308578986163335,6
2018-10-05,1,1.0,0.0,0.0,0.0,1.890559360617772e-05,2.0548613974824548e-05,2.0103305359953083e-05,1.506712033005897e-05,1
2018-10-06,7,0.0,2.0,3.0,2.0,0.054646016778860815,0.00011536175588844344,0.04125590124567675,0.23705829703249023,7
2018-10-07,0,,,,,0.0,0.0,0.0,0.0,0
2018-10-08,2,1.0,1.0,0.0,0.0,0.0013257326863822248,0.8653502354281954,3.4149987186538056e-05,2.6996048291039187e-05,2
2018-10-09,10,0.0,7.0,3.0,0.0,1.9868959352788802,0.00018165558412874816,0.00020519942518149037,0.05485190136187146,10
2018-10-10,2,0.0,2.0,0.0,0.0,1.97984379529953,4.627025555237197e-05,0.00010037285755970515,3.311946966277901e-05,2
2018-10-11,4,0.0,3.0,0.0,1.0,0.9900396501834619,9.18159003049368e-05,0.9635189043747233,6.545493397425162e-05,3
2018-10-12,4,0.0,4.0,0.0,0.0,3.98537141084671,9.846745342656504e-05,9.117191802943125e-05,6.276661679294193e-05,4
2018-10-13,5,0.0,3.0,0.0,2.0,0.012988464452064226,8.586326839576941e-05,1.8966194713393634,6.41254582660622e-05,4
2018-10-14,0,,,,,0.0,0.0,0.0,0.0,0
2018-10-15,5,0.0,3.0,2.0,0.0,2.9815879086017953,8.966904169938061e-05,0.00016241268713201862,0.050634381554118514,5
2018-10-16,4,0.0,1.0,0.0,3.0,0.00044549498306868516,7.913853914942592e-05,0.037466633544681695,5.466322727443185e-05,4
2018-10-17,0,,,,,0.0,0.0,0.0,0.0,0
2018-10-18,4,0.0,4.0,0.0,0.0,0.0020704461494459973,6.880861201352673e-05,9.564821812091395e-05,5.9288709962856956e-05,2
2018-10-19,5,1.0,3.0,1.0,0.0,1.9929050556129366,0.00010100897816300858,0.00011256423022132368,0.03392875174904469,4
2018-10-20,7,1.0,4.0,1.0,1.0,0.9996706394013014,0.00012731515744235367,0.8526707211804023,0.0012607355847648212,7
2018-10-21,0,,,,,0.0,0.0,0.0,0.0,0
2018-10-22,8,0.0,4.0,3.0,1.0,1.9591552487927397,0.00015770134268677793,0.9126520238605734,0.898428739727933,5
2018-10-23,2,1.0,1.0,0.0,0.0,6.439928620238788e-05,3.5113008379994426e-05,3.384373576409416e-05,2.7794116249424405e-05,2
2018-10-24,1,0.0,1.0,0.0,0.0,0.9868702292442322,2.832647442119196e-05,6.07194597250782e-05,1.4424702385440469e-05,1
2018-10-25,10,1.0,5.0,0.0,4.0,0.02860891504133147,0.00018959357203129912,1.773137237906667,0.00014517290492221946,9
2018-10-26,3,0.0,3.0,0.0,0.0,0.9983339014288503,7.341112814174267e-05,5.674000385624822e-05,4.4327767682261765e-05,3
2018-10-27,3,0.0,3.0,0.0,0.0,0.00011412706044211518,5.3920359277981333e-05,0.00010341815141146071,4.006896688224515e-05,3
2018-10-28,0,,,,,0.0,0.0,0.0,0.0,0
2018-10-29,10,1.0,4.0,4.0,1.0,2.1199695127106675,0.9587162769039422,0.7005295188100717,3.722100156913257,5
2018-10-30,7,0.0,5.0,1.0,1.0,2.8572854532758356,0.00015005655041022692,0.9754737783623567,0.00185949449860342,6
2018-10-31,0,,,,,0.0,0.0,0.0,0.0,0
2018-11-01,0,,,,,0.0,0.0,0.0,0.0,0
2018-11-02,7,0.0,5.0,0.0,2.0,1.0018206721624663,0.00024654591652505353,0.0015960963519318864,0.003466662403297949,7
2018-11-03,8,0.0,6.0,0.0,2.0,0.055921708206369616,0.0001433938723494066,0.9051965511116579,0.00010655834375938866,8
2018-11-04,0,,,,,0.0,0.0,0.0,0.0,0
2018-11-05,3,0.0,3.0,0.0,0.0,2.4700962901115417,8.988020636024885e-05,9.72955058387015e-05,5.0659932639973704e-05,3
2018-11-06,0,,,,,0.0,0.0,0.0,0.0,0
2018-11-07,0,,,,,0.0,0.0,0.0,0.0,0
2018-11-08,7,2.0,5.0,0.0,0.0,0.2484782884221203,0.004162654184256088,0.0019515507065079572,9.743038663145853e-05,5
2018-11-09,1,0.0,1.0,0.0,0.0,0.001501319813542,3.403486334718764e-05,3.824007217190229e-05,2.374193718424067e-05,1
2018-11-10,3,0.0,2.0,0.0,1.0,1.9902202836492509,7.264364285219926e-05,0.00011121634815935977,4.3224690671195276e-05,3
2018-11-11,0,,,,,0.0,0.0,0.0,0.0,0
2018-11-12,3,0.0,2.0,1.0,0.0,0.0002146408605766904,4.8783143938635476e-05,6.562244379892945e-05,0.0024180909958886046,2
2018-11-13,8,3.0,5.0,0.0,0.0,3.9847678911537514,1.8693291022746052,0.0002507933850210975,0.0001180785811811802,8
2018-11-14,2,0.0,2.0,0.0,0.0,1.987498700618744,4.399833414936438e-05,7.741902300040238e-05,3.4082420825143345e-05,2
2018-11-15,6,2.0,3.0,1.0,0.0,0.00034314371259821044,0.00010476592888153391,0.0001779607473508804,0.0012444802623576474,6
2018-11-16,11,2.0,4.0,1.0,4.0,3.0190643096302665,0.9347932199725619,2.7654078460291203,0.017449796709115544,10
2018-11-17,6,0.0,3.0,0.0,3.0,0.05141175414246388,0.00010740626294136746,0.9426525372373361,8.248583526437869e-05,5
2018-11-18,0,,,,,0.0,0.0,0.0,0.0,0
2018-11-19,5,0.0,1.0,3.0,1.0,0.010209437292360108,8.705490108695813e-05,0.9570120033822604,0.015465443148968777,5
2018-11-20,9,1.0,6.0,2.0,0.0,1.9929499195422973,0.9458727994660875,0.00016291379142785445,0.10130266319447394,4
2018-11-21,0,,,,,0.0,0.0,0.0,0.0,0
2018-11-22,6,2.0,3.0,0.0,1.0,0.006675737768091382,1.8854788521157388,0.9753557064923369,7.846340122341644e-05,5
2018-11-23,2,0.0,2.0,0.0,0.0,1.9921834468841553,5.4322861615219153e-05,7.821674626029562e-05,3.705670496856328e-05,2
2018-11-24,2,0.0,1.0,0.0,1.0,0.000756393208575819,3.6902783904224634e-05,0.852494079805183,2.7543664145923685e-05,2
2018-11-25,0,,,,,0.0,0.0,0.0,0.0,0
2018-11-26,4,0.0,1.0,1.0,2.0,0.0049329759312967255,7.090009603416547e-05,0.8565295218722895,0.03191969380350196,3
2018-11-27,4,2.0,0.0,1.0,1.0,0.0029600107081931,0.9772976634776569,0.8525651183917944,0.0013434308284558426,4
2018-11-28,8,0.0,3.0,0.0,5.0,3.8276782514949446,0.0001426022290615947,2.950743483325823,0.00016359390519937733,8
2018-11-29,3,0.0,1.0,1.0,1.0,0.0445180307142436,5.388303361542057e-05,0.9050379810214509,0.011187279023943026,3
2018-11-30,0,,,,,0.0,0.0,0.0,0.0,0
2018-12-01,3,0.0,1.0,1.0,1.0,0.1089157367532606,0.01598609792290509,0.9598015189985744,0.06685213359560294,2
2018-12-02,0,,,,,0.0,0.0,0.0,0.0,0
2018-12-03,2,0.0,0.0,2.0,0.0,0.0007184938585850816,3.186178764735814e-05,7.446436211466789e-05,0.050587122037541,2
2018-12-04,1,0.0,1.0,0.0,0.0,0.0050848904065787,1.5914285540929995e-05,1.653369326959364e-05,1.2794847862096503e-05,1
2018-12-05,2,0.0,2.0,0.0,0.0,1.9720754623413086,4.937785524816718e-05,5.5571628763573244e-05,3.1751911592436954e-05,2
2018-12-06,2,0.0,2.0,0.0,0.0,1.9920125007629392,4.48167120339349e-05,7.567346619907767e-05,3.3205007639480755e-05,2
2018-12-07,6,2.0,4.0,0.0,0.0,2.0319934355320584,0.00014096229278948158,0.0001412155652360525,9.566910648572957e-05,6
2018-12-08,3,0.0,2.0,1.0,0.0,0.9610107345724826,5.588424755842425e-05,0.00012879513815278187,0.0003230295988031909,3
2018-12-09,0,,,,,0.0,0.0,0.0,0.0,0
2018-12-10,9,1.0,4.0,1.0,3.0,1.1616508306778994,0.9587208488264877,2.7811247679946973,0.0004119881714358594,9
2018-12-11,6,0.0,2.0,0.0,4.0,1.2469048706443573,0.002373113258727149,2.007902980163635,8.352537861355813e-05,6
2018-12-12,11,0.0,10.0,0.0,1.0,9.02218467171042,0.00022899519899510778,0.9051908453620855,0.005140358407515937,11
2018-12-13,7,0.0,5.0,0.0,2.0,3.228552155342186,0.00014621586888097227,1.757602704821693,0.00010768314859888051,7
2018-12-14,2,0.0,1.0,0.0,1.0,0.3941152147435787,3.496298995742109e-05,0.00029799318144791516,3.242527600377798e-05,2
2018-12-15,14,0.0,14.0,0.0,0.0,11.839101416910125,0.0003062394116568612,0.0013775879160674812,0.00022820922822575085,13
2018-12-16,0,,,,,0.0,0.0,0.0,0.0,0
2018-12-17,4,0.0,2.0,1.0,1.0,1.945706840375351,7.234497206809465e-05,0.004206069117572034,0.001194071452118748,4
2018-12-18,1,0.0,1.0,0.0,0.0,0.9961458444595336,2.2305059246718884e-05,2.2577074560103935e-05,1.570636231917888e-05,1
2018-12-19,0,,,,,0.0,0.0,0.0,0.0,0
2018-12-20,16,1.0,9.0,1.0,5.0,1.2030427426470847,0.0005048989714850333,1.8307335279532706,0.04193908499109953,16
2018-12-21,2,0.0,1.0,0.0,1.0,0.04147516405646451,4.059951243107207e-05,0.9050178912057164,2.7429420697444584e-05,2
2018-12-22,2,0.0,2.0,0.0,0.0,5.6808894441928715e-05,3.320715404697694e-05,3.602515971579123e-05,2.635356486280216e-05,1
2018-12-23,0,,,,,0.0,0.0,0.0,0.0,0
2018-12-24,5,1.0,1.0,2.0,1.0,0.0050053715422108645,8.862280628818553e-05,0.00014668649600935169,0.05103285758286797,5
2018-12-25,0,,,,,0.0,0.0,0.0,0.0,0
2018-12-26,9,0.0,6.0,1.0,2.0,0.9994597745826466,0.0002778130392470534,0.9529931239485449,0.0012810277412426292,3
2018-12-27,10,0.0,9.0,0.0,1.0,4.08277514911606,0.00021232038488960825,0.5607436427762877,0.00015898033689154545,9
2018-12-28,3,0.0,3.0,0.0,0.0,2.9479987025260925,0.06580585244228128,0.0066348696127532004,5.043435976403998e-05,3
2018-12-29,5,1.0,4.0,0.0,0.0,1.9930704276375766,8.461426205030875e-05,0.00016491403130203253,7.001377798587782e-05,4
2018-12-30,0,,,,,0.0,0.0,0.0,0.0,0
2018-12-31,1,0.0,1.0,0.0,0.0,0.0050848904065787,1.5914285540929995e-05,1.653369326959364e-05,1.2794847862096503e-05,1
2019-01-01,0,,,,,0.0,0.0,0.0,0.0,0
2019-01-02,1,0.0,1.0,0.0,0.0,0.0001202090206788,1.4490427929558791e-05,1.4309917787613813e-05,1.2263858479855116e-05,1
2019-01-03,0,,,,,0.0,0.0,0.0,0.0,0
2019-01-04,5,0.0,5.0,0.0,0.0,3.241962371394038,0.00011528798677318264,0.0065776612518674464,8.096894271147903e-05,5
2019-01-05,0,,,,,0.0,0.0,0.0,0.0,0
2019-01-06,0,,,,,0.0,0.0,0.0,0.0,0
2019-01-07,1,0.0,0.0,0.0,1.0,0.002317005302757,1.8073404135066085e-05,0.9597659707069396,1.245539078809088e-05,1
2019-01-08,4,0.0,3.0,0.0,1.0,2.996790195815265,9.631780631025322e-05,0.8592588597275608,6.490660052804742e-05,4
2019-01-09,0,,,,,0.0,0.0,0.0,0.0,0
2019-01-10,0,,,,,0.0,0.0,0.0,0.0,0
2019-01-11,2,1.0,1.0,0.0,0.0,0.00011239174637012184,3.527686021698173e-05,3.891668711730745e-05,2.8398450012900867e-05,2
2019-01-12,2,0.0,2.0,0.0,0.0,0.8642833557678387,3.6765040931641124e-05,3.59365503754816e-05,3.041672880499391e-05,2
2019-01-13,0,,,,,0.0,0.0,0.0,0.0,0
2019-01-14,4,1.0,2.0,1.0,0.0,0.0002967388099932174,6.998838762228843e-05,8.528151556674857e-05,0.0007476351665899862,3
2019-01-15,7,0.0,4.0,2.0,1.0,0.0026856204076463534,0.00012750007590511814,0.00419401424915115,0.022429958558859566,5
2019-01-16,0,,,,,0.0,0.0,0.0,0.0,0
2019-01-17,2,0.0,0.0,1.0,1.0,0.00013427047088043764,2.969640900118975e-05,9.638546544010751e-05,0.0003178458619003318,2
2019-01-18,1,1.0,0.0,0.0,0.0,0.0017403149977326,0.9346042275428772,1.849824548116885e-05,1.2216949471621774e-05,1
2019-01-19,1,0.0,1.0,0.0,0.0,0.0002656926517374,1.889988016046118e-05,0.0001246155006811,1.2828373655793255e-05,1
2019-01-20,0,,,,,0.0,0.0,0.0,0.0,0
2019-01-21,11,2.0,3.0,1.0,5.0,0.09102740722482819,0.0002037134690908715,4.594598981064337,0.0004262521279087298,11
2019-01-22,6,2.0,3.0,0.0,1.0,0.9564049623058963,0.9451661933599098,0.0034812360772775116,8.560847163607832e-05,6
2019-01-23,0,,,,,0.0,0.0,0.0,0.0,0
2019-01-24,3,0.0,2.0,1.0,0.0,0.9272752537872292,6.99319443810964e-05,9.851311551756226e-05,0.9521498746116778,1
2019-01-25,4,0.0,4.0,0.0,0.0,3.201097011566162,9.174491788144223e-05,0.009959434741176582,6.284097162279068e-05,4
2019-01-26,0,,,,,0.0,0.0,0.0,0.0,0
2019-01-27,0,,,,,0.0,0.0,0.0,0.0,0
2019-01-28,14,2.0,7.0,3.0,2.0,5.4267938593384315,0.9348524281122081,0.9654279155929542,0.058079409048332135,12
2019-01-29,8,2.0,3.0,1.0,2.0,0.03309280652501905,0.00023439479627995752,1.8914684933524768,0.00010932879649772076,7
2019-01-30,0,,,,,0.0,0.0,0.0,0.0,0
2019-01-31,2,0.0,1.0,0.0,1.0,0.0021813069397466378,4.667416578740813e-05,0.24457714124218907,3.534745246724924e-05,2
2019-02-01,7,0.0,4.0,1.0,2.0,2.991439492030622,0.01887010065274801,0.9414840912177167,0.011244700413044456,5
2019-02-02,2,0.0,0.0,0.0,2.0,0.0007578593722427379,3.519891652103979e-05,1.0970205217599869,2.6309531676815823e-05,2
2019-02-03,0,,,,,0.0,0.0,0.0,0.0,0
2019-02-04,4,0.0,3.0,1.0,0.0,1.0052836496033704,0.00026827524288811154,0.0011844061773444567,0.004032111130072708,3
2019-02-05,5,1.0,3.0,1.0,0.0,1.9630112549966725,0.00010048197964351857,9.922374920279253e-05,0.04438297610613514,5
2019-02-06,1,1.0,0.0,0.0,0.0,2.313354161742609e-05,0.0462011098861694,0.0008337825420312,1.3758689419773871e-05,1
2019-02-07,7,0.0,7.0,0.0,0.0,3.022725142291165,0.00014587185796699487,0.000146337210026104,0.00010140113317902433,7
2019-02-08,10,1.0,7.0,1.0,1.0,5.909481403650716,0.0005081386370874644,0.0006457185245380445,0.02081205861031775,10
2019-02-09,0,,,,,0.0,0.0,0.0,0.0,0
2019-02-10,0,,,,,0.0,0.0,0.0,0.0,0
2019-02-11,14,0.0,6.0,3.0,5.0,4.962523523096024,0.0047128772239374665,1.5960066057923536,0.03362297918556572,14
2019-02-12,10,0.0,8.0,0.0,2.0,2.933247787088476,0.000184009611075453,0.8739919119079784,0.0001402216530550504,10
2019-02-13,0,,,,,0.0,0.0,0.0,0.0,0
2019-02-14,14,6.0,3.0,2.0,3.0,0.08048482960475643,3.649413612765784,0.9376373925597362,0.06485720879754804,9
2019-02-15,5,0.0,5.0,0.0,0.0,1.9675056357773428,8.458299998892471e-05,0.00010339686559746042,6.693183695460903e-05,4
2019-02-16,2,1.0,0.0,1.0,0.0,0.0054140414576977006,0.9269558099040296,4.353299118520226e-05,0.031372543689030814,0
2019-02-17,0,,,,,0.0,0.0,0.0,0.0,0
2019-02-18,2,0.0,2.0,0.0,0.0,0.1463578645889356,3.997479598183418e-05,3.986438150604954e-05,3.0935652830521576e-05,2
2019-02-19,4,2.0,0.0,0.0,2.0,0.005504942908373737,0.95861319267442,0.9448048387275776,0.0005665897242578597,4
2019-02-20,3,1.0,1.0,1.0,0.0,0.1494236205471677,0.9346465163398535,6.599282642127946e-05,0.011187131731276162,3
2019-02-21,7,1.0,4.0,1.0,1.0,2.019414812002651,0.9478423340333393,0.9107025451939988,0.0007885156483098117,7
2019-02-22,4,0.0,3.0,0.0,1.0,0.0009069620737135964,7.131156235118397e-05,0.9517982479401326,5.4177460697246715e-05,2
2019-02-23,1,1.0,0.0,0.0,0.0,1.890559360617772e-05,2.0548613974824548e-05,2.0103305359953083e-05,1.506712033005897e-05,1
2019-02-24,0,,,,,0.0,0.0,0.0,0.0,0
2019-02-25,11,1.0,8.0,0.0,2.0,4.04458591884395,0.00027042949750466505,1.2081783548846943,0.00015692041051806882,11
2019-02-26,3,1.0,1.0,0.0,1.0,0.004168841742284525,6.829536869190633e-05,0.9752595947447843,4.3683186049747746e-05,2
2019-02-27,4,1.0,2.0,0.0,1.0,0.9986959152847704,0.00013021371341892518,0.2445845593410922,5.796433106297627e-05,4
2019-02-28,9,1.0,6.0,0.0,2.0,3.948075870415778,0.038067975543526575,0.9578064563247609,0.0029520040216083824,8
2019-03-01,2,0.0,1.0,0.0,1.0,0.0024907699207687185,3.903587821696419e-05,0.9431165247779063,2.6974438696925063e-05,1
2019-03-02,7,0.0,4.0,0.0,3.0,2.0017378959601047,0.0001369916562907747,1.8341091024376508,9.997545294027077e-05,7
2019-03-03,0,,,,,0.0,0.0,0.0,0.0,0
2019-03-04,11,0.0,4.0,1.0,6.0,0.07828892082034117,0.00021368451871239813,5.605267485181685,0.04567183681956517,11
2019-03-05,3,0.0,1.0,1.0,1.0,0.008641012833322635,4.869340409641154e-05,0.9280597333035985,0.004014440633909514,3
2019-03-06,8,1.0,5.0,1.0,1.0,3.0030974182864156,0.00020293128636694746,0.9500093676251709,0.019092916543740908,8
2019-03-07,2,0.0,2.0,0.0,0.0,1.0049812691286206,4.320395601098425e-05,3.8559106542379595e-05,2.9347648705879692e-05,2
2019-03-08,14,0.0,10.0,0.0,4.0,2.7263792214471323,0.0023159614102041095,1.006949615927624,0.00020703961945400806,14
2019-03-09,1,0.0,1.0,0.0,0.0,7.876803283579648e-05,1.548763975733891e-05,1.5769683159305714e-05,1.2458320270525292e-05,1
2019-03-10,0,,,,,0.0,0.0,0.0,0.0,0
2019-03-11,5,1.0,3.0,1.0,0.0,2.9837441713898443,0.9346954542124877,0.007027356949038087,0.04530532903027048,5
2019-03-12,7,1.0,5.0,0.0,1.0,0.0003070514867431484,0.00011935195561818546,0.24463176648805524,9.310684436059091e-05,7
2019-03-13,6,0.0,5.0,0.0,1.0,1.0110207922407424,0.00011243931476201396,0.8592402284430136,0.004001032735686737,5
2019-03-14,6,1.0,4.0,0.0,1.0,2.8513446509241476,0.9347161441473872,0.8592437428960693,8.447476011497201e-05,5
2019-03-15,18,0.0,18.0,0.0,0.0,13.35438980744948,0.0007430793139064917,0.011071139362684189,0.0002993853977386607,18
2019-03-16,2,0.0,1.0,0.0,1.0,0.04828839741094262,3.977561937063001e-05,0.2445758256653789,2.8211418793944176e-05,2
2019-03-17,0,,,,,0.0,0.0,0.0,0.0,0
2019-03-18,11,2.0,4.0,3.0,2.0,2.087981854146164,0.0003267054225943866,0.0019270774228060715,1.8753756393998628,8
2019-03-19,11,1.0,7.0,1.0,2.0,5.104037572000379,0.00026675832486944273,0.24905861617662578,0.9305790515300032,9
2019-03-20,3,1.0,0.0,1.0,1.0,0.003579781452572148,0.019390336207834456,0.00296827196325464,0.015159397590650766,0
2019-03-21,6,0.0,4.0,0.0,2.0,0.005338926275726331,8.98564812814584e-05,0.04162044152781157,7.544182335550431e-05,6
2019-03-22,7,0.0,6.0,1.0,0.0,5.928298933256883,0.00013136495181242935,0.01811502342752626,0.045341677320720884,7
2019-03-23,0,,,,,0.0,0.0,0.0,0.0,0
2019-03-24,0,,,,,0.0,0.0,0.0,0.0,0
2019-03-25,11,0.0,10.0,0.0,1.0,8.004519760004769,0.00020640697948692832,0.9268643543327925,0.0001494472608101205,9
2019-03-26,8,1.0,4.0,0.0,3.0,1.9971433809914738,0.9586850099603906,0.02402485650782151,0.000106733189568331,8
2019-03-27,4,0.0,3.0,1.0,0.0,1.9869181676767766,7.65064287406858e-05,0.007012358581050492,0.02752772758958599,2
2019-03-28,6,1.0,4.0,0.0,1.0,3.9606170570641552,0.00010721784565248527,0.010777000494272063,8.779093150224071e-05,6
2019-03-29,17,0.0,17.0,0.0,0.0,12.416709950513905,0.000561334336453001,0.004851111976677125,0.0002765765711956192,17
2019-03-30,2,0.0,2.0,0.0,0.0,0.00014335900050348383,3.285431375843473e-05,3.6013705539517105e-05,2.741261778282933e-05,2
2019-03-31,0,,,,,0.0,0.0,0.0,0.0,0
2019-04-01,3,0.0,1.0,1.0,1.0,0.0049732164043233,6.60437344777165e-05,0.8525280358680902,0.031388457765387935,1
2019-04-02,5,0.0,4.0,1.0,0.0,1.9742929870044463,8.915161924960557e-05,0.00013990478691994213,0.050337360316007086,5
2019-04-03,10,1.0,4.0,2.0,3.0,0.9969239505289804,0.00016774219875514973,2.048829554846634,0.0008261797365775469,9
2019-04-04,13,1.0,7.0,3.0,2.0,1.5167740736669655,0.01643852692541243,0.9772421097522963,1.0876299092078625,7
2019-04-05,9,0.0,7.0,0.0,2.0,5.6354455119071645,0.00019598518883867655,0.976866329918266,0.00012877731478511123,9
2019-04-06,15,0.0,11.0,0.0,4.0,7.360754548320983,0.00041676392720546573,0.019212293049349266,0.00023309575590246823,14
2019-04-07,0,,,,,0.0,0.0,0.0,0.0,0
2019-04-08,8,1.0,4.0,1.0,2.0,2.0640876831457717,0.00019271122437203303,0.0002525749059714144,0.05039192053664008,7
2019-04-09,17,0.0,11.0,1.0,5.0,5.852817675393452,0.00030998543843452353,3.7896632858519292,0.0012913809696327874,17
2019-04-10,13,0.0,10.0,1.0,2.0,7.343163664882013,0.007358487017881936,1.1617758943466467,0.001340987967523652,13
2019-04-11,7,0.0,7.0,0.0,0.0,4.882157665804698,0.00016711186162865488,0.006569770334863217,0.00011091226951975841,7
2019-04-12,4,0.0,3.0,0.0,1.0,1.7708449478450345,0.00012354041064099874,0.004016235912786144,6.621874217671575e-05,4
2019-04-13,3,0.0,1.0,0.0,2.0,0.385976832909364,7.529098365921527e-05,0.02144637921446689,4.684839404944796e-05,3
2019-04-14,0,,,,,0.0,0.0,0.0,0.0,0
2019-04-15,14,1.0,10.0,0.0,3.0,6.094917509559308,0.9508257540910562,0.025504069011730898,0.0002467818148943479,14
2019-04-16,7,0.0,5.0,1.0,1.0,3.6891856352067407,0.0001408228699801839,0.0009892875059449174,0.0060486321917777326,7
2019-04-17,9,0.0,3.0,4.0,2.0,2.126981092580536,0.00016032951862143818,0.004235603858432951,0.2637022330736725,9
2019-04-18,1,0.0,1.0,0.0,0.0,0.996420681476593,1.8366594304097816e-05,0.0055830613709986,1.3472838872985449e-05,1
2019-04-19,0,,,,,0.0,0.0,0.0,0.0,0
2019-04-20,5,0.0,4.0,0.0,1.0,2.3942745344538707,0.00011616041410889011,0.015716372814494978,7.608380565216066e-05,5
2019-04-21,0,,,,,0.0,0.0,0.0,0.0,0
2019-04-22,2,0.0,2.0,0.0,0.0,1.9911807179450989,7.03639307175763e-05,0.002438824199998616,3.739065141417086e-05,2
2019-04-23,10,0.0,4.0,1.0,5.0,1.0443454249980275,0.01805534266713936,0.09729792273537873,0.9386994172555206,3
2019-04-24,2,0.0,1.0,0.0,1.0,7.728043237875681e-05,3.2754161111370195e-05,5.2816897550655995e-05,2.6253416763211135e-05,2
2019-04-25,4,0.0,1.0,1.0,2.0,0.005296960332998173,6.854622552054934e-05,0.1881977718876441,0.045288366405657136,4
2019-04-26,19,2.0,3.0,3.0,11.0,0.6923819800440469,0.0004900283420283813,3.5773947497791596,1.8231580525771278,1
2019-04-27,1,0.0,1.0,0.0,0.0,1.7991977074416354e-05,1.76732282852754e-05,1.744033579598181e-05,1.3306718756211922e-05,1
2019-04-28,0,,,,,0.0,0.0,0.0,0.0,0
2019-04-29,2,0.0,1.0,0.0,1.0,0.009603784339560644,3.5052838939009234e-05,0.8591639765309083,2.578533621999668e-05,1
2019-04-30,12,1.0,8.0,0.0,3.0,6.978919562521696,0.0003646430104708907,0.03149671386199746,0.00019086181328020757,11
2019-05-01,0,,,,,0.0,0.0,0.0,0.0,0
2019-05-02,0,,,,,0.0,0.0,0.0,0.0,0
2019-05-03,4,2.0,1.0,0.0,1.0,1.0030744032701473,0.9415804102591209,0.016759733984144848,5.4936203014221974e-05,3
2019-05-04,3,1.0,0.0,2.0,0.0,0.0005834648691232777,5.13404647790594e-05,5.461870750878006e-05,0.04815837573005406,2
2019-05-05,0,,,,,0.0,0.0,0.0,0.0,0
2019-05-06,1,0.0,0.0,0.0,1.0,4.502516458160244e-05,1.5467876437469386e-05,0.004008418880403,0.0005333331064321,1
2019-05-07,5,1.0,1.0,1.0,2.0,0.011225111918974889,0.00011150347654620418,1.0109748249633412,0.03141359999153787,4
2019-05-08,5,2.0,1.0,0.0,2.0,0.9606282629829366,0.00010189540262217633,0.4891522741090738,7.306202314794064e-05,5
2019-05-09,7,0.0,5.0,1.0,1.0,2.0176454071042826,0.00017229227069037734,0.24467307856684778,0.004084663279172668,7
2019-05-10,6,0.0,4.0,2.0,0.0,1.9939439629069966,0.00012666011207329575,0.004458691031686604,0.8338710958669253,2
2019-05-11,4,1.0,2.0,0.0,1.0,1.9932700120843947,0.934672032317394,0.9598499329640616,0.0015693702889620252,4
2019-05-12,0,,,,,0.0,0.0,0.0,0.0,0
2019-05-13,3,0.0,1.0,1.0,1.0,8.636413986096159e-05,5.153419260750525e-05,9.520650019112509e-05,0.0003206593610229217,3
2019-05-14,9,1.0,4.0,2.0,2.0,2.0404725352054807,0.9704084406603214,0.8666324936275486,0.022043274243514835,9
2019-05-15,1,0.0,1.0,0.0,0.0,0.9969541430473328,0.0214787721633911,0.0005477736704051,1.4496217772830278e-05,1
2019-05-16,9,0.0,8.0,1.0,0.0,0.0038199000191521688,0.0001812485079426551,0.00018600379917188548,0.05038889642128195,4
2019-05-17,16,0.0,14.0,1.0,1.0,10.433173672616249,0.0004903739736619173,0.04168346177903,0.0009449536801184301,16
2019-05-18,4,0.0,3.0,0.0,1.0,0.9989737542236979,7.553212708444335e-05,0.24460652357629437,5.327779126673704e-05,4
2019-05-19,0,,,,,0.0,0.0,0.0,0.0,0
2019-05-20,8,1.0,4.0,0.0,3.0,2.064569163332635,0.0002038620550592896,0.005014677353756158,0.00012037102624162799,8
2019-05-21,6,2.0,3.0,1.0,0.0,1.0291950942919355,0.9347281412337907,0.00012683267232205253,0.011227225008951763,5
2019-05-22,5,0.0,4.0,0.0,1.0,3.9876729599454848,0.00015095861272129696,0.00016276096721412614,8.006923326320248e-05,5
2019-05-23,11,0.0,9.0,0.0,2.0,6.391901504863199,0.00020872264940408058,0.8636115788722235,0.00015983881166903302,10
2019-05-24,7,0.0,5.0,1.0,1.0,2.0033345714855386,0.0007076262409100228,0.9640640840425475,0.011348979586727995,6
2019-05-25,9,0.0,7.0,0.0,2.0,6.5944552498658595,0.0002597048096504295,0.938429611358515,0.00015882807838352164,9
2019-05-26,0,,,,,0.0,0.0,0.0,0.0,0
2019-05-27,7,0.0,4.0,1.0,2.0,0.9971392619954713,0.00012003022311546374,0.2528969631457583,0.021259879716126272,6
2019-05-28,4,1.0,2.0,0.0,1.0,1.018654678528037,0.8975813616816595,0.9114985555315798,5.468116887641372e-05,2
2019-05-29,4,0.0,4.0,0.0,0.0,2.005263814728096,0.0002361215883865725,0.002571989647549343,6.146130272099981e-05,3
2019-05-30,7,1.0,2.0,3.0,1.0,0.005817233051857163,0.934705051086894,0.9599424716907378,0.7017164555800263,6
2019-05-31,8,0.0,5.0,0.0,3.0,4.1423508123116335,0.0002024077011810732,0.9639549842577251,0.0006441917666961535,8
2019-06-01,1,0.0,1.0,0.0,0.0,2.6608666303218342e-05,1.6079995475593023e-05,1.4761052625544837e-05,1.3932737601862756e-05,0
2019-06-02,0,,,,,0.0,0.0,0.0,0.0,0
2019-06-03,10,2.0,1.0,5.0,2.0,0.11159249310912836,0.9506993905106355,0.4892674541370069,0.07285575766945826,9
2019-06-04,3,1.0,0.0,2.0,0.0,0.0032491099555044,0.9346363892727823,0.0001247483742190525,0.9802116657256192,2
2019-06-05,4,0.0,2.0,1.0,1.0,0.0003847691550617658,6.378388115990674e-05,0.2446706598193486,0.0012140941407778522,4
2019-06-06,3,1.0,1.0,0.0,1.0,0.2848736071482562,6.566717638634145e-05,0.9598169520977534,4.333798187872162e-05,3
2019-06-07,4,0.0,2.0,1.0,1.0,0.9743062032175658,7.732849735475611e-05,0.24462434788074455,0.011216173702450732,4
2019-06-08,5,1.0,2.0,1.0,1.0,0.0005838176166434261,0.00011593195267778356,0.006916988770171764,0.020720231096674965,2
2019-06-09,0,,,,,0.0,0.0,0.0,0.0,0
2019-06-10,1,0.0,0.0,1.0,0.0,9.431284706806764e-05,1.5530265955021605e-05,4.158563388045877e-05,0.0003034404071513,1
2019-06-11,4,0.0,2.0,1.0,1.0,0.013641309793456244,7.058463415887672e-05,0.008977881911050565,0.08620601089478434,3
2019-06-12,3,0.0,3.0,0.0,0.0,1.9875471456471132,6.165607555885799e-05,0.002320018381396859,4.469523446459789e-05,3
2019-06-13,3,2.0,1.0,0.0,0.0,0.0030521593744197075,0.9585899662224618,5.571988094743574e-05,3.939576163247693e-05,3
2019-06-14,0,,,,,0.0,0.0,0.0,0.0,0
2019-06-15,4,0.0,4.0,0.0,0.0,1.2090620231901992,0.00012978108952665934,0.002915018470048293,6.412975199054927e-05,4
2019-06-16,0,,,,,0.0,0.0,0.0,0.0,0
2019-06-17,4,2.0,1.0,1.0,0.0,0.981011745856449,0.9346759764976014,8.03686762083089e-05,0.011206207922441442,4
2019-06-18,2,0.0,2.0,0.0,0.0,0.005131108791829241,3.083024057559669e-05,5.124965900904499e-05,2.5997152079071384e-05,2
2019-06-19,3,0.0,2.0,0.0,1.0,0.31401175066275755,6.366793786583003e-05,0.9132269143537995,4.196543977741385e-05,2
2019-06-20,7,1.0,4.0,0.0,2.0,2.9212744957640098,0.00016198909270315198,0.0019645338834379193,0.00012251362932147458,6
2019-06-21,4,0.0,4.0,0.0,0.0,2.9653268427609873,0.00010052679135696962,0.00012081912973371797,7.442776222887915e-05,4
2019-06-22,1,0.0,0.0,0.0,1.0,0.0413849279284477,1.8129576346836984e-05,0.9049955606460572,1.2735440577671396e-05,1
2019-06-23,0,,,,,0.0,0.0,0.0,0.0,0
2019-06-24,1,0.0,1.0,0.0,0.0,1.7126942111644894e-05,1.6737896658014506e-05,1.5414576409966685e-05,1.3175583262636792e-05,0
2019-06-25,2,1.0,0.0,0.0,1.0,0.9355449201539158,0.979313472384092,0.9742578549894461,2.797743582050316e-05,2
2019-06-26,7,2.0,3.0,0.0,2.0,0.5481015997938812,0.0001526480136817554,0.614305088236506,0.00011394483863114147,6
2019-06-27,7,2.0,1.0,2.0,2.0,0.03385921494736947,0.00013051856331003364,1.2064414860142276,0.022383351748430858,7
2019-06-28,3,1.0,2.0,0.0,0.0,0.9989259006124486,7.626594378962182e-05,5.5646694818278775e-05,4.7819408791838214e-05,2
2019-06-29,2,0.0,1.0,0.0,1.0,0.0263806544244288,3.433259371377062e-05,0.909942366368341,2.5461368750256952e-05,2
2019-06-30,0,,,,,0.0,0.0,0.0,0.0,0
2019-07-01,4,0.0,3.0,0.0,1.0,1.9905417328864132,8.392627205466852e-05,0.24461301981136782,5.9041350141342264e-05,4
2019-07-02,4,0.0,2.0,2.0,0.0,0.0006918567669343664,6.0642963035206776e-05,6.774349276383873e-05,0.04816861230847276,3
2019-07-03,0,,,,,0.0,0.0,0.0,0.0,0
2019-07-04,5,0.0,4.0,0.0,1.0,1.6443871344599754,0.00013345427214517258,0.03678865808433328,7.798679052939406e-05,5
2019-07-05,4,0.0,2.0,0.0,2.0,1.9684303164576702,8.899977001419757e-05,0.9874972731413434,7.598059255542466e-05,4
2019-07-06,2,0.0,1.0,0.0,1.0,5.555146708502434e-05,3.709452721523121e-05,5.7843764807330444e-05,2.8639739866775926e-05,1
2019-07-07,0,,,,,0.0,0.0,0.0,0.0,0
2019-07-08,5,1.0,3.0,1.0,0.0,0.0007358673810812817,8.654131943330867e-05,0.00010790544729388785,0.0503384736666703,4
2019-07-09,5,0.0,3.0,0.0,2.0,0.9646840027417056,0.00010944869336526608,1.1545139269828724,7.660081246285699e-05,5
2019-07-10,5,0.0,3.0,0.0,2.0,0.00027962006424786523,7.941586318338523e-05,0.00455745797989939,0.000584324310693738,5
2019-07-11,4,1.0,1.0,1.0,1.0,0.0027940653162658743,6.965474130993243e-05,0.9598187634819623,0.027523470177584382,3
2019-07-12,8,0.0,8.0,0.0,0.0,3.2173400446336013,0.0001912888346851105,0.00016541369950573426,0.020678364540799445,8
2019-07-13,1,0.0,1.0,0.0,0.0,0.8473666906356812,5.2092211262788624e-05,2.7159947421750985e-05,2.11826445593033e-05,1
2019-07-14,0,,,,,0.0,0.0,0.0,0.0,0
2019-07-15,5,0.0,3.0,0.0,2.0,1.1222948148861176,0.02579389777383761,1.8688446826545257,6.767127069906564e-05,4
2019-07-16,1,0.0,1.0,0.0,0.0,8.60744112287648e-05,1.6225794752244838e-05,1.847449857450556e-05,1.2679229257628322e-05,1
2019-07-17,5,0.0,3.0,1.0,1.0,1.4265211601014016,0.01774929225211953,0.00016389236589020584,0.011502168044898965,4
2019-07-18,2,1.0,1.0,0.0,0.0,0.0029936896244180246,0.9585727343219332,4.004116271971725e-05,2.5469738829997368e-05,2
2019-07-19,5,0.0,5.0,0.0,0.0,3.011736983724404,0.00017876838137453888,0.00011597310185607057,8.634368714410812e-05,5
2019-07-20,1,0.0,1.0,0.0,0.0,0.9991267323493958,2.0067993318662047e-05,2.5018094675033357e-05,2.275528095196933e-05,1
2019-07-21,0,,,,,0.0,0.0,0.0,0.0,0
2019-07-22,7,1.0,1.0,1.0,4.0,0.003550830233507359,0.9586512107407542,0.25794691187911656,0.02762983998400156,6
2019-07-23,9,0.0,7.0,1.0,1.0,5.95794718695106,0.00024759660300333053,0.9911682654510511,0.04537543264996199,9
2019-07-24,6,1.0,3.0,1.0,1.0,1.9251550913359095,0.9586668169904441,0.004221531309667618,0.0012285241609787923,6
2019-07-25,3,1.0,2.0,0.0,0.0,0.00011329945118632168,5.028044233768014e-05,6.140405821497552e-05,3.963835297327023e-05,3
2019-07-26,13,2.0,6.0,1.0,4.0,0.06300322952483804,0.9729296966188484,2.776653286747205,0.019472767529805368,13
2019-07-27,2,0.0,1.0,0.0,1.0,0.0308671765960752,5.3194611609796993e-05,0.9980474488493201,2.7055656573793385e-05,2
2019-07-28,0,,,,,0.0,0.0,0.0,0.0,0
2019-07-29,3,1.0,1.0,1.0,0.0,0.9927655994324595,7.433568134729285e-05,6.755363028787542e-05,0.045279401387233485,3
2019-07-30,2,0.0,2.0,0.0,0.0,0.0003467093047219829,2.8424622541933786e-05,2.784711068670731e-05,2.4685137759661302e-05,1
2019-07-31,1,0.0,1.0,0.0,0.0,0.999420166015625,2.128826417902019e-05,1.848238389356993e-05,1.9340524886501956e-05,1
2019-08-01,9,1.0,8.0,0.0,0.0,4.054304678058543,0.945284398521835,0.00017956980445887893,0.0001489252445026068,9
2019-08-02,5,1.0,4.0,0.0,0.0,1.954518004104102,0.000473939075163722,0.00010405509055999573,8.93982241905178e-05,4
2019-08-03,7,0.0,5.0,2.0,0.0,2.9855690222175326,0.0001917175504786428,0.00020257029791537207,0.05648698847107874,7
2019-08-04,0,,,,,0.0,0.0,0.0,0.0,0
2019-08-05,6,0.0,5.0,0.0,1.0,3.9325074738953845,0.00037218686702539125,0.24468547037577076,9.547797344566789e-05,6
2019-08-06,2,0.0,2.0,0.0,0.0,0.0006958847006898738,4.1172462260874454e-05,3.628128251875751e-05,2.7722339837055188e-05,2
2019-08-07,4,0.0,3.0,1.0,0.0,1.9973140540969325,0.0001143357039836701,0.00016956362196651753,0.0012201631325296698,4
2019-08-08,6,0.0,6.0,0.0,0.0,4.893624996766448,0.00016854161185619887,0.00020035258421557955,0.00010352558911108645,6
2019-08-09,3,0.0,3.0,0.0,0.0,1.982121754612308,6.539827882079408e-05,0.004293036481612867,4.3332397581252735e-05,3
2019-08-10,4,0.0,0.0,1.0,3.0,0.00010553568245086353,7.06352539054933e-05,1.9777369222429115,0.9508606082426923,4
2019-08-11,0,,,,,0.0,0.0,0.0,0.0,0
2019-08-12,11,2.0,1.0,0.0,8.0,0.04857432903645531,0.0002349240967305377,4.492232152600991,0.00017784379906515824,9
2019-08-13,1,0.0,1.0,0.0,0.0,5.900644464418292e-05,1.4494083188765217e-05,1.353296192974085e-05,1.2382241948216688e-05,1
2019-08-14,9,1.0,2.0,3.0,3.0,0.01806460331590633,0.005948997951236332,1.8022142764384625,0.06618642337707553,0
2019-08-15,0,,,,,0.0,0.0,0.0,0.0,0
2019-08-16,1,0.0,0.0,1.0,0.0,9.431284706806764e-05,1.5530265955021605e-05,4.158563388045877e-05,0.0003034404071513,1
2019-08-17,0,,,,,0.0,0.0,0.0,0.0,0
2019-08-18,0,,,,,0.0,0.0,0.0,0.0,0
2019-08-19,0,,,,,0.0,0.0,0.0,0.0,0
2019-08-20,0,,,,,0.0,0.0,0.0,0.0,0
2019-08-21,2,0.0,1.0,0.0,1.0,0.001716708189633112,4.223065116093494e-05,0.0021064696193206,2.7517485250427853e-05,2
2019-08-22,1,0.0,1.0,0.0,0.0,0.902827799320221,1.8351081962464377e-05,1.6779689758550376e-05,1.2634448466997128e-05,1
2019-08-23,0,,,,,0.0,0.0,0.0,0.0,0
2019-08-24,0,,,,,0.0,0.0,0.0,0.0,0
2019-08-25,0,,,,,0.0,0.0,0.0,0.0,0
2019-08-26,5,0.0,5.0,0.0,0.0,3.96932302431378,0.00011553313197509851,0.00018207212997367606,8.085594890872017e-05,5
2019-08-27,0,,,,,0.0,0.0,0.0,0.0,0
2019-08-28,0,,,,,0.0,0.0,0.0,0.0,0
2019-08-29,0,,,,,0.0,0.0,0.0,0.0,0
2019-08-30,2,0.0,2.0,0.0,0.0,1.9906092882156372,0.00011022576290997677,4.3459696826175787e-05,0.0152556658722459,2
2019-08-31,0,,,,,0.0,0.0,0.0,0.0,0
2019-09-01,0,,,,,0.0,0.0,0.0,0.0,0
2019-09-02,1,0.0,0.0,0.0,1.0,1.7209231373271905e-05,1.4153776646708138e-05,0.001935445703566,1.2925966984767e-05,1
2019-09-03,0,,,,,0.0,0.0,0.0,0.0,0
2019-09-04,1,0.0,1.0,0.0,0.0,0.0001202090206788,1.4490427929558791e-05,1.4309917787613813e-05,1.2263858479855116e-05,1
2019-09-05,2,0.0,2.0,0.0,0.0,0.9412549983953795,3.49412457580911e-05,3.0996467103250325e-05,2.69018191829673e-05,1
2019-09-06,4,1.0,3.0,0.0,0.0,0.9855860396783098,8.48267172841588e-05,9.45888659771299e-05,6.043220673745964e-05,4
2019-09-07,1,0.0,1.0,0.0,0.0,7.81430717324838e-05,1.8573911802377552e-05,6.853744707768783e-05,1.345551663689548e-05,1
2019-09-08,0,,,,,0.0,0.0,0.0,0.0,0
2019-09-09,3,0.0,2.0,1.0,0.0,0.0003717092495207804,5.116299598739715e-05,9.466077790420968e-05,0.15137084479465548,1
2019-09-10,4,1.0,1.0,1.0,1.0,1.1255795501638204,0.9586045996902611,0.9664730401727863,0.15775172756730169,4
2019-09-11,2,0.0,0.0,2.0,0.0,6.010170909576118e-05,3.1203279831970576e-05,0.00467420720997321,0.8713215291500092,0
2019-09-12,4,2.0,2.0,0.0,0.0,0.9854025343993271,0.9346581153931766,0.006719238472214699,5.516193778021261e-05,3
2019-09-13,6,0.0,1.0,0.0,5.0,1.0385978503763909,0.00013238902192824753,2.8733304199740815,8.211437852878589e-05,6
2019-09-14,0,,,,,0.0,0.0,0.0,0.0,0
2019-09-15,0,,,,,0.0,0.0,0.0,0.0,0
2019-09-16,1,0.0,0.0,0.0,1.0,0.0042659286409616,1.8124874259228815e-05,0.6998420357704163,1.2543494449346326e-05,1
2019-09-17,4,0.0,3.0,1.0,0.0,0.9971893176898448,7.528091009589843e-05,7.563151120848488e-05,0.04016864046752743,2
2019-09-18,7,0.0,5.0,1.0,1.0,0.0016083731316028917,0.00012161125050624833,0.0016734510591049267,0.9312399491873293,2
2019-09-19,4,2.0,1.0,0.0,1.0,0.004818876597710134,1.8931936369590403,9.83404115686426e-05,5.071376381238224e-05,4
2019-09-20,3,0.0,1.0,2.0,0.0,0.07494283979758601,4.984394399798475e-05,5.380931906984188e-05,0.06386662199383855,3
2019-09-21,0,,,,,0.0,0.0,0.0,0.0,0
2019-09-22,0,,,,,0.0,0.0,0.0,0.0,0
2019-09-23,4,0.0,3.0,0.0,1.0,0.015601070403135962,6.742900768585969e-05,0.007255337874084826,0.0005732551853725099,4
2019-09-24,10,0.0,6.0,3.0,1.0,0.006306338864305661,0.00016363797476515174,0.24477469710109284,0.07221237565863696,9
2019-09-25,5,0.0,2.0,1.0,2.0,0.08422356188566471,9.094669621845242e-05,1.8100584365947727,0.05033595590521142,4
2019-09-26,8,0.0,7.0,1.0,0.0,2.9889739614154673,0.00017277024107897887,0.0001689850514594582,0.011257564638981416,7
2019-09-27,2,0.0,2.0,0.0,0.0,0.0008353783196070289,4.726342649519211e-05,5.842744394612964e-05,3.484956414467888e-05,2
2019-09-28,4,0.0,3.0,1.0,0.0,0.99976948710173,8.304836046590935e-05,9.251425126421964e-05,0.0035916447868657156,3
2019-09-29,0,,,,,0.0,0.0,0.0,0.0,0
2019-09-30,10,1.0,7.0,0.0,2.0,2.985386743306662,0.0002028925227932632,1.9501049708724163,0.0001442318962290301,7
2019-10-01,4,1.0,3.0,0.0,0.0,0.00012406454698066227,6.923409910086775e-05,6.609540378121892e-05,5.490688272402622e-05,2
2019-10-02,2,0.0,1.0,0.0,1.0,0.000160166946443411,2.8656574613705743e-05,6.91094692228944e-05,2.668045362952398e-05,2
2019-10-03,6,1.0,4.0,0.0,1.0,0.8729601702798391,0.00011711101251421496,0.0001413598238286795,8.393727785005467e-05,4
2019-10-04,1,0.0,0.0,0.0,1.0,3.995792576461099e-05,1.4166146684146952e-05,5.479955143528059e-05,1.4416595149668863e-05,1
2019-10-05,2,1.0,0.0,1.0,0.0,0.0006430889261536777,3.688013748615049e-05,5.298185897117946e-05,0.050298789699809256,2
2019-10-06,0,,,,,0.0,0.0,0.0,0.0,0
2019-10-07,4,0.0,2.0,1.0,1.0,2.011732809987734,7.555679803772364e-05,0.9100994695800181,0.001220586604176693,4
2019-10-08,8,5.0,2.0,1.0,0.0,0.006502480653579912,1.8693168034224075,0.00015873507800279185,0.28170374343972066,8
2019-10-09,3,0.0,2.0,1.0,0.0,0.0009993850544560388,4.382031693239696e-05,4.884942063654307e-05,0.04527230062376471,3
2019-10-10,6,0.0,5.0,0.0,1.0,2.040795846402034,0.00011767103023885284,0.9051046416261671,9.103195498028072e-05,6
2019-10-11,5,0.0,4.0,0.0,1.0,1.0616855759872124,0.00012695976329268888,0.006162863061035691,8.344927937287139e-05,4
2019-10-12,0,,,,,0.0,0.0,0.0,0.0,0
2019-10-13,0,,,,,0.0,0.0,0.0,0.0,0
2019-10-14,5,1.0,1.0,0.0,3.0,1.0563363237306473,0.9586495324128917,1.770988199594285,6.75848123137257e-05,5
2019-10-15,4,1.0,1.0,2.0,0.0,1.0008859969384503,0.9347118467721884,8.020507448236458e-05,0.04542836852942849,4
2019-10-16,3,2.0,0.0,0.0,1.0,0.004778229238581796,1.893179678127126,0.00018007206017492722,3.918691527360352e-05,2
2019-10-17,1,0.0,1.0,0.0,0.0,0.9987672567367554,4.335053017712198e-05,2.066228262265213e-05,1.9472394342301413e-05,1
2019-10-18,3,0.0,2.0,0.0,1.0,1.9333033027942292,6.946416397113353e-05,0.8525589038126782,4.464884023036575e-05,3
2019-10-19,0,,,,,0.0,0.0,0.0,0.0,0
2019-10-20,0,,,,,0.0,0.0,0.0,0.0,0
2019-10-21,5,2.0,2.0,0.0,1.0,0.0025251367660529787,0.9346941094736394,0.24464422759410806,7.839024874556344e-05,5
2019-10-22,4,0.0,1.0,2.0,1.0,0.0007279524179464427,6.863322050776333e-05,0.0032410214480478048,0.048169755736125766,3
2019-10-23,5,1.0,4.0,0.0,0.0,2.983564467775068,9.427154327568132e-05,0.00012113934462831821,7.525210367020918e-05,4
2019-10-24,6,1.0,4.0,0.0,1.0,1.6619281515086186,0.0001415807073499309,0.9482549273125187,9.966646848624805e-05,6
2019-10-25,2,1.0,0.0,0.0,1.0,0.009950134648533978,4.106871710973792e-05,0.9357778595385752,2.80108006336377e-05,2
2019-10-26,1,1.0,0.0,0.0,0.0,1.890559360617772e-05,2.0548613974824548e-05,2.0103305359953083e-05,1.506712033005897e-05,1
2019-10-27,0,,,,,0.0,0.0,0.0,0.0,0
2019-10-28,1,0.0,0.0,0.0,1.0,0.0006860435823909,1.882573087641504e-05,0.8524757027626038,1.3335074072529096e-05,1
2019-10-29,10,0.0,2.0,1.0,7.0,0.9935541060585819,0.00019521445847203722,3.835430802040719,0.003593707489926537,10
2019-10-30,3,0.0,1.0,0.0,2.0,0.1062856380231096,0.015987545077223244,0.04116660331783346,3.844738512270851e-05,3
2019-10-31,7,0.0,3.0,2.0,2.0,1.999601819239615,0.00014293473395809997,0.2538790609469287,0.0626868704794104,4
2019-11-01,1,0.0,1.0,0.0,0.0,0.9976070523262024,0.0148458937183022,0.0010296552209183,1.4255870155466256e-05,1
2019-11-02,0,,,,,0.0,0.0,0.0,0.0,0
2019-11-03,0,,,,,0.0,0.0,0.0,0.0,0
2019-11-04,8,1.0,5.0,0.0,2.0,0.0018116978353645947,0.00015521059140155558,0.0024949841354100465,0.00011794187685154611,7
2019-11-05,4,2.0,2.0,0.0,0.0,1.058927309948558,0.9812945341382147,0.00013811707503919024,5.780279934697319e-05,4
2019-11-06,5,0.0,3.0,0.0,2.0,1.0091954761337545,9.43964423640864e-05,1.8706021789494116,6.98850581102306e-05,5
2019-11-07,3,1.0,1.0,0.0,1.0,0.0449850791337666,0.7935355321005773,0.9050301471870627,3.7175612305873074e-05,2
2019-11-08,11,0.0,1.0,1.0,9.0,0.2180633345233216,0.00611898621718861,4.365078057677238,0.002237259392131753,6
2019-11-09,1,0.0,1.0,0.0,0.0,0.997299313545227,0.0002631366660352,5.1364469982218e-05,2.4213353754021227e-05,1
2019-11-10,0,,,,,0.0,0.0,0.0,0.0,0
2019-11-11,21,3.0,5.0,4.0,9.0,1.0230831805001797,0.0017505679597886832,4.767263096345231,0.885647067362697,2
2019-11-12,9,2.0,6.0,0.0,1.0,0.0025093911281143626,0.0005838586603203546,0.047366141947350074,0.00014140579696686473,7
2019-11-13,6,1.0,4.0,0.0,1.0,2.0287479948801774,0.05555658050889164,0.00045215010504757504,9.028191834659083e-05,4
2019-11-14,0,,,,,0.0,0.0,0.0,0.0,0
2019-11-15,1,0.0,1.0,0.0,0.0,0.9985795617103576,3.2740510505391285e-05,3.421681321924552e-05,1.5856703612371348e-05,1
2019-11-16,1,0.0,1.0,0.0,0.0,2.415285234746989e-05,1.861156488303095e-05,2.01383518287912e-05,1.4367788025992922e-05,1
2019-11-17,0,,,,,0.0,0.0,0.0,0.0,0
2019-11-18,5,0.0,4.0,0.0,1.0,1.9889901478745742,8.998243174573872e-05,0.8525663048931165,7.001722042332403e-05,4
2019-11-19,7,2.0,3.0,2.0,0.0,0.2850454081453789,0.9586618174325849,0.011411235507694044,0.05274338915023685,6
2019-11-20,2,0.0,0.0,2.0,0.0,0.0006578898828592613,4.12383014918305e-05,5.14636831212556e-05,0.0473597985692321,1
2019-11-21,6,1.0,1.0,1.0,3.0,0.042420738445798536,9.947192484105472e-05,0.9067524081383455,0.04531576659610433,6
2019-11-22,0,,,,,0.0,0.0,0.0,0.0,0
2019-11-23,1,1.0,0.0,0.0,0.0,1.890559360617772e-05,2.0548613974824548e-05,2.0103305359953083e-05,1.506712033005897e-05,1
2019-11-24,0,,,,,0.0,0.0,0.0,0.0,0
2019-11-25,13,2.0,10.0,1.0,0.0,7.065901064142963,0.9356406250253712,0.8759431053395019,0.9382072634734866,11
2019-11-26,4,0.0,2.0,2.0,0.0,1.9675904715550132,6.556783046107739e-05,0.010881460491873378,0.07097320154389306,4
2019-11-27,9,6.0,1.0,1.0,1.0,0.9951029357398511,0.30596197828162963,0.003505803995721663,0.037549480484813026,8
2019-11-28,10,4.0,5.0,1.0,0.0,0.0011925420558327063,0.11257060891784926,0.0008990731348603107,0.00189886042426218,8
2019-11-29,8,0.0,6.0,1.0,1.0,3.9963633703737287,0.00016223886632360518,0.8570003014501707,0.09550599589238115,8
2019-11-30,1,0.0,1.0,0.0,0.0,2.4152783225872557e-05,1.861157397797797e-05,2.013837183767464e-05,1.436778165953001e-05,1
2019-12-01,0,,,,,0.0,0.0,0.0,0.0,0
2019-12-02,4,1.0,1.0,1.0,1.0,0.9993736003307275,0.013258758770461995,0.9439045715753309,0.298637893743944,4
2019-12-03,5,1.0,2.0,0.0,2.0,0.0014342105223476794,0.9270009399660921,0.008170721273927442,0.000585115844842211,3
2019-12-04,5,1.0,0.0,3.0,1.0,0.15646618495520667,9.293196762882872e-05,0.9108736723519542,0.2022574405227713,3
2019-12-05,11,2.0,5.0,1.0,3.0,2.0081559490154177,0.9493295385527742,0.270708127632133,0.0004399215740704113,7
2019-12-06,0,,,,,0.0,0.0,0.0,0.0,0
2019-12-07,0,,,,,0.0,0.0,0.0,0.0,0
2019-12-08,0,,,,,0.0,0.0,0.0,0.0,0
2019-12-09,0,,,,,0.0,0.0,0.0,0.0,0
2019-12-10,1,0.0,1.0,0.0,0.0,1.7126942111644894e-05,1.6737896658014506e-05,1.5414576409966685e-05,1.3175583262636792e-05,0
2019-12-11,11,1.0,9.0,0.0,1.0,5.317634455066582,0.9348428252578742,0.24745189131863288,0.0001626831835892517,10
2019-12-12,4,1.0,3.0,0.0,0.0,1.1389737649842573,0.958616047302712,9.382790631207172e-05,5.5621379033254925e-05,4
2019-12-13,2,0.0,1.0,0.0,1.0,1.008708800189197,4.964640720572788e-05,0.8591672334023315,3.734140227606986e-05,2
2019-12-14,3,0.0,1.0,0.0,2.0,0.009744540424435382,5.091384446131997e-05,1.1037129581363843,3.826346073765308e-05,3
2019-12-15,0,,,,,0.0,0.0,0.0,0.0,0
2019-12-16,1,1.0,0.0,0.0,0.0,1.890559360617772e-05,2.0548613974824548e-05,2.0103305359953083e-05,1.506712033005897e-05,1
2019-12-17,9,5.0,1.0,1.0,2.0,0.001563730086672781,0.18987351289069904,0.9868011374919659,0.011273064836132102,9
2019-12-18,3,0.0,1.0,1.0,1.0,0.047495475853793205,5.0291442676098086e-05,0.905045042247366,0.05030948608782634,3
2019-12-19,4,1.0,1.0,1.0,1.0,0.0035568516777856603,0.10003490408962531,0.0003662016988527367,0.02070880885457882,3
2019-12-20,3,0.0,3.0,0.0,0.0,1.010546044384682,6.337451941362815e-05,0.00010954854587907903,4.545780393527821e-05,3
2019-12-21,3,1.0,0.0,0.0,2.0,0.00018318820366397068,0.04771144448750414,0.0128619878669268,4.5079816118231975e-05,3
2019-12-22,0,,,,,0.0,0.0,0.0,0.0,0
2019-12-23,7,1.0,2.0,1.0,3.0,0.0246124984896595,0.7936085892615665,0.9175970901796972,0.020740510733958217,6
2019-12-24,7,2.0,4.0,1.0,0.0,1.022550163495907,1.8824282447512815,0.0007985389911482031,0.020744232594552145,7
2019-12-25,0,,,,,0.0,0.0,0.0,0.0,0
2019-12-26,8,0.0,6.0,0.0,2.0,3.834059817068919,0.00016543979836569633,1.0971571510472131,0.002422720133836255,8
2019-12-27,2,0.0,2.0,0.0,0.0,1.9835811853408813,6.317669613054022e-05,6.351957927108742e-05,3.197702972101979e-05,2
2019-12-28,4,0.0,4.0,0.0,0.0,2.995289348065853,7.865383850003127e-05,0.011417118983444993,6.399337507900782e-05,4
2019-12-29,0,,,,,0.0,0.0,0.0,0.0,0
2019-12-30,3,1.0,2.0,0.0,0.0,1.9902963289823674,0.033407650094886686,0.005426982277640466,4.45904379375861e-05,3
2019-12-31,2,0.0,1.0,0.0,1.0,0.003352768639160718,4.3553423893172294e-05,0.24457544774486445,3.386635762581136e-05,2
2020-01-01,0,,,,,0.0,0.0,0.0,0.0,0
2020-01-02,0,,,,,0.0,0.0,0.0,0.0,0
2020-01-03,0,,,,,0.0,0.0,0.0,0.0,0
2020-01-04,2,1.0,0.0,1.0,0.0,0.0002834270380844724,0.0218233832993064,0.0005085848169982546,0.15135786331211412,1
2020-01-05,0,,,,,0.0,0.0,0.0,0.0,0
2020-01-06,1,0.0,1.0,0.0,0.0,0.996386468410492,1.759040060278494e-05,2.5091710995184258e-05,1.5171496670518536e-05,1
2020-01-07,5,0.0,5.0,0.0,0.0,3.038225716911256,0.00013419281367532676,0.0018015284495049354,8.047761639318196e-05,5
2020-01-08,3,0.0,1.0,0.0,2.0,0.9990738989945385,5.238559970166534e-05,0.2567869528429581,4.442169756657677e-05,3
2020-01-09,0,,,,,0.0,0.0,0.0,0.0,0
2020-01-10,1,0.0,0.0,0.0,1.0,0.041385393589735,1.812955815694295e-05,0.9049957394599916,1.27354414871661e-05,1
2020-01-11,1,0.0,1.0,0.0,0.0,0.1173822954297065,2.076265445793979e-05,0.0003109506506007,1.2480153600336052e-05,0
2020-01-12,0,,,,,0.0,0.0,0.0,0.0,0
2020-01-13,0,,,,,0.0,0.0,0.0,0.0,0
2020-01-14,2,0.0,0.0,1.0,1.0,0.0001598515736986883,3.289115738880355e-05,0.24456448865021227,0.00016330468224617017,2
2020-01-15,3,0.0,1.0,0.0,2.0,0.9664467708171287,5.885188966203714e-05,0.9109023860073648,4.441675719135674e-05,3
2020-01-16,5,0.0,4.0,0.0,1.0,3.9945567408576608,0.00010613126141834073,0.8592771330186224,8.474146488879342e-05,5
2020-01-17,2,1.0,1.0,0.0,0.0,0.998784804600291,0.9346226865945938,0.0038143925648910218,2.5451437977608293e-05,2
2020-01-18,4,1.0,2.0,0.0,1.0,1.9861602782239058,0.03153018918055744,0.0035852110122504416,6.259337988012703e-05,4
2020-01-19,0,,,,,0.0,0.0,0.0,0.0,0
2020-01-20,9,1.0,2.0,1.0,5.0,1.805566605462445,0.9813830430248345,3.0798401511274274,0.03754408096210674,7
2020-01-21,8,0.0,5.0,1.0,2.0,0.9987839514797088,0.00014056287363928277,0.008253948511992307,0.053760071039505336,8
2020-01-22,4,0.0,2.0,0.0,2.0,1.0194715271136374,6.713339462294243e-05,0.9531258644137778,5.110652364237467e-05,4
2020-01-23,6,2.0,4.0,0.0,0.0,0.024771226742814016,0.019784349596193254,0.0014792302781642278,8.861214155331254e-05,6
2020-01-24,6,0.0,4.0,1.0,1.0,1.155294453135866,0.00010964197826979216,0.97446456092257,0.04718133560709243,4
2020-01-25,2,0.0,0.0,2.0,0.0,0.0035821910132653,3.116470907116309e-05,5.313620567903854e-05,0.326856218278408,2
2020-01-26,0,,,,,0.0,0.0,0.0,0.0,0
2020-01-27,3,0.0,2.0,0.0,1.0,0.004689357311690233,5.6810925343597773e-05,0.00023604858324681092,3.966094573115697e-05,3
2020-01-28,6,1.0,3.0,2.0,0.0,0.944574932887917,0.9759198233859934,0.0001132850966314436,0.0905483850438031,5
2020-01-29,5,0.0,5.0,0.0,0.0,1.9790458216375553,9.649206913309172e-05,8.704446554474998e-05,6.891538487252546e-05,4
2020-01-30,2,0.0,2.0,0.0,0.0,1.019472401589155,4.7590698159183376e-05,5.682331357093063e-05,3.177767030138057e-05,2
2020-01-31,11,2.0,4.0,0.0,5.0,1.9213272369870533,0.023502257633481207,2.041266434078352,0.00015634330793545814,5
2020-02-01,0,,,,,0.0,0.0,0.0,0.0,0
2020-02-02,0,,,,,0.0,0.0,0.0,0.0,0
2020-02-03,6,2.0,2.0,0.0,2.0,0.08630817119046691,1.8692789759425068,1.8100661687385584,7.638951137778348e-05,6
2020-02-04,4,0.0,2.0,0.0,2.0,0.9999940368397799,7.138752698665485e-05,0.8538654719668556,5.5559307838848326e-05,4
2020-02-05,1,1.0,0.0,0.0,0.0,2.313354161742609e-05,0.0462011098861694,0.0008337825420312,1.3758689419773871e-05,1
2020-02-06,4,0.0,3.0,0.0,1.0,1.9338624987285584,9.46805921557825e-05,0.9576203319447812,6.70766921757604e-05,4
2020-02-07,5,2.0,2.0,0.0,1.0,0.002002936731514463,0.9270094769326532,0.8525470086087807,6.855573246866697e-05,2
2020-02-08,1,0.0,0.0,1.0,0.0,0.0001851471752161,1.5246700058924034e-05,1.759561746439431e-05,0.0206597950309515,1
2020-02-09,0,,,,,0.0,0.0,0.0,0.0,0
2020-02-10,3,0.0,2.0,0.0,1.0,0.03977456967913881,5.182356198929483e-05,9.733407205203548e-05,4.221797007630812e-05,3
2020-02-11,5,2.0,2.0,0.0,1.0,0.04158256775008338,0.037054814121802275,0.9057743869852857,6.868162927275989e-05,5
2020-02-12,4,1.0,2.0,1.0,0.0,0.00026459667242305395,0.023193481469206672,0.0006038288720446087,0.001216178501635928,4
2020-02-13,5,1.0,2.0,0.0,2.0,0.0035024763128601198,0.9346811008690565,0.8526420820289785,6.472684799518902e-05,5
2020-02-14,2,0.0,1.0,1.0,0.0,0.00021640854538416995,3.105436098849168e-05,0.00011018917030014563,0.0011889124243679324,2
2020-02-15,0,,,,,0.0,0.0,0.0,0.0,0
2020-02-16,0,,,,,0.0,0.0,0.0,0.0,0
2020-02-17,3,0.0,1.0,2.0,0.0,0.0005327270991983506,4.556943258648971e-05,7.20383823136217e-05,0.02779931201348512,2
2020-02-18,5,1.0,1.0,1.0,2.0,0.002346553148527013,0.9346689861577034,0.0017763803471097651,0.3635771428853331,4
2020-02-19,4,0.0,2.0,1.0,1.0,0.00019995398179162294,6.498524999187794e-05,0.2446137163251478,0.0005824041654704377,3
2020-02-20,11,1.0,7.0,2.0,1.0,4.963319236596362,0.9348061606033298,0.9611603057364844,0.326988203854853,10
2020-02-21,9,0.0,5.0,1.0,3.0,1.4355730225697698,0.0001733008948576753,0.032986738162435254,0.00041268431868953214,9
2020-02-22,1,1.0,0.0,0.0,0.0,1.890559360617772e-05,2.0548613974824548e-05,2.0103305359953083e-05,1.506712033005897e-05,1
2020-02-23,0,,,,,0.0,0.0,0.0,0.0,0
2020-02-24,5,1.0,2.0,0.0,2.0,1.9321301976706307,0.029072328669826588,0.9117149055473418,7.402668870781781e-05,5
2020-02-25,7,2.0,3.0,1.0,1.0,0.0017866292619145689,0.00012789190986950416,0.9417137864147662,0.004425160759637945,6
2020-02-26,2,2.0,0.0,0.0,0.0,3.792819916270673e-05,0.03087191274062198,0.00036095129325983653,2.910445982706733e-05,2
2020-02-27,4,0.0,1.0,0.0,3.0,0.009461966497838136,6.593900980078615e-05,0.9540619575527672,5.4111330427986104e-05,3
2020-02-28,5,0.0,5.0,0.0,0.0,0.004518984085734687,8.036482631723629e-05,8.684901786182309e-05,6.396353819582146e-05,5
2020-02-29,0,,,,,0.0,0.0,0.0,0.0,0
2020-03-01,0,,,,,0.0,0.0,0.0,0.0,0
2020-03-02,8,0.0,5.0,1.0,2.0,3.1466460030642334,0.01765932260059342,0.9455463757885809,0.04538957068780291,8
2020-03-03,8,2.0,4.0,1.0,1.0,0.005370129014408955,0.9943409192528634,0.9925727789714073,0.05039021563516142,2
2020-03-04,3,0.0,1.0,0.0,2.0,0.0004320658408687217,5.2518003940349445e-05,1.2211416433783595,3.969988574681338e-05,2
2020-03-05,5,0.0,4.0,1.0,0.0,1.7513518270134225,9.255969416699372e-05,0.0031047740940266166,0.045305480569368194,5
2020-03-06,6,0.0,2.0,3.0,1.0,0.38541489055205586,0.0001361387585347984,0.006667686544460571,0.06268988118790716,6
2020-03-07,2,0.0,1.0,0.0,1.0,0.000142151206091512,3.445006223046221e-05,0.24456429870951973,2.7183094971405808e-05,2
2020-03-08,0,,,,,0.0,0.0,0.0,0.0,0
2020-03-09,1,0.0,1.0,0.0,0.0,0.9453806281089784,4.006048402516171e-05,5.206246714806184e-05,1.7474456399213523e-05,1
2020-03-10,3,1.0,2.0,0.0,0.0,0.9969166458886322,6.062819556973409e-05,6.425423634937033e-05,4.4704166612064e-05,3
2020-03-11,3,0.0,1.0,0.0,2.0,1.7340989749063738,5.26903959325864e-05,1.9591582526445563,4.4811764382757246e-05,3
2020-03-12,9,1.0,7.0,1.0,0.0,1.9421047066316532,0.9347486350343388,0.0003653272342488937,0.043298881555528995,9
2020-03-13,2,0.0,0.0,0.0,2.0,0.0025359698702231183,3.9328981074504554e-05,1.1876476854085922,2.601617234176956e-05,2
2020-03-14,0,,,,,0.0,0.0,0.0,0.0,0
2020-03-15,0,,,,,0.0,0.0,0.0,0.0,0
2020-03-16,13,3.0,7.0,3.0,0.0,3.8555827577829405,0.0011097166398030358,0.00022970214831730118,0.2400575819028743,12
2020-03-17,5,1.0,0.0,2.0,2.0,0.004505156750383247,0.9346714259754663,0.9548591321799904,0.022352400700583475,4
2020-03-18,4,0.0,2.0,0.0,2.0,0.01991748630825888,7.20872176316334e-05,1.8941290719476456,5.354265704227146e-05,2
2020-03-19,2,0.0,1.0,0.0,1.0,0.009677238158474157,4.078488564118743e-05,0.8591705944563728,2.7303706701786723e-05,2
2020-03-20,1,1.0,0.0,0.0,0.0,1.890560452011414e-05,2.0548633983707987e-05,2.010332536883652e-05,1.5067113054101355e-05,1
2020-03-21,0,,,,,0.0,0.0,0.0,0.0,0
2020-03-22,0,,,,,0.0,0.0,0.0,0.0,0
2020-03-23,2,0.0,0.0,1.0,1.0,0.0008981160954135392,4.078015081177e-05,4.906072899757419e-05,0.04526239654205706,1
2020-03-24,0,,,,,0.0,0.0,0.0,0.0,0
2020-03-25,1,0.0,0.0,0.0,1.0,0.0006860435823909,1.882573087641504e-05,0.8524757027626038,1.3335074072529096e-05,1
2020-03-26,0,,,,,0.0,0.0,0.0,0.0,0
2020-03-27,0,,,,,0.0,0.0,0.0,0.0,0
2020-03-28,0,,,,,0.0,0.0,0.0,0.0,0
2020-03-29,0,,,,,0.0,0.0,0.0,0.0,0
2020-03-30,3,0.0,2.0,1.0,0.0,1.9903511815700767,6.223868786037201e-05,0.0001077135129889939,0.9132476531813154,2
2020-03-31,0,,,,,0.0,0.0,0.0,0.0,0
2020-04-01,2,0.0,1.0,0.0,1.0,0.9948692549914994,3.363911764608929e-05,0.00444887026242208,2.7609573407971762e-05,2
2020-04-02,1,0.0,1.0,0.0,0.0,0.0011659627780318,3.49889014614746e-05,3.793185896938667e-05,2.3773505745339207e-05,1
2020-04-03,1,0.0,0.0,0.0,1.0,0.0123820323497056,1.8140799511456865e-05,0.8843619227409363,1.2849060112785082e-05,1
2020-04-04,1,0.0,0.0,0.0,1.0,0.0001016535898088,3.1541247153654695e-05,0.008542357943952,1.5048423847474623e-05,1
2020-04-05,0,,,,,0.0,0.0,0.0,0.0,0
2020-04-06,0,,,,,0.0,0.0,0.0,0.0,0
2020-04-07,0,,,,,0.0,0.0,0.0,0.0,0
2020-04-08,3,0.0,3.0,0.0,0.0,2.988809585571289,8.044827882258687e-05,0.00013230094191385433,5.04646341141779e-05,3
2020-04-09,0,,,,,0.0,0.0,0.0,0.0,0
2020-04-10,0,,,,,0.0,0.0,0.0,0.0,0
2020-04-11,0,,,,,0.0,0.0,0.0,0.0,0
2020-04-12,0,,,,,0.0,0.0,0.0,0.0,0
2020-04-13,0,,,,,0.0,0.0,0.0,0.0,0
2020-04-14,4,0.0,4.0,0.0,0.0,2.4749364517629147,0.00010668812137737405,0.003244976202040527,0.05567451237311602,4
2020-04-15,1,0.0,0.0,1.0,0.0,0.0001851488486863,1.5246700058924034e-05,1.7595624740351923e-05,0.0206597615033388,1
2020-04-16,1,1.0,0.0,0.0,0.0,0.0013437918387353,0.9323717951774596,1.7773771105566993e-05,1.2182174032204784e-05,0
2020-04-17,6,2.0,3.0,1.0,0.0,2.9602545415546047,0.9325030909712949,0.00014078104504733346,0.9057728602765565,5
2020-04-18,0,,,,,0.0,0.0,0.0,0.0,0
2020-04-19,0,,,,,0.0,0.0,0.0,0.0,0
2020-04-20,0,,,,,0.0,0.0,0.0,0.0,0
2020-04-21,0,,,,,0.0,0.0,0.0,0.0,0
2020-04-22,0,,,,,0.0,0.0,0.0,0.0,0
2020-04-23,2,0.0,1.0,0.0,1.0,0.027764631944592034,3.293457848485559e-05,0.9237360482711665,2.499443326087203e-05,2
2020-04-24,1,0.0,1.0,0.0,0.0,1.642581082705874e-05,1.3235736332717352e-05,1.5697116396040656e-05,1.471621453674743e-05,1
2020-04-25,0,,,,,0.0,0.0,0.0,0.0,0
2020-04-26,0,,,,,0.0,0.0,0.0,0.0,0
2020-04-27,0,,,,,0.0,0.0,0.0,0.0,0
2020-04-28,1,0.0,1.0,0.0,0.0,2.1553159967879765e-05,1.771208735590335e-05,2.0721719920402396e-05,1.3809601114189718e-05,1
2020-04-29,2,0.0,2.0,0.0,0.0,0.9881608667783439,4.0203034586738795e-05,6.304017006186768e-05,3.023411954927724e-05,2
2020-04-30,0,,,,,0.0,0.0,0.0,0.0,0
2020-05-01,0,,,,,0.0,0.0,0.0,0.0,0
2020-05-02,0,,,,,0.0,0.0,0.0,0.0,0
2020-05-03,0,,,,,0.0,0.0,0.0,0.0,0
2020-05-04,10,0.0,3.0,0.0,7.0,0.854053709834261,0.00024000688244996127,4.869244383155092,0.6561787148666554,10
2020-05-05,0,,,,,0.0,0.0,0.0,0.0,0
2020-05-06,5,0.0,3.0,1.0,1.0,1.9838960109555048,9.389709157403558e-05,0.00019737820184673183,0.00010961005864373874,5
2020-05-07,1,1.0,0.0,0.0,0.0,1.524698473076569e-05,2.7504042009240948e-05,2.635721466504037e-05,1.3706539903068917e-05,0
2020-05-08,3,2.0,1.0,0.0,0.0,0.005115450499943031,7.092240775818937e-05,6.924813715158962e-05,4.020792130177143e-05,1
2020-05-09,0,,,,,0.0,0.0,0.0,0.0,0
2020-05-10,0,,,,,0.0,0.0,0.0,0.0,0
2020-05-11,0,,,,,0.0,0.0,0.0,0.0,0
2020-05-12,11,3.0,6.0,1.0,1.0,3.990433266840227,1.0085820940676056,0.00033696416721795686,0.012882031131084588,7
2020-05-13,2,0.0,2.0,0.0,0.0,1.9694178700447083,4.855916449741926e-05,0.00010658993778633885,3.257010939705651e-05,2
2020-05-14,1,0.0,1.0,0.0,0.0,0.9992884397506714,2.8672258849837817e-05,2.150584441551473e-05,2.072401184705086e-05,1
2020-05-15,0,,,,,0.0,0.0,0.0,0.0,0
2020-05-16,0,,,,,0.0,0.0,0.0,0.0,0
2020-05-17,0,,,,,0.0,0.0,0.0,0.0,0
2020-05-18,11,1.0,3.0,1.0,6.0,0.017696568712381032,0.9347866431990042,1.856159293738528,0.00017340346494165715,11
2020-05-19,1,1.0,0.0,0.0,0.0,1.890559360617772e-05,2.0548613974824548e-05,2.0103305359953083e-05,1.506712033005897e-05,1
2020-05-20,7,2.0,2.0,2.0,1.0,0.00016668483658577316,0.00012736808457702864,0.00017513550210424,0.06816248409268146,6
2020-05-21,0,,,,,0.0,0.0,0.0,0.0,0
2020-05-22,5,0.0,2.0,1.0,2.0,0.9994073443513114,0.0019857070528814507,0.1099482338568122,0.009894701487610263,5
2020-05-23,1,0.0,1.0,0.0,0.0,0.0050849565304815,1.591432373970747e-05,1.653370782150887e-05,1.2794841495633593e-05,1
2020-05-24,0,,,,,0.0,0.0,0.0,0.0,0
2020-05-25,1,0.0,0.0,0.0,1.0,0.009586657397449,1.8314951375941743e-05,0.8591485619544983,1.2609760233317502e-05,1
2020-05-26,2,0.0,1.0,0.0,1.0,0.1160415556514635,5.057595808466431e-05,0.9416237501754949,2.9430426366161555e-05,1
2020-05-27,1,0.0,1.0,0.0,0.0,0.0568218752741813,2.8066453523933887e-05,3.595416637836024e-05,1.700637221802026e-05,1
2020-05-28,6,0.0,3.0,0.0,3.0,0.0032836236941875003,0.0001975565064639813,0.8694117615723371,8.716960746824043e-05,6
2020-05-29,5,0.0,5.0,0.0,0.0,4.968099296092987,0.00013455870976031292,0.00023189620151242707,0.0037639117672369393,5
2020-05-30,3,2.0,0.0,0.0,1.0,0.0004159244344918864,0.0014343313305289038,0.9158279250887063,4.451098902791273e-05,3
2020-05-31,0,,,,,0.0,0.0,0.0,0.0,0
2020-06-01,18,5.0,6.0,1.0,6.0,0.019056099474255385,0.06066518820716714,0.036483163414231815,0.44504511532159086,18
2020-06-02,5,0.0,2.0,0.0,3.0,1.9866037949286692,0.0018747100566542064,0.6552311453142463,9.681504980108002e-05,5
2020-06-03,8,0.0,7.0,0.0,1.0,4.958264940152731,0.00014121512776910095,0.9878162043505653,0.00012375151345622726,8
2020-06-04,8,0.0,1.0,0.0,7.0,0.9683504372951576,0.0002139095004167757,2.886417441281082,0.00010453854338265955,2
2020-06-05,0,,,,,0.0,0.0,0.0,0.0,0
2020-06-06,7,1.0,0.0,0.0,6.0,0.00017390490211255383,0.00031077248968352264,1.0512875045133112,0.00010122186631633667,7
2020-06-07,0,,,,,0.0,0.0,0.0,0.0,0
2020-06-08,1,0.0,1.0,0.0,0.0,0.995744526386261,2.1928621208644472e-05,3.0923751182854176e-05,2.004494672291912e-05,1
2020-06-09,5,0.0,4.0,0.0,1.0,2.018353254359681,8.961848016042495e-05,0.25181868299750926,0.004588543350109723,5
2020-06-10,1,0.0,0.0,1.0,0.0,9.43126215133816e-05,1.5530249584116973e-05,4.158573210588656e-05,0.0003034292603842,1
2020-06-11,3,0.0,2.0,0.0,1.0,0.9916878760031976,6.265498996071983e-05,8.175384664355079e-05,4.357905709184706e-05,3
2020-06-12,1,0.0,1.0,0.0,0.0,0.993982195854187,2.5425661078770645e-05,2.6205883841612376e-05,1.6119061911012977e-05,1
2020-06-13,5,3.0,1.0,1.0,0.0,0.9702105507149098,0.9586358179622038,9.961220257537207e-05,0.000143594972541905,2
2020-06-14,0,,,,,0.0,0.0,0.0,0.0,0
2020-06-15,13,5.0,1.0,4.0,3.0,0.003944194479117797,1.9153020926178217,0.988144821349124,0.322277222609955,11
2020-06-16,4,0.0,4.0,0.0,0.0,2.9819707402421045,9.488854084338527e-05,9.87560360954376e-05,6.272496648307424e-05,4
2020-06-17,5,0.0,4.0,0.0,1.0,2.8972745901228336,9.582754955772543e-05,1.9005062352862299,8.894003713066923e-05,5
2020-06-18,15,0.0,2.0,0.0,13.0,0.01994976437163124,0.00031088765081221936,6.649172203711714,0.0001950074592969031,14
2020-06-19,3,1.0,1.0,0.0,1.0,0.9898574311664562,6.365638728311751e-05,0.24459308065161162,4.5369697545538656e-05,3
2020-06-20,1,0.0,1.0,0.0,0.0,1.7991977074416354e-05,1.7673219190328382e-05,1.7440368537791073e-05,1.3306711480254307e-05,1
2020-06-21,0,,,,,0.0,0.0,0.0,0.0,0
2020-06-22,5,0.0,4.0,1.0,0.0,2.99523938006314,9.57382726483047e-05,0.00012416292520356365,0.020728651430545142,5
2020-06-23,1,1.0,0.0,0.0,0.0,0.0008050672477111,0.9863020777702332,1.4924917195457963e-05,1.277574210689636e-05,1
2020-06-24,4,1.0,1.0,1.0,1.0,0.913701334458892,8.566362339479383e-05,0.24461401477310568,0.045306854353839264,4
2020-06-25,3,0.0,1.0,0.0,2.0,0.9965032514774066,5.046323622082127e-05,0.014686284514027566,5.076954494143138e-05,3
2020-06-26,10,1.0,5.0,1.0,3.0,0.8314206174663922,0.0007831501197868487,0.19684868407966838,0.002662809652065209,10
2020-06-27,0,,,,,0.0,0.0,0.0,0.0,0
2020-06-28,0,,,,,0.0,0.0,0.0,0.0,0
2020-06-29,4,0.0,2.0,2.0,0.0,0.8598580176385439,0.00012811360647901893,8.607510972069576e-05,0.020960675461537733,4
2020-06-30,1,0.0,1.0,0.0,0.0,5.004698323318735e-05,2.0641022274503484e-05,2.303674045833759e-05,1.5796791558386758e-05,1
2020-07-01,0,,,,,0.0,0.0,0.0,0.0,0
2020-07-02,1,1.0,0.0,0.0,0.0,0.0012518350267782,0.9269359111785888,1.874341432994697e-05,1.2696043086179998e-05,0
2020-07-03,14,0.0,4.0,3.0,7.0,0.026380057779533568,0.012478958014071324,2.9999143600698517,0.9774136002633893,14
2020-07-04,2,0.0,0.0,0.0,2.0,4.606770380632952e-05,2.7833908461616375e-05,0.0244521144777536,2.4668914193171076e-05,2
2020-07-05,0,,,,,0.0,0.0,0.0,0.0,0
2020-07-06,3,1.0,0.0,0.0,2.0,0.00012487532330851536,5.3757357818540186e-05,0.24867459226516073,4.127347165194806e-05,3
2020-07-07,7,0.0,5.0,2.0,0.0,4.086225077699055,0.016075218703917843,0.0002489768285158789,0.08548395403522584,6
2020-07-08,5,1.0,2.0,1.0,1.0,1.0178001663407485,0.9346733450638567,0.9135193678830545,0.011209553692424351,4
2020-07-09,14,3.0,8.0,1.0,2.0,2.1693018345613377,1.0875691066421493,0.009746284926222737,0.0005244201583991065,3
2020-07-10,15,2.0,7.0,0.0,6.0,3.9618300619195,0.004217508700094107,1.9462647911368547,0.0002121909337802208,5
2020-07-11,0,,,,,0.0,0.0,0.0,0.0,0
2020-07-12,0,,,,,0.0,0.0,0.0,0.0,0
2020-07-13,15,2.0,7.0,1.0,5.0,2.0020473454251255,0.0949779414595468,1.4700647811177987,0.027674795179336766,3
2020-07-14,5,0.0,4.0,1.0,0.0,0.0016645865216559199,7.898348212620476e-05,0.00012712601437669946,0.01120754580642815,3
2020-07-15,2,0.0,2.0,0.0,0.0,0.9941281647443249,3.194264354533516e-05,0.006981157139307378,2.6406013603264e-05,2
2020-07-16,4,0.0,2.0,1.0,1.0,0.9840686883508168,8.427231205132557e-05,0.012279796059374267,0.014132197084109033,4
2020-07-17,0,,,,,0.0,0.0,0.0,0.0,0
2020-07-18,1,0.0,0.0,0.0,1.0,0.0413849279284477,1.8129576346836984e-05,0.9049955606460572,1.2735440577671396e-05,1
2020-07-19,0,,,,,0.0,0.0,0.0,0.0,0
2020-07-20,9,1.0,7.0,1.0,0.0,4.982211480499245,0.9452097431994843,0.005504872656274444,0.06486133747057456,8
2020-07-21,2,0.0,2.0,0.0,0.0,1.9910207986831665,3.389667472220026e-05,0.003796890188823417,2.6797048121807165e-05,2
2020-07-22,2,0.0,2.0,0.0,0.0,0.9739418196259066,4.556372732622549e-05,5.229620364843868e-05,3.481945168459788e-05,2
2020-07-23,4,1.0,3.0,0.0,0.0,1.9942238435505713,0.06420930929016315,0.005338758448487947,5.9568288634181954e-05,4
2020-07-24,3,0.0,3.0,0.0,0.0,1.9384053810063049,6.276087879086845e-05,0.00015688514486100757,4.525113672571024e-05,3
2020-07-25,5,1.0,3.0,1.0,0.0,2.9936697882949375,0.9586298220492608,0.008213552036977385,0.06480123848814395,4
2020-07-26,0,,,,,0.0,0.0,0.0,0.0,0
2020-07-27,4,0.0,4.0,0.0,0.0,2.9799457668486866,9.12665909709176e-05,0.008034792828766454,5.500701809069142e-05,4
2020-07-28,0,,,,,0.0,0.0,0.0,0.0,0
2020-07-29,1,0.0,0.0,1.0,0.0,0.0013657292583957,1.6639936802675948e-05,2.137071714969352e-05,0.0111566111445426,1
2020-07-30,11,1.0,4.0,2.0,4.0,1.5335789100881811,0.0032073185720945885,2.7450392625514723,0.011310290932669859,11
2020-07-31,1,0.0,1.0,0.0,0.0,5.9005713410442695e-05,1.4494096831185743e-05,1.3532955563277936e-05,1.2382230124785565e-05,1
2020-08-01,2,1.0,1.0,0.0,0.0,0.5553923155111988,0.0625115023394755,0.00021030385869378677,3.173097411490744e-05,2
2020-08-02,0,,,,,0.0,0.0,0.0,0.0,0
2020-08-03,7,1.0,1.0,2.0,3.0,0.00024068701168289408,0.02139342735245004,0.9507983775765751,0.9615992732860832,7
2020-08-04,4,1.0,2.0,0.0,1.0,0.9576406790183681,7.272193033713847e-05,0.006643934275416463,5.722534842789173e-05,4
2020-08-05,2,0.0,0.0,0.0,2.0,7.91855163697619e-05,3.230352922400925e-05,0.0081180543638765,0.0005465640488182189,2
2020-08-06,0,,,,,0.0,0.0,0.0,0.0,0
2020-08-07,2,0.0,1.0,1.0,0.0,0.00017245591880055144,3.410417775739916e-05,0.0001101230809581466,0.0003168959237881955,2
2020-08-08,0,,,,,0.0,0.0,0.0,0.0,0
2020-08-09,0,,,,,0.0,0.0,0.0,0.0,0
2020-08-10,6,0.0,4.0,0.0,2.0,1.6133122809687848,0.00013399022009252803,1.6657143732627444,9.358737224829383e-05,6
2020-08-11,2,0.0,1.0,1.0,0.0,0.0001724557369016111,3.4104135920642875e-05,0.00011012321556336246,0.000316884790663516,2
2020-08-12,1,0.0,0.0,0.0,1.0,0.0001256687683053,1.4916407963028178e-05,0.9635355472564696,1.1893319424416404e-05,1
2020-08-13,1,0.0,1.0,0.0,0.0,3.968181772506796e-05,1.646926648390945e-05,2.0610623323591423e-05,1.3177982509660067e-05,1
2020-08-14,1,1.0,0.0,0.0,0.0,2.0414583559613675e-05,0.0293561127036809,0.0004345565394032,1.4631998055847362e-05,1
2020-08-15,0,,,,,0.0,0.0,0.0,0.0,0
2020-08-16,0,,,,,0.0,0.0,0.0,0.0,0
2020-08-17,0,,,,,0.0,0.0,0.0,0.0,0
2020-08-18,0,,,,,0.0,0.0,0.0,0.0,0
2020-08-19,0,,,,,0.0,0.0,0.0,0.0,0
2020-08-20,0,,,,,0.0,0.0,0.0,0.0,0
2020-08-21,1,0.0,1.0,0.0,0.0,0.9982957243919371,2.4132623366313052e-05,4.373777119326405e-05,0.0029563969001173,1
2020-08-22,0,,,,,0.0,0.0,0.0,0.0,0
2020-08-23,0,,,,,0.0,0.0,0.0,0.0,0
2020-08-24,0,,,,,0.0,0.0,0.0,0.0,0
2020-08-25,1,0.0,0.0,1.0,0.0,6.316613144008443e-05,1.5781251931912266e-05,4.58117610833142e-05,0.0001699142012512,1
2020-08-26,0,,,,,0.0,0.0,0.0,0.0,0
2020-08-27,0,,,,,0.0,0.0,0.0,0.0,0
2020-08-28,0,,,,,0.0,0.0,0.0,0.0,0
2020-08-29,0,,,,,0.0,0.0,0.0,0.0,0
2020-08-30,0,,,,,0.0,0.0,0.0,0.0,0
2020-08-31,1,0.0,1.0,0.0,0.0,0.9905529618263244,2.198025140387472e-05,3.422038571443409e-05,1.7057844161172397e-05,1
2020-09-01,0,,,,,0.0,0.0,0.0,0.0,0
2020-09-02,0,,,,,0.0,0.0,0.0,0.0,0
2020-09-03,4,0.0,4.0,0.0,0.0,3.9677590131759644,9.415782187716104e-05,0.00014474931049335282,7.11965149093885e-05,4
2020-09-04,1,0.0,1.0,0.0,0.0,0.1680434197187423,2.843245601980016e-05,3.400666901143268e-05,1.6789701476227492e-05,1
2020-09-05,0,,,,,0.0,0.0,0.0,0.0,0
2020-09-06,0,,,,,0.0,0.0,0.0,0.0,0
2020-09-07,3,1.0,1.0,0.0,1.0,0.0006124443098087716,5.4599948271061294e-05,0.9729105587502999,4.339185124990763e-05,3
2020-09-08,1,0.0,0.0,0.0,1.0,0.0001256690156878,1.4916400687070563e-05,0.9635354280471802,1.1893330338352824e-05,1
2020-09-09,2,0.0,1.0,1.0,0.0,0.9936974763986652,3.83704300475074e-05,6.212047082954086e-05,0.045264712340213,2
2020-09-10,1,0.0,1.0,0.0,0.0,0.0039355759508907,2.17238994082436e-05,2.2273843569564636e-05,1.837085255829152e-05,1
2020-09-11,4,3.0,0.0,0.0,1.0,0.00011109219849458896,0.16789733665609657,0.005421392852440201,0.000577895060814616,4
2020-09-12,0,,,,,0.0,0.0,0.0,0.0,0
2020-09-13,0,,,,,0.0,0.0,0.0,0.0,0
2020-09-14,2,0.0,2.0,0.0,0.0,0.0018452064687152839,3.7687448639189824e-05,8.958726903074421e-05,3.1387929993798025e-05,2
2020-09-15,6,2.0,3.0,0.0,1.0,1.994077140428999,0.00011709950194926932,0.01233073382900325,8.66955388119095e-05,6
2020-09-16,5,0.0,2.0,1.0,2.0,2.0301093239468173,0.00011791471024480416,0.9051615821263114,0.03141923246857911,4
2020-09-17,11,5.0,3.0,1.0,2.0,0.009480756312768438,0.1769090575453444,1.9226432248979104,0.00306919152535554,9
2020-09-18,5,1.0,3.0,0.0,1.0,1.8199079973601329,0.934731731273132,0.0017231123511009833,8.85578992892988e-05,5
2020-09-19,2,0.0,2.0,0.0,0.0,0.0742956828325986,4.153088775638025e-05,5.005803541280329e-05,2.8985279641347006e-05,2
2020-09-20,0,,,,,0.0,0.0,0.0,0.0,0
2020-09-21,1,0.0,1.0,0.0,0.0,1.9440667529124767e-05,1.7989601474255323e-05,1.7957494492293335e-05,1.3523357665690128e-05,1
2020-09-22,5,2.0,2.0,1.0,0.0,1.0052027513156645,1.8696581874655749,0.0009767539968378973,0.031411088202730704,4
2020-09-23,3,1.0,1.0,0.0,1.0,0.2761689769104122,0.9346481618867983,0.9050425068726328,4.026215356134344e-05,3
2020-09-24,8,1.0,4.0,0.0,3.0,3.030280747136203,0.00017274795573030133,2.13100079758442,0.00012503321158874314,8
2020-09-25,6,4.0,1.0,0.0,1.0,0.7804162740194442,0.13732124373200333,0.2486930453505919,8.760212313063676e-05,6
2020-09-26,2,0.0,1.0,1.0,0.0,0.0014567479083779885,3.6022882341057993e-05,8.34944803500548e-05,0.011170785709509707,2
2020-09-27,0,,,,,0.0,0.0,0.0,0.0,0
2020-09-28,14,0.0,12.0,1.0,1.0,8.81414237709214,0.00042709904573712265,0.2492910960245353,0.6233026013660492,13
2020-09-29,4,0.0,3.0,0.0,1.0,0.0002372470698901452,6.553742787218653e-05,0.24460561743762804,5.2009659157192793e-05,4
2020-09-30,11,0.0,8.0,0.0,3.0,6.956405302038547,0.00029496156639652327,0.017637599534282216,0.0013575356306318206,10
2020-10-01,7,4.0,1.0,1.0,1.0,1.0239505914505571,3.3074199644761393,0.9127188647435104,0.05036089273835385,7
2020-10-02,2,0.0,2.0,0.0,0.0,1.933886170387268,3.68071960110683e-05,0.0039757257145538035,2.6657661692297552e-05,2
2020-10-03,0,,,,,0.0,0.0,0.0,0.0,0
2020-10-04,0,,,,,0.0,0.0,0.0,0.0,0
2020-10-05,23,0.0,21.0,1.0,1.0,16.419205690268427,0.0008749680582695873,0.9128812303915765,0.05065412961812396,23
2020-10-06,3,0.0,2.0,0.0,1.0,0.9990775829592167,0.0006689408292003866,0.0008368053677257912,4.0710864595894236e-05,2
2020-10-07,1,0.0,0.0,1.0,0.0,0.0008813569438643,1.483215055486653e-05,2.178354225179646e-05,0.0452482849359512,1
2020-10-08,6,1.0,2.0,1.0,2.0,1.8008076817459366,0.9113610075946781,0.9930541158282721,0.0003714949480126398,6
2020-10-09,7,0.0,6.0,1.0,0.0,4.884629768122977,0.0007415799500449161,0.00048308489203910355,0.5643249255917908,5
2020-10-10,2,0.0,2.0,0.0,0.0,1.98724627494812,3.8538146327482536e-05,5.863227124791592e-05,3.147903044009581e-05,2
2020-10-11,0,,,,,0.0,0.0,0.0,0.0,0
2020-10-12,0,,,,,0.0,0.0,0.0,0.0,0
2020-10-13,8,1.0,1.0,1.0,5.0,0.00025035784074134426,0.00016626591332169482,0.5218564141887325,0.0006832238013884658,3
2020-10-14,3,0.0,2.0,0.0,1.0,0.000380170946300412,5.2968896852689795e-05,0.24458275388133183,4.0234557673102245e-05,2
2020-10-15,5,1.0,3.0,1.0,0.0,0.7067698231985559,0.00011283157255093101,0.00012359377979009878,0.04531728751499028,5
2020-10-16,7,0.0,7.0,0.0,0.0,4.966529498575255,0.00018885134159063455,0.006500345403765051,0.011360587152012097,7
2020-10-17,2,0.0,0.0,0.0,2.0,9.008290908241179e-05,3.4633192626642995e-05,0.244584102933004,2.6845652428164613e-05,2
2020-10-18,0,,,,,0.0,0.0,0.0,0.0,0
2020-10-19,8,1.0,6.0,1.0,0.0,4.156584795622621,0.9271056589459475,0.00017474283868068596,0.07111265544153851,5
2020-10-20,6,0.0,4.0,1.0,1.0,1.1917165026588916,0.00013862031119060703,0.00019339452137501212,0.03319615037707984,6
2020-10-21,6,0.0,5.0,1.0,0.0,1.8720500192139298,0.00012574211905302946,0.00015016505676612724,0.020741148712659196,6
2020-10-22,7,0.0,4.0,2.0,1.0,0.7134355094822239,0.00012783023612428224,0.24474312995880604,0.018142287784939846,7
2020-10-23,8,3.0,5.0,0.0,0.0,1.128099513491179,0.05406034971565524,0.0016289835584756408,0.00014690435818920378,8
2020-10-24,4,1.0,3.0,0.0,0.0,2.9959156622426235,0.00010684122207749169,9.850275273493025e-05,7.08886200300185e-05,4
2020-10-25,0,,,,,0.0,0.0,0.0,0.0,0
2020-10-26,5,1.0,4.0,0.0,0.0,2.9969981603571796,0.0001673651331657311,9.50043358898256e-05,8.00466750661144e-05,5
2020-10-27,7,1.0,3.0,0.0,3.0,0.9882263748695549,0.00014564189041266218,0.025091227576922306,9.752795813255943e-05,7
2020-10-28,3,1.0,2.0,0.0,0.0,0.5468660881306278,0.023599159090735976,0.0014439981696340708,4.442714180186158e-05,3
2020-10-29,4,1.0,3.0,0.0,0.0,1.078986211454321,0.047840781728154806,0.0012603763952937766,5.314395093591884e-05,4
2020-10-30,7,0.0,5.0,0.0,2.0,4.1814282949781045,0.002217319857663674,1.9023091275375918,0.00010335263050365029,7
2020-10-31,7,3.0,4.0,0.0,0.0,1.0323383982104135,0.15549211111829203,0.0017639141315156288,0.002467986666488213,7
2020-11-01,0,,,,,0.0,0.0,0.0,0.0,0
2020-11-02,0,,,,,0.0,0.0,0.0,0.0,0
2020-11-03,4,0.0,2.0,0.0,2.0,0.008380228828173122,6.889353971928358e-05,0.9281011000930448,5.2067911383346654e-05,4
2020-11-04,3,0.0,2.0,0.0,1.0,0.18382724514231086,6.296080755419098e-05,0.24460041505699334,4.439320673554903e-05,3
2020-11-05,9,0.0,5.0,0.0,4.0,1.7425203460934422,0.00020255365416232962,0.9730617003033329,0.0006484299201474541,9
2020-11-06,3,0.0,3.0,0.0,0.0,2.873901128768921,8.448584048892371e-05,7.822228508302942e-05,5.9890493503189646e-05,3
2020-11-07,4,0.0,4.0,0.0,0.0,0.03859759674742224,7.902163270046003e-05,0.00029686612288050136,5.542250437429175e-05,4
2020-11-08,0,,,,,0.0,0.0,0.0,0.0,0
2020-11-09,12,2.0,5.0,3.0,2.0,2.2984553699661774,0.06289078412191879,0.9251781882121575,0.06721286081301489,12
2020-11-10,6,1.0,3.0,0.0,2.0,2.0286006869173434,0.00011911128785868641,1.8388887377768697,0.0037788257159263243,6
2020-11-11,6,1.0,3.0,1.0,1.0,0.9625619535800066,0.9586352264996093,0.9100266665818708,0.0024561886457376827,6
2020-11-12,8,0.0,4.0,2.0,2.0,0.021355236738599823,0.00013314924581209198,1.7635555709484834,0.011348092968546478,6
2020-11-13,4,0.0,3.0,0.0,1.0,0.8008159954333676,9.805641457205638e-05,0.9417033351946884,6.608258627238683e-05,3
2020-11-14,7,2.0,3.0,1.0,1.0,0.9979627896282182,0.04641074917617515,0.004549568846414302,0.0019065188735111812,6
2020-11-15,0,,,,,0.0,0.0,0.0,0.0,0
2020-11-16,2,0.0,2.0,0.0,0.0,0.9978186791850021,3.940910755773075e-05,4.706380968855228e-05,0.0017386647677994744,2
2020-11-17,8,1.0,3.0,0.0,4.0,0.972740674511442,0.0002749450941336374,0.9162014540288508,0.00010898363507294562,8
2020-11-18,8,0.0,6.0,2.0,0.0,3.0382973664382007,0.00017512772137706634,0.0002547352523833979,0.9752349983737075,7
2020-11-19,6,1.0,4.0,0.0,1.0,1.1922749737823322,0.9478443769639853,0.859937852411349,8.379172413697233e-05,6
2020-11-20,4,1.0,2.0,1.0,0.0,0.6197651068705454,0.025114636408034078,0.0005644330740323547,0.000355801897057881,4
2020-11-21,3,0.0,0.0,0.0,3.0,4.5345817852648906e-05,4.783449548995122e-05,0.9140516056213527,4.2843148548854515e-05,3
2020-11-22,0,,,,,0.0,0.0,0.0,0.0,0
2020-11-23,9,0.0,8.0,1.0,0.0,3.800085908475012,0.00021060819472040748,0.00026683153100748314,0.930538506476296,6
2020-11-24,7,1.0,4.0,1.0,1.0,1.0005233188985585,0.00012708943722827826,0.935941213814658,0.0010166858846786721,6
2020-11-25,2,0.0,0.0,1.0,1.0,0.0103122476721181,4.045555760967545e-05,0.9358060215963632,0.9056161140815676,2
2020-11-26,10,2.0,4.0,2.0,2.0,1.2797433549421835,1.903786682145437,1.8352007930170655,1.8318241463621234,5
2020-11-27,0,,,,,0.0,0.0,0.0,0.0,0
2020-11-28,1,0.0,1.0,0.0,0.0,0.9936324954032898,2.38985176110873e-05,4.435841765371151e-05,1.6840100215631537e-05,1
2020-11-29,0,,,,,0.0,0.0,0.0,0.0,0
2020-11-30,7,0.0,4.0,0.0,3.0,2.9440784951893875,0.000141372435791709,0.25068017893863714,0.00010480376568011707,7
2020-12-01,5,1.0,4.0,0.0,0.0,1.0310714872975948,9.50477897276869e-05,0.0012431545601429954,7.174003712862032e-05,5
2020-12-02,2,2.0,0.0,0.0,0.0,0.0012707286387012248,0.9269562213648896,3.8846750612719916e-05,2.776317433017539e-05,1
2020-12-03,5,0.0,5.0,0.0,0.0,1.001707506024104,0.00010668100094335387,8.200757383747259e-05,6.837204909970751e-05,4
2020-12-04,3,0.0,3.0,0.0,0.0,0.005138227494171509,5.6456008678651415e-05,5.395726839196868e-05,4.220739901938941e-05,3
2020-12-05,1,0.0,1.0,0.0,0.0,2.666863474587444e-05,2.027085065492429e-05,1.871178756118752e-05,1.4706281945109367e-05,1
2020-12-06,0,,,,,0.0,0.0,0.0,0.0,0
2020-12-07,2,2.0,0.0,0.0,0.0,6.0820175349363126e-05,0.0875870771706104,0.0003602701617637,2.8894191018480342e-05,2
2020-12-08,0,,,,,0.0,0.0,0.0,0.0,0
2020-12-09,3,0.0,1.0,2.0,0.0,0.0003210219438186449,4.85422042402206e-05,6.744837628502864e-05,0.023065355070684638,2
2020-12-10,5,1.0,0.0,1.0,3.0,0.009552497254844474,0.7909838434534322,0.9395029140523546,0.02071270533451751,5
2020-12-11,3,0.0,1.0,0.0,2.0,0.9986450382421025,0.00018128765623251467,0.0071189305162987,4.151984012423782e-05,3
2020-12-12,3,1.0,2.0,0.0,0.0,0.0017762848656274327,0.9346398123998371,5.337897346180398e-05,3.883036697516218e-05,3
2020-12-13,0,,,,,0.0,0.0,0.0,0.0,0
2020-12-14,12,0.0,4.0,2.0,6.0,2.1050476377586165,0.012245559039001708,0.7963875738641943,0.04088174261141806,6
2020-12-15,8,0.0,6.0,1.0,1.0,1.9838537089126473,0.0001506086218796554,0.00026386475838080514,0.00040911479663909586,8
2020-12-16,9,2.0,5.0,0.0,2.0,3.8865806593912566,0.9454329227773994,0.5080065967613334,0.0001271891333090025,9
2020-12-17,5,1.0,3.0,1.0,0.0,0.0014999022350820758,0.8645393665929078,9.023553866427392e-05,0.04530118682941971,3
2020-12-18,4,0.0,4.0,0.0,0.0,1.0544453428447014,0.00010631203076627571,0.00013449658763420302,8.526297187927412e-05,4
2020-12-19,16,0.0,7.0,3.0,6.0,5.922843593022662,0.0003398808548809029,1.0194655503273675,0.892267094101953,16
2020-12-20,0,,,,,0.0,0.0,0.0,0.0,0
2020-12-21,6,1.0,3.0,2.0,0.0,1.0761240672618442,0.016568205902331018,0.0007853460101614184,0.049300537565613874,6
2020-12-22,4,0.0,4.0,0.0,0.0,0.8981004777815542,8.593218353780685e-05,8.58539297041716e-05,0.007222752842608275,3
2020-12-23,6,1.0,5.0,0.0,0.0,1.0442451888266078,0.00015368315143859945,0.00021543838556681294,9.134129322774243e-05,5
2020-12-24,9,1.0,7.0,1.0,0.0,3.1577507342481113,0.9347752581597888,0.00022152729070512578,0.031477595877731725,8
2020-12-25,0,,,,,0.0,0.0,0.0,0.0,0
2020-12-26,2,0.0,2.0,0.0,0.0,1.998372197151184,3.5382183341425844e-05,0.0033879531547425998,3.479687620711047e-05,2
2020-12-27,0,,,,,0.0,0.0,0.0,0.0,0
2020-12-28,7,1.0,4.0,0.0,2.0,0.9970502757023495,0.01724584517069152,0.2464355623142182,9.511993084743153e-05,5
2020-12-29,9,0.0,9.0,0.0,0.0,6.981307880720124,0.00022792652271164116,0.00025374988763360307,0.0001446037103960407,8
2020-12-30,5,0.0,5.0,0.0,0.0,3.135141961276531,0.00010019267756433692,9.877102274913341e-05,7.95632322478923e-05,5
2020-12-31,2,0.0,2.0,0.0,0.0,7.210199873952661e-05,3.0644376238342375e-05,2.8501488486654125e-05,2.6659778086468577e-05,1
2021-01-01,0,,,,,0.0,0.0,0.0,0.0,0
2021-01-02,0,,,,,0.0,0.0,0.0,0.0,0
2021-01-03,0,,,,,0.0,0.0,0.0,0.0,0
2021-01-04,1,0.0,1.0,0.0,0.0,4.549351433524862e-05,1.4564394405169878e-05,1.374043040414108e-05,1.272700774279656e-05,1
2021-01-05,1,0.0,0.0,1.0,0.0,0.0001678796834312,1.6690904885763302e-05,9.273067553294824e-05,0.0011760581983253,1
2021-01-06,0,,,,,0.0,0.0,0.0,0.0,0
2021-01-07,0,,,,,0.0,0.0,0.0,0.0,0
2021-01-08,0,,,,,0.0,0.0,0.0,0.0,0
2021-01-09,0,,,,,0.0,0.0,0.0,0.0,0
2021-01-10,0,,,,,0.0,0.0,0.0,0.0,0
2021-01-11,1,0.0,1.0,0.0,0.0,0.2431806921958923,2.671707443369087e-05,2.6544872525846586e-05,1.5923093087621965e-05,1
2021-01-12,1,0.0,1.0,0.0,0.0,0.9933743476867676,2.172251333831809e-05,3.160991400363855e-05,1.557777613925282e-05,1
2021-01-13,0,,,,,0.0,0.0,0.0,0.0,0
2021-01-14,4,4.0,0.0,0.0,0.0,7.691501195949968e-05,0.22903404198586919,0.001672576869168342,5.812145809613866e-05,4
2021-01-15,2,0.0,2.0,0.0,0.0,1.9922918081283567,4.4610127588384785e-05,4.515411455940921e-05,3.1412702810484916e-05,2
2021-01-16,3,0.0,3.0,0.0,0.0,2.988309919834137,7.220347652037162e-05,0.00011091066699009389,5.1635517593240365e-05,3
2021-01-17,0,,,,,0.0,0.0,0.0,0.0,0
2021-01-18,4,0.0,4.0,0.0,0.0,3.8754994869232178,0.0007813652337060001,0.0037566999671979,5.6375766689598095e-05,4
2021-01-19,2,1.0,0.0,0.0,1.0,0.00015783066919539124,0.20809738010211723,0.2445600584351268,2.6299057935830206e-05,1
2021-01-20,3,0.0,3.0,0.0,0.0,1.0047049291606525,5.573043199547101e-05,4.9972634769801516e-05,4.21416252720519e-05,2
2021-01-21,0,,,,,0.0,0.0,0.0,0.0,0
2021-01-22,1,0.0,1.0,0.0,0.0,0.9993218183517456,3.875398033414968e-05,1.9364848412806168e-05,1.4966994058340788e-05,1
2021-01-23,0,,,,,0.0,0.0,0.0,0.0,0
2021-01-24,0,,,,,0.0,0.0,0.0,0.0,0
2021-01-25,2,1.0,1.0,0.0,0.0,0.0038392761489376,0.9346356706155348,3.911755629815161e-05,4.058720423927298e-05,2
2021-01-26,1,1.0,0.0,0.0,0.0,4.15412214351818e-05,0.0171431880444288,4.733361492981203e-05,1.2956475075043272e-05,1
2021-01-27,9,1.0,6.0,0.0,2.0,3.008660398449138,0.017296981970503028,0.001803551707780506,0.0001307106022068183,9
2021-01-28,3,1.0,1.0,0.0,1.0,0.00010361240856582299,5.248577144811861e-05,0.004049116936584977,0.000561577284315682,3
2021-01-29,6,0.0,5.0,0.0,1.0,2.997611097071058,0.0001279828802580596,0.004138966112804983,9.07959738469799e-05,6
2021-01-30,1,0.0,0.0,0.0,1.0,0.0413849279284477,1.8129576346836984e-05,0.9049955606460572,1.2735440577671396e-05,1
2021-01-31,0,,,,,0.0,0.0,0.0,0.0,0
2021-02-01,2,0.0,1.0,1.0,0.0,0.0015586994995828,3.4215127016068436e-05,3.767227099160664e-05,0.011168944389282748,2
2021-02-02,6,1.0,5.0,0.0,0.0,3.9431596576832817,0.00016475074517074972,0.000157497715917998,9.838768528425135e-05,6
2021-02-03,7,0.0,5.0,2.0,0.0,0.0006812176379751623,0.00011846764573419932,0.00012564833741635084,0.04138760836030981,7
2021-02-04,3,1.0,1.0,1.0,0.0,0.10712673799207542,0.015988483864930375,5.9729953136411496e-05,0.04527458193933849,3
2021-02-05,6,0.0,3.0,1.0,2.0,3.012082532484783,0.00013621938342112117,1.7592856550018041,0.00037533940940187496,6
2021-02-06,1,0.0,0.0,1.0,0.0,0.0013657292583957,1.6639936802675948e-05,2.137071714969352e-05,0.0111566111445426,1
2021-02-07,0,,,,,0.0,0.0,0.0,0.0,0
2021-02-08,7,1.0,4.0,0.0,2.0,0.1002965103580208,0.00012277709538466297,0.0002292830458827666,0.00010210501932306215,6
2021-02-09,4,2.0,2.0,0.0,0.0,0.0035717833961825245,0.9346585137127477,7.339171770581743e-05,5.794347725895932e-05,4
2021-02-10,7,0.0,4.0,1.0,2.0,2.92738881034893,0.00011701400671881856,0.00941359469106817,0.0006195860596562576,7
2021-02-11,14,2.0,8.0,0.0,4.0,3.0335080542372452,1.89804684981209,1.5591840545257583,0.0007188664749264363,9
2021-02-12,3,0.0,3.0,0.0,0.0,0.00039194710552679853,4.755325062433258e-05,4.6381169340747874e-05,3.705542349052848e-05,3
2021-02-13,3,1.0,2.0,0.0,0.0,0.0001504736974311527,5.1338803132239264e-05,5.231823433859972e-05,4.047334550705273e-05,3
2021-02-14,0,,,,,0.0,0.0,0.0,0.0,0
2021-02-15,6,1.0,5.0,0.0,0.0,2.0474986393383006,0.0001143292920460226,0.004768242177306089,9.231128933606669e-05,5
2021-02-16,3,0.0,1.0,0.0,2.0,0.011697525398630974,5.28502951055998e-05,0.9280816062728263,3.990611276094569e-05,3
2021-02-17,13,1.0,5.0,3.0,4.0,0.017192018976856783,0.054958070354587024,1.7626298765135286,0.9474650389265662,2
2021-02-18,2,0.0,0.0,0.0,2.0,0.0031116533446037494,3.1217694413498975e-05,0.0054505186562891,2.713519279495813e-05,2
2021-02-19,10,1.0,4.0,1.0,4.0,2.890888557872131,0.0010350417842345078,0.9676657650988999,0.0005642737396555329,4
2021-02-20,2,0.0,1.0,0.0,1.0,0.9371801845591107,3.105923769908259e-05,7.394259591819718e-05,2.738379225775134e-05,2
2021-02-21,0,,,,,0.0,0.0,0.0,0.0,0
2021-02-22,9,0.0,6.0,0.0,3.0,4.356722105299923,0.00018327715588384308,0.251667655440542,0.0001321407144132536,9
2021-02-23,11,0.0,6.0,3.0,2.0,1.0132293811184352,0.00018205744436272653,1.787408477108329,0.0034747495519694394,11
2021-02-24,5,0.0,2.0,1.0,2.0,0.009829016067669684,0.0001017945323837921,0.26051312480922195,0.00017297670910915947,5
2021-02-25,3,0.0,2.0,1.0,0.0,0.0004983274920958,4.731226363219321e-05,4.820709000341594e-05,0.020684358611106277,3
2021-02-26,34,4.0,20.0,3.0,7.0,2.4147087172768797,2.2467403093605753,3.552249853611101,0.961427018605718,34
2021-02-27,2,0.0,0.0,1.0,1.0,0.00012629310913317388,3.504058622638695e-05,5.812549170514103e-05,0.19150034901394966,1
2021-02-28,0,,,,,0.0,0.0,0.0,0.0,0
2021-03-01,8,1.0,3.0,2.0,2.0,0.9797045938230441,0.0001587799888511654,0.0046318848972077215,0.009750841013556005,8
2021-03-02,5,0.0,4.0,0.0,1.0,1.980318469912163,9.824773042055313e-05,0.8592418656098744,7.201181961136172e-05,5
2021-03-03,3,0.0,2.0,1.0,0.0,0.9689599996636389,5.7654266129247844e-05,6.417062468244694e-05,0.011187495842023026,3
2021-03-04,5,0.0,3.0,1.0,1.0,0.027541589985048385,8.412029274040833e-05,0.9108448070401209,0.2816606634869458,4
2021-03-05,1,0.0,1.0,0.0,0.0,1.7126942111644894e-05,1.6737896658014506e-05,1.5414576409966685e-05,1.3175583262636792e-05,0
2021-03-06,1,0.0,0.0,0.0,1.0,4.013751822640188e-05,1.6310432329191826e-05,0.0411093831062316,1.2597548447956797e-05,1
2021-03-07,0,,,,,0.0,0.0,0.0,0.0,0
2021-03-08,23,0.0,9.0,5.0,9.0,1.052349779889482,0.04283164444768763,3.7461946580178846,1.4010831994528414,23
2021-03-09,7,1.0,4.0,0.0,2.0,2.0019403576625336,0.00015393160992971389,0.9378639421211118,9.859037800197257e-05,6
2021-03-10,13,7.0,4.0,1.0,1.0,0.9998618798817915,1.2766149210456201,0.006877305334455302,0.9650445494671658,10
2021-03-11,16,5.0,5.0,0.0,6.0,1.0351496367056823,0.21783602957566445,2.1986397919372385,0.0007496167545468,10
2021-03-12,11,1.0,5.0,1.0,4.0,3.991528655498769,0.0245312596798611,0.9710716099416458,0.0495297766383372,2
2021-03-13,2,0.0,2.0,0.0,0.0,8.656681893626228e-05,3.165225461998489e-05,2.8980922252230812e-05,2.569771822891198e-05,0
2021-03-14,0,,,,,0.0,0.0,0.0,0.0,0
2021-03-15,14,0.0,8.0,1.0,5.0,5.962289587418127,0.0002853634941857308,0.012929486101711319,0.045443667417202925,14
2021-03-16,4,0.0,4.0,0.0,0.0,0.9964466384717523,7.288383858394809e-05,0.00013786000272375531,5.799186237709364e-05,4
2021-03-17,3,1.0,0.0,1.0,1.0,0.0018084227740473187,0.9346726615458465,0.0008514637156621669,0.00031840016436031603,3
2021-03-18,9,2.0,2.0,2.0,3.0,0.09811361217725763,1.899848684236531,0.9448475052367938,0.9714552959831053,8
2021-03-19,2,0.0,2.0,0.0,0.0,1.9913285970687864,4.188650564174168e-05,5.9441776102175936e-05,3.800612103077583e-05,2
2021-03-20,0,,,,,0.0,0.0,0.0,0.0,0
2021-03-21,0,,,,,0.0,0.0,0.0,0.0,0
2021-03-22,8,1.0,6.0,0.0,1.0,3.63051202229326,0.00015635489398846403,0.016144748980877827,0.003317616312415286,7
2021-03-23,5,0.0,3.0,0.0,2.0,2.9609175299774506,9.810564006329514e-05,0.0170618023839776,7.650936458958313e-05,5
2021-03-24,5,0.0,4.0,0.0,1.0,0.04531615487940128,8.643267483421369e-05,0.9050601194858247,6.713811762892874e-05,4
2021-03-25,14,5.0,5.0,2.0,2.0,2.961128846960491,0.9348622238194367,1.2256427307656848,0.022488619761134022,13
2021-03-26,19,4.0,5.0,4.0,6.0,2.0367621275181587,1.944643464727051,3.045695116935349,2.230658284635865,19
2021-03-27,9,2.0,0.0,3.0,4.0,0.005506971177964993,1.8932800369220786,3.6944562497319566,0.06664498278314562,9
2021-03-28,0,,,,,0.0,0.0,0.0,0.0,0
2021-03-29,6,0.0,3.0,0.0,3.0,0.019831360796160803,0.00010800572636071593,0.9233596934118395,8.375637480639853e-05,3
2021-03-30,14,1.0,9.0,2.0,2.0,1.9145288079080272,0.9166782269685426,0.0007741615345366093,0.04738266024833136,6
2021-03-31,5,0.0,3.0,0.0,2.0,1.0040631673036842,9.592275637260173e-05,0.024520840092009128,7.466917304554954e-05,5
2021-04-01,2,0.0,2.0,0.0,0.0,1.9422497749328613,4.01693832827732e-05,3.667664532258641e-05,3.336896770633757e-05,2
2021-04-02,9,0.0,3.0,3.0,3.0,0.00300443001651719,0.00024767900686126904,1.7089411843444395,1.4362844552606473,0
2021-04-03,0,,,,,0.0,0.0,0.0,0.0,0
2021-04-04,0,,,,,0.0,0.0,0.0,0.0,0
2021-04-05,9,1.0,7.0,0.0,1.0,4.837874842887686,0.0002207387815360562,0.9460419599336091,0.00013780631888948847,9
2021-04-06,10,1.0,6.0,0.0,3.0,3.1204025999977603,0.0007093977892507742,0.015686715905758195,0.0001499531244917307,10
2021-04-07,15,1.0,5.0,5.0,4.0,0.945165193125831,0.002084500061755419,1.7052128915220237,0.103339355697244,3
2021-04-08,3,1.0,1.0,0.0,1.0,5.3504509196500294e-05,5.2396994760783855e-05,0.9578322695360839,4.148456446273485e-05,2
2021-04-09,2,2.0,0.0,0.0,0.0,0.0027191110630154914,0.00940641395027337,0.0016405674159614071,2.8743897928507067e-05,0
2021-04-10,2,0.0,1.0,0.0,1.0,0.0040840612491592,3.718694097187836e-05,0.9597870203942874,3.0387772312678862e-05,2
2021-04-11,0,,,,,0.0,0.0,0.0,0.0,0
2021-04-12,2,0.0,0.0,1.0,1.0,0.0006583418908121004,3.316717629786581e-05,0.004142529945966081,0.05029692465086552,2
2021-04-13,20,3.0,3.0,3.0,11.0,0.02274651493189575,0.003698681315654479,2.9524764372417844,0.022323756565128732,6
2021-04-14,10,2.0,2.0,2.0,4.0,0.005693931980203828,0.05205853450297571,0.9552580789677447,0.2819968874846381,1
2021-04-15,4,2.0,1.0,1.0,0.0,0.004258783494151392,0.06961691469496137,0.0008613514719398975,0.031400272268001544,3
2021-04-16,7,0.0,6.0,0.0,1.0,4.3163643279112875,0.0030115559238765074,0.8671276299901364,0.00011297633864160161,7
2021-04-17,7,0.0,5.0,1.0,1.0,0.05102000325678064,0.00972994571657171,0.9557759521949266,0.011254709840613913,7
2021-04-18,0,,,,,0.0,0.0,0.0,0.0,0
2021-04-19,1,0.0,1.0,0.0,0.0,4.866942254011519e-05,1.5213847291306593e-05,3.136322993668728e-05,1.357143173663644e-05,1
2021-04-20,1,0.0,1.0,0.0,0.0,3.968189412262291e-05,1.6469273759867065e-05,2.0610663341358304e-05,1.317800797551172e-05,1
2021-04-21,13,1.0,2.0,7.0,3.0,0.02913814914154495,0.00025153836759272963,1.0600504426856787,0.48915349375965866,3
2021-04-22,8,3.0,1.0,1.0,3.0,0.014109359268331758,0.0001459665791117004,1.6554279124320601,0.01125488645902803,8
2021-04-23,11,0.0,9.0,0.0,2.0,8.81475226542534,0.0003739151798071311,0.002229304423963099,0.00018254900169267785,11
2021-04-24,4,0.0,2.0,2.0,0.0,0.00014222906793293077,6.0005422710673884e-05,9.351299286208814e-05,0.0006639323455599864,2
2021-04-25,0,,,,,0.0,0.0,0.0,0.0,0
2021-04-26,2,0.0,1.0,1.0,0.0,0.9586060080328025,0.00019714277368618356,0.001002735458314372,0.050297332360059885,2
2021-04-27,4,0.0,2.0,1.0,1.0,0.0070369306813516525,7.417485176119953e-05,0.004174996507572359,0.027535028789316126,3
2021-04-28,2,0.0,2.0,0.0,0.0,1.9617173671722412,0.0002782617812044,0.0011965605663134,2.689856592041906e-05,2
2021-04-29,5,0.0,3.0,0.0,2.0,2.0214373469352718,0.0032052183414634002,1.7183921903215378,7.564633051515557e-05,5
2021-04-30,3,0.0,2.0,1.0,0.0,0.9810679170223011,0.00017195175496453,0.0006363103220791633,0.020687100183749862,3
2021-05-01,3,1.0,2.0,0.0,0.0,1.9872714703251402,0.021623120519507134,0.0007358594612013837,4.3905946768063586e-05,3
2021-05-02,0,,,,,0.0,0.0,0.0,0.0,0
2021-05-03,2,0.0,2.0,0.0,0.0,1.9868636727333069,0.00022193236509335595,0.0008907107512640333,2.9003745112277102e-05,2
2021-05-04,3,1.0,0.0,0.0,2.0,0.008322326446432262,5.3746363846585155e-05,1.1892958598036782,4.120174162380863e-05,3
2021-05-05,6,0.0,3.0,0.0,3.0,0.031812856941542,0.00011099223229393829,1.878970788930019,7.824119984434219e-05,6
2021-05-06,6,0.0,6.0,0.0,0.0,4.628878623450873,0.0002732768880377667,0.0007348191629716009,9.533920911053428e-05,6
2021-05-07,8,1.0,6.0,1.0,0.0,5.868813901341127,0.00028672234293471513,0.007797881651640467,0.007881996204559769,8
2021-05-08,0,,,,,0.0,0.0,0.0,0.0,0
2021-05-09,0,,,,,0.0,0.0,0.0,0.0,0
2021-05-10,6,0.0,2.0,0.0,4.0,0.9905441164501098,0.0001086796310119098,0.8017765132826751,8.284550222015241e-05,5
2021-05-11,3,1.0,2.0,0.0,0.0,0.00010725696847657673,5.223172775004059e-05,7.207711860246491e-05,4.181654094281839e-05,3
2021-05-12,7,0.0,2.0,3.0,2.0,0.999547429665654,0.00010840782579180086,0.000210986921956613,0.006120355667917355,5
2021-05-13,9,1.0,1.0,5.0,2.0,0.009061630316864286,0.9905419472361247,0.03220411417714778,2.9877309193707333,3
2021-05-14,5,2.0,0.0,0.0,3.0,0.05229662729470872,9.393331129103899e-05,1.6528478641266702,7.51111974750529e-05,5
2021-05-15,2,0.0,0.0,1.0,1.0,0.0126915916916913,3.4525013688835315e-05,0.9640125314708712,0.04526118474677784,2
2021-05-16,0,,,,,0.0,0.0,0.0,0.0,0
2021-05-17,2,1.0,1.0,0.0,0.0,0.002991334455145945,0.9585716018173115,3.749819916265551e-05,2.5121980797848664e-05,1
2021-05-18,7,2.0,4.0,1.0,0.0,3.1283342316164635,1.8805306510130322,0.0015749646390758457,0.04533296075987888,6
2021-05-19,2,1.0,1.0,0.0,0.0,0.9752808918492519,4.784309749084059e-05,7.221248779387679e-05,3.2930527595453896e-05,2
2021-05-20,11,1.0,5.0,4.0,1.0,0.7529908684846303,0.00020904674147459446,0.0002460571686242474,0.04822217427954442,6
2021-05-21,2,0.0,1.0,0.0,1.0,8.203956531360745e-05,2.8411057428456843e-05,0.012239683326697478,2.4716692678339314e-05,2
2021-05-22,1,0.0,0.0,1.0,0.0,0.0006241812370717,1.633153806324117e-05,3.287863000878133e-05,0.0502836927771568,1
2021-05-23,0,,,,,0.0,0.0,0.0,0.0,0
2021-05-24,8,0.0,7.0,1.0,0.0,4.789935922763107,0.0011320192861603152,0.0012118603772248294,0.00043628213916230204,8
2021-05-25,2,0.0,2.0,0.0,0.0,0.9956142716109754,4.254270425008144e-05,4.7727398850838654e-05,3.845843093586154e-05,2
2021-05-26,3,0.0,3.0,0.0,0.0,1.9882914051413536,0.0217160287138538,0.000878897359143568,4.256291867932305e-05,3
2021-05-27,7,1.0,6.0,0.0,0.0,4.83591889948184,0.0003563785721779813,0.008868936945873299,0.004312039981414259,7
2021-05-28,4,0.0,3.0,1.0,0.0,1.7494412159139756,0.00040954877476898885,0.0002445415229885053,0.011208357135728781,4
2021-05-29,4,1.0,1.0,0.0,2.0,0.9251572221546666,0.9349855075597588,0.8633627333765616,0.0005736271186833265,4
2021-05-30,0,,,,,0.0,0.0,0.0,0.0,0
2021-05-31,3,0.0,3.0,0.0,0.0,1.9808608982348233,6.152471905807033e-05,7.491286305594258e-05,0.0029066004535706373,3
2021-06-01,5,0.0,3.0,1.0,1.0,0.9675440242535842,0.00029073837049503647,0.012577986930409568,0.011208592815819336,5
2021-06-02,4,0.0,3.0,1.0,0.0,0.9374141716834855,6.140786990727065e-05,8.857190914568491e-05,0.0003410425651963119,4
2021-06-03,6,1.0,3.0,0.0,2.0,0.0019241494719607936,0.00011022740181942936,0.0001571604279888561,8.74621537150233e-05,6
2021-06-04,3,0.0,3.0,0.0,0.0,1.1433831209942582,6.759190728189424e-05,0.002102462633047212,4.32520437243511e-05,3
2021-06-05,2,0.0,1.0,0.0,1.0,0.0007068797658574994,3.891664709954057e-05,0.8524924092816946,2.8648456463997718e-05,2
2021-06-06,0,,,,,0.0,0.0,0.0,0.0,0
2021-06-07,7,0.0,4.0,2.0,1.0,1.983214905980276,0.0027711342900146995,0.9536018966882692,0.048212801266345195,5
2021-06-08,4,0.0,4.0,0.0,0.0,2.9617789133280894,9.715984560898505e-05,0.00015297599020414054,6.659967948507983e-05,4
2021-06-09,4,0.0,3.0,1.0,0.0,2.945855292899068,0.003493561627692513,0.00031907897209742446,0.0012306693224672567,4
2021-06-10,7,1.0,4.0,1.0,1.0,1.1108655834177623,0.016076976946351264,0.004132612224566327,0.05088754097323539,7
2021-06-11,3,0.0,1.0,1.0,1.0,0.9951560382396564,5.241672261036001e-05,0.24460495598395932,0.05031264413082679,3
2021-06-12,2,0.0,2.0,0.0,0.0,0.9519268888980149,0.0001953283590409851,0.0002602524582470659,2.7059119929617736e-05,2
2021-06-13,0,,,,,0.0,0.0,0.0,0.0,0
2021-06-14,9,0.0,5.0,1.0,3.0,2.956385504878199,0.00019429692656558473,0.8573483522977766,0.020825038831389975,9
2021-06-15,4,0.0,3.0,0.0,1.0,0.9951941399558564,0.0005329751202225366,0.2459777298190601,5.3811862017028034e-05,4
2021-06-16,8,0.0,7.0,0.0,1.0,1.9961692792294343,0.00014516160445054993,0.014234530908652086,0.0006302656856859912,6
2021-06-17,6,0.0,4.0,1.0,1.0,2.948424469181191,0.00040746186095923784,0.9417992438620786,0.05035696164668476,5
2021-06-18,1,0.0,0.0,0.0,1.0,6.953204865567386e-05,1.5974705092958175e-05,0.0001112754398491,1.2915923434775324e-05,0
2021-06-19,2,0.0,2.0,0.0,0.0,0.005336842936230699,4.380041173135396e-05,3.9906597521621734e-05,2.927372497651959e-05,1
2021-06-20,0,,,,,0.0,0.0,0.0,0.0,0
2021-06-21,4,0.0,3.0,0.0,1.0,0.9992825071913102,7.526432727900101e-05,0.6999055925107314,0.0040344584731428,4
2021-06-22,3,0.0,2.0,0.0,1.0,0.004599956257152263,6.261523049033713e-05,0.24457016647647828,4.25952648583916e-05,2
2021-06-23,5,0.0,5.0,0.0,0.0,3.9493159273988567,0.013425355231447384,0.0005227137062318757,7.628116509295069e-05,5
2021-06-24,5,2.0,3.0,0.0,0.0,2.1338707798640826,0.9270449588966584,0.00011970406376349274,9.160893296211725e-05,4
2021-06-25,5,0.0,4.0,0.0,1.0,3.8926414484885754,0.00017262581059185322,0.004108225552044968,0.0006242109811864439,5
2021-06-26,2,1.0,0.0,0.0,1.0,0.0030907513573765,0.9107849813281064,0.975625185325043,2.75662951025879e-05,2
2021-06-27,0,,,,,0.0,0.0,0.0,0.0,0
2021-06-28,1,0.0,0.0,1.0,0.0,0.0008813732420094,1.483215055486653e-05,2.1783522242913023e-05,0.0452475361526012,1
2021-06-29,1,0.0,1.0,0.0,0.0,0.2825379371643066,2.7047664843848903e-05,3.192344229319133e-05,1.5681471268180758e-05,1
2021-06-30,10,1.0,7.0,0.0,2.0,2.987123351822447,0.0002224376521553495,1.016070284153102,0.00014569815175491385,10
2021-07-01,8,0.0,5.0,1.0,2.0,2.2562227855232773,0.00022312760665954556,0.9882114745814761,0.03902303564700546,7
2021-07-02,11,1.0,5.0,0.0,5.0,0.0003248387984058354,0.00025740281944308663,1.040780663344776,0.00036402639943837093,11
2021-07-03,4,0.0,1.0,0.0,3.0,0.00010040991583082359,0.00012228049763507443,0.512493286476456,5.955689266556874e-05,4
2021-07-04,0,,,,,0.0,0.0,0.0,0.0,0
2021-07-05,7,0.0,6.0,0.0,1.0,4.0181526261039835,0.00012922958376293536,0.008902467578081961,0.00011270769209659193,7
2021-07-06,8,2.0,3.0,2.0,1.0,0.9501546977044196,0.8078560886533521,0.9832900638657518,0.09431637144552935,5
2021-07-07,2,0.0,2.0,0.0,0.0,0.9383652131073177,0.0001488644375057481,0.00018244529746877985,5.127581789565738e-05,2
2021-07-08,9,2.0,4.0,0.0,3.0,1.0517118751604355,0.0001690601548034465,2.034458290395378,0.00012988487287657335,9
2021-07-09,4,0.0,3.0,1.0,0.0,1.9960178227302094,9.282959945267066e-05,7.915312562545296e-05,0.04529436049961077,4
2021-07-10,13,2.0,2.0,3.0,6.0,0.015232116032166145,0.6688863362542178,1.9334969923602328,0.92756386523979,0
2021-07-11,0,,,,,0.0,0.0,0.0,0.0,0
2021-07-12,5,0.0,2.0,1.0,2.0,1.8990854603871412,0.0003773383268707631,0.8532358939482946,0.0014180511807352608,3
2021-07-13,2,0.0,2.0,0.0,0.0,0.7993355841463199,3.4052134651574306e-05,5.05451753269881e-05,3.0259091545303818e-05,2
2021-07-14,6,0.0,5.0,0.0,1.0,3.963955987499503,0.00013572173884313088,0.004215301345539002,0.00010697669495129958,6
2021-07-15,8,1.0,5.0,1.0,1.0,3.92834074179882,0.0001722344422887545,0.9636919445383684,0.011267346689237363,8
2021-07-16,3,0.0,0.0,2.0,1.0,0.0007371488572970584,4.557085230771918e-05,0.2446722949425747,0.0043983562918583075,2
2021-07-17,2,0.0,2.0,0.0,0.0,0.0002551466914154919,3.525673128024209e-05,3.386972639418673e-05,2.6227038688375615e-05,0
2021-07-18,0,,,,,0.0,0.0,0.0,0.0,0
2021-07-19,5,2.0,1.0,0.0,2.0,0.0026431244623381644,0.00010114219730894547,0.008421319873377712,7.174041002144804e-05,5
2021-07-20,3,0.0,2.0,0.0,1.0,0.0684244348667561,5.5200562201207504e-05,0.9138565910216129,3.870081582135754e-05,3
2021-07-21,1,0.0,1.0,0.0,0.0,0.0606586411595344,3.500068487483077e-05,0.0499730333685874,1.541675919725094e-05,1
2021-07-22,5,0.0,4.0,0.0,1.0,3.000435872672824,0.00012185393825348001,0.8608079684563562,7.446413201250834e-05,4
2021-07-23,5,0.0,5.0,0.0,0.0,3.733377735130489,0.00015545988208032213,0.00013504226808436215,0.00018059682770399377,5
2021-07-24,5,1.0,3.0,0.0,1.0,0.9637490843670092,0.00011495625585666858,0.9050982070257306,7.585738694615429e-05,5
2021-07-25,0,,,,,0.0,0.0,0.0,0.0,0
2021-07-26,4,0.0,0.0,0.0,4.0,0.0035293461914988793,0.00011914822971448302,0.25853901682421543,0.0005732288327635261,4
2021-07-27,3,0.0,1.0,1.0,1.0,0.0008889603996066379,5.0279842980671674e-05,0.24459399918123378,0.05030900049951012,3
2021-07-28,2,0.0,1.0,0.0,1.0,8.8935557869263e-05,3.311098589620087e-05,0.24456133625972137,2.615004723338643e-05,1
2021-07-29,5,1.0,3.0,0.0,1.0,1.1156301810769944,0.9270458206192415,0.7449659212670667,7.640232979611028e-05,3
2021-07-30,7,1.0,6.0,0.0,0.0,2.0486459427502264,0.9453827701654516,0.0007263399620568677,0.00011883715797011973,6
2021-07-31,2,0.0,2.0,0.0,0.0,0.9967811033129692,8.18306962173665e-05,5.189509829506278e-05,3.4708145904005505e-05,2
2021-08-01,0,,,,,0.0,0.0,0.0,0.0,0
2021-08-02,14,2.0,4.0,2.0,6.0,0.20675293395379402,0.028645597211834586,2.82064718915899,0.0005845342066094905,4
2021-08-03,6,2.0,3.0,0.0,1.0,0.034199057199657545,0.00011118516977148829,0.00018269227530254284,8.335028906003572e-05,6
2021-08-04,3,0.0,2.0,0.0,1.0,0.9974214837311591,5.8903196986648254e-05,0.9728279295013635,4.203760363452602e-05,3
2021-08-05,3,0.0,2.0,1.0,0.0,1.892866167559987,8.324023838213179e-05,5.7671841204864904e-05,0.00014686209033243033,3
2021-08-06,3,0.0,2.0,1.0,0.0,0.056709341224632094,5.863547085027676e-05,8.49717362143565e-05,0.003555308901923094,3
2021-08-07,0,,,,,0.0,0.0,0.0,0.0,0
2021-08-08,0,,,,,0.0,0.0,0.0,0.0,0
2021-08-09,5,0.0,4.0,0.0,1.0,3.964054726639006,0.0001690470253379317,0.00013409715393208899,8.525410430593183e-05,5
2021-08-10,2,0.0,1.0,1.0,0.0,0.9266349070821889,5.117824730405118e-05,4.82593404740328e-05,0.045320818106119945,2
2021-08-11,0,,,,,0.0,0.0,0.0,0.0,0
2021-08-12,0,,,,,0.0,0.0,0.0,0.0,0
2021-08-13,0,,,,,0.0,0.0,0.0,0.0,0
2021-08-14,0,,,,,0.0,0.0,0.0,0.0,0
2021-08-15,0,,,,,0.0,0.0,0.0,0.0,0
2021-08-16,1,1.0,0.0,0.0,0.0,0.0017403149977326,0.9346042275428772,1.849824548116885e-05,1.2216949471621774e-05,1
2021-08-17,2,2.0,0.0,0.0,0.0,0.0017592206004337248,0.9346247761477571,3.860157085000537e-05,2.7284069801680744e-05,2
2021-08-18,1,0.0,1.0,0.0,0.0,0.997435450553894,2.3269716621143743e-05,4.848678872804157e-05,1.5973510016920045e-05,1
2021-08-19,0,,,,,0.0,0.0,0.0,0.0,0
2021-08-20,4,0.0,3.0,1.0,0.0,2.9308313312067185,0.00014811413529969286,0.00010378220576967578,0.0003571958914107195,4
2021-08-21,0,,,,,0.0,0.0,0.0,0.0,0
2021-08-22,0,,,,,0.0,0.0,0.0,0.0,0
2021-08-23,1,0.0,1.0,0.0,0.0,0.001767071778886,1.9113555026706308e-05,2.104965824401006e-05,1.7932450646185316e-05,1
2021-08-24,1,0.0,1.0,0.0,0.0,0.9923208355903624,2.47659845626913e-05,4.036538666696288e-05,1.6919493646128103e-05,1
2021-08-25,1,0.0,1.0,0.0,0.0,0.9949222803115844,3.349668622831814e-05,1.839723699958995e-05,1.840385994000826e-05,1
2021-08-26,0,,,,,0.0,0.0,0.0,0.0,0
2021-08-27,2,0.0,1.0,0.0,1.0,0.0962670892477035,0.00010122603998752311,0.47528696317749564,3.0761440939386375e-05,2
2021-08-28,0,,,,,0.0,0.0,0.0,0.0,0
2021-08-29,0,,,,,0.0,0.0,0.0,0.0,0
2021-08-30,0,,,,,0.0,0.0,0.0,0.0,0
2021-08-31,3,0.0,2.0,1.0,0.0,1.4243175115407212,6.069602204661351e-05,0.00014807400293648243,0.0012099491086700216,3
2021-09-01,5,0.0,5.0,0.0,0.0,2.2344082309718942,0.0001550516826682724,0.00017003542052407283,8.215581419790396e-05,5
2021-09-02,0,,,,,0.0,0.0,0.0,0.0,0
2021-09-03,0,,,,,0.0,0.0,0.0,0.0,0
2021-09-04,0,,,,,0.0,0.0,0.0,0.0,0
2021-09-05,0,,,,,0.0,0.0,0.0,0.0,0
2021-09-06,1,0.0,1.0,0.0,0.0,0.1807685047388076,2.831041820172686e-05,0.0076560075394809,0.0047620530240237,1
2021-09-07,1,1.0,0.0,0.0,0.0,0.0012518230360001,0.9269356727600098,1.8743425243883397e-05,1.269605400011642e-05,0
2021-09-08,0,,,,,0.0,0.0,0.0,0.0,0
2021-09-09,0,,,,,0.0,0.0,0.0,0.0,0
2021-09-10,4,0.0,1.0,1.0,2.0,0.00017966804625751796,0.00010587070755718742,0.9953786503920126,0.8322207778583106,4
2021-09-11,0,,,,,0.0,0.0,0.0,0.0,0
2021-09-12,0,,,,,0.0,0.0,0.0,0.0,0
2021-09-13,3,1.0,2.0,0.0,0.0,0.07096951924177114,0.9346466416882322,6.74372222420061e-05,4.1582967241993174e-05,2
2021-09-14,7,0.0,5.0,1.0,1.0,2.8818059839177295,0.00011513808931340463,0.26164347424673895,0.02074311143132944,6
2021-09-15,5,1.0,1.0,0.0,3.0,0.01589480132133738,0.9457957213862755,0.9693731485713213,6.586516883544391e-05,4
2021-09-16,2,0.0,2.0,0.0,0.0,1.9961628913879395,6.513321386591997e-05,3.719861342688091e-05,3.371344064362347e-05,2
2021-09-17,2,0.0,2.0,0.0,0.0,1.0037921848706899,5.13012182636885e-05,4.425030965649057e-05,6.65706793370191e-05,2
2021-09-18,2,0.0,1.0,1.0,0.0,0.9991419049329124,3.478183862171136e-05,0.0017341403799945483,0.0011942258261114697,2
2021-09-19,0,,,,,0.0,0.0,0.0,0.0,0
2021-09-20,4,1.0,2.0,0.0,1.0,0.9851546841891832,7.48689581087092e-05,0.948290975024065,5.607073035207577e-05,3
2021-09-21,4,1.0,0.0,2.0,1.0,0.00062677416099167,0.9359450988922617,0.2446693518413667,0.005192072026147732,4
2021-09-22,2,0.0,1.0,0.0,1.0,0.0379994381219147,6.814075459260494e-05,0.910788455112197,3.0428924219449982e-05,2
2021-09-23,5,1.0,2.0,0.0,2.0,0.036370119032653615,0.00012194522787467577,0.8644545801398635,7.067298520269105e-05,5
2021-09-24,1,0.0,0.0,1.0,0.0,0.0003685886913444,1.5409497791551985e-05,2.962915641546715e-05,0.0013031000271439,1
2021-09-25,1,0.0,1.0,0.0,0.0,0.9998359084129332,2.6215106117888357e-05,1.735585101414472e-05,1.683456139289774e-05,1
2021-09-26,0,,,,,0.0,0.0,0.0,0.0,0
2021-09-27,5,0.0,4.0,0.0,1.0,3.697942515835166,0.00018065315271087456,0.9099992086175915,9.042433157446794e-05,5
2021-09-28,7,3.0,2.0,0.0,2.0,0.021027354207035213,2.567827354671863,0.0010349639160266762,9.258778572984738e-05,5
2021-09-29,7,1.0,6.0,0.0,0.0,5.391406845057645,0.0005673356226906574,0.0029931773424321756,0.00010129495422006585,7
2021-09-30,1,0.0,1.0,0.0,0.0,0.9753293991088868,1.8569342500995845e-05,1.939398498507217e-05,1.7464393749833107e-05,1
2021-10-01,2,0.0,1.0,0.0,1.0,0.019865069247316482,3.4681516808632296e-05,0.9543633488074194,2.5050177100638393e-05,2
2021-10-02,0,,,,,0.0,0.0,0.0,0.0,0
2021-10-03,0,,,,,0.0,0.0,0.0,0.0,0
2021-10-04,9,2.0,5.0,0.0,2.0,2.317799887699948,0.0002673838462214917,0.9768641023165399,0.00012804571451852098,8
2021-10-05,2,0.0,2.0,0.0,0.0,0.005124638424604123,3.2383597499574535e-05,3.7144371162867174e-05,2.5972849471145313e-05,2
2021-10-06,13,7.0,4.0,0.0,2.0,2.6841449238072523,0.0003014064914168557,0.9433660117065302,0.0001985514018087997,13
2021-10-07,12,4.0,6.0,0.0,2.0,3.4509809681876504,0.000435592846770301,1.7170861975791922,0.0004404148139656116,12
2021-10-08,2,0.0,1.0,1.0,0.0,0.0007023264042799838,3.490543531370349e-05,0.00010141600068891421,0.05029717809611609,2
2021-10-09,2,0.0,2.0,0.0,0.0,1.098342426121235,0.015975340589648026,6.133065471658483e-05,2.923239389929222e-05,2
2021-10-10,0,,,,,0.0,0.0,0.0,0.0,0
2021-10-11,5,1.0,4.0,0.0,0.0,1.7219566019266495,0.016140293133503205,0.0004881258264503324,7.026885305094765e-05,5
2021-10-12,1,0.0,0.0,0.0,1.0,2.1826348529430103e-05,1.5006611647550017e-05,0.0001057339759427,1.2517378308984917e-05,1
2021-10-13,8,0.0,2.0,1.0,5.0,0.9949182323853165,0.00013437739016808337,1.845763072349655,0.011257414960709838,8
2021-10-14,9,0.0,6.0,1.0,2.0,2.950421363535497,0.0001833097412600182,0.9366688144391445,0.011303749553007919,9
2021-10-15,8,0.0,7.0,1.0,0.0,6.982843024481554,0.004195883020656267,0.15166570111432492,0.04537726085618484,8
2021-10-16,2,0.0,1.0,1.0,0.0,0.997708626673557,3.9718346670269966e-05,4.5680404582526535e-05,0.011172443859322718,2
2021-10-17,0,,,,,0.0,0.0,0.0,0.0,0
2021-10-18,9,1.0,8.0,0.0,0.0,4.885150556578083,0.03095053864308274,0.00020611844593076967,0.0001384657343805884,6
2021-10-19,2,0.0,0.0,0.0,2.0,0.0422612944967113,5.725102892029099e-05,1.7795081734657288,2.8467765332607087e-05,2
2021-10-20,5,1.0,2.0,0.0,2.0,0.010630341463183673,0.9458036768701277,0.9728508085918293,6.57113168927026e-05,3
2021-10-21,5,0.0,3.0,0.0,2.0,1.9802762974868529,0.00010445698808325687,1.8860693125634498,7.956074296089355e-05,4
2021-10-22,3,0.0,3.0,0.0,0.0,2.980759620666504,8.068337592703756e-05,8.062815868470352e-05,4.921332583762705e-05,3
2021-10-23,3,0.0,2.0,0.0,1.0,1.8064462412148714,0.0029633317390107016,0.9102785129944094,3.9246006053872406e-05,3
2021-10-24,0,,,,,0.0,0.0,0.0,0.0,0
2021-10-25,13,2.0,11.0,0.0,0.0,5.498019448408741,0.9482970341387044,0.009767506149728255,0.0075526759646890205,12
2021-10-26,0,,,,,0.0,0.0,0.0,0.0,0
2021-10-27,4,1.0,0.0,1.0,2.0,0.042839098317926864,7.129285222617909e-05,0.9051483098774044,0.01119742462287831,3
2021-10-28,13,3.0,10.0,0.0,0.0,7.6645200924431265,0.016057759517025063,0.0014234734189809755,0.00018660930436453782,13
2021-10-29,8,1.0,6.0,0.0,1.0,5.339829135122272,0.03492831513904074,0.006472852166552583,0.00011215657650609501,8
2021-10-30,3,0.0,2.0,0.0,1.0,0.005322883342159762,4.895732672594022e-05,0.004041238302306664,0.0005584602613452817,3
2021-10-31,0,,,,,0.0,0.0,0.0,0.0,0
2021-11-01,7,0.0,7.0,0.0,0.0,6.321521371603012,0.012535901365481375,0.0009926813145282151,0.007633066495145533,7
2021-11-02,0,,,,,0.0,0.0,0.0,0.0,0
2021-11-03,7,1.0,5.0,0.0,1.0,0.023843035040044664,0.00013506566756404936,0.8819014963628433,9.407858397025848e-05,6
2021-11-04,8,2.0,3.0,1.0,2.0,1.9379859531891268,0.0035721794538403373,0.9775430821409827,0.0019419212867432755,8
2021-11-05,13,0.0,9.0,1.0,3.0,5.893978462841005,0.0061841933320465345,1.22627731924058,0.9776299229170036,9
2021-11-06,1,0.0,1.0,0.0,0.0,1.712695120659191e-05,1.6737896658014506e-05,1.5414554582093842e-05,1.3175575986679178e-05,0
2021-11-07,0,,,,,0.0,0.0,0.0,0.0,0
2021-11-08,13,1.0,5.0,3.0,4.0,2.9848570980921063,0.00028001569444313645,0.9433898947772832,0.011465698597930821,12
2021-11-09,4,1.0,0.0,0.0,3.0,8.736368545214646e-05,7.094571992638521e-05,1.015967100385751,5.8818866818910465e-05,4
2021-11-10,4,0.0,1.0,0.0,3.0,0.0027587255990510896,7.796994395903312e-05,0.9834622222497272,5.558990869758418e-05,4
2021-11-11,8,0.0,4.0,0.0,4.0,1.078320399214135,0.000277735935014789,0.9382583801834699,0.00013880919595976593,8
2021-11-12,5,1.0,3.0,0.0,1.0,1.968978434182645,0.9552377382433404,0.013068608665889601,6.538995239679934e-05,5
2021-11-13,1,0.0,0.0,0.0,1.0,0.0034350156784057,3.009481588378549e-05,0.9772185683250428,1.205322678288212e-05,1
2021-11-14,0,,,,,0.0,0.0,0.0,0.0,0
2021-11-15,3,0.0,2.0,1.0,0.0,0.0001802129772840999,4.691547655966133e-05,9.691225204733199e-05,0.00032980954802032966,3
2021-11-16,5,0.0,2.0,0.0,3.0,1.0086082167981658,0.00026492390134071894,1.3542172799825491,6.552098420797847e-05,5
2021-11-17,3,2.0,0.0,1.0,0.0,0.006858632073999515,0.9450971105816278,6.015990948071703e-05,0.04306567706953495,2
2021-11-18,3,1.0,1.0,0.0,1.0,0.0025420725614821206,5.799859354738146e-05,0.943135399986204,4.049105154990684e-05,3
2021-11-19,8,0.0,7.0,0.0,1.0,6.032405433752501,0.00021298167666827794,0.0057995197712443275,0.016393361265727366,8
2021-11-20,5,0.0,5.0,0.0,0.0,3.9545837291516364,0.005206111294683012,0.007273831226484408,7.288454889931018e-05,5
2021-11-21,0,,,,,0.0,0.0,0.0,0.0,0
2021-11-22,6,0.0,3.0,1.0,2.0,2.0285362363938475,0.00013078982192382682,0.489183564815903,0.027553548075047726,5
2021-11-23,5,0.0,2.0,2.0,1.0,1.0083440996222635,9.761752698977944e-05,0.00014417236707231496,0.024326833516170095,3
2021-11-24,4,2.0,1.0,0.0,1.0,0.9989835308297188,8.726379019208252e-05,0.0001027071411954239,6.071618281566771e-05,4
2021-11-25,5,2.0,2.0,0.0,1.0,1.0076612657539952,0.00010318691602151375,0.8643865582125726,7.48540869608405e-05,5
2021-11-26,8,0.0,6.0,1.0,1.0,4.987848077784292,0.01016300442461204,0.1512870942206062,0.001303343934523577,7
2021-11-27,1,0.0,0.0,1.0,0.0,9.43126215133816e-05,1.5530265955021605e-05,4.158557567279786e-05,0.0003034346736967,1
2021-11-28,0,,,,,0.0,0.0,0.0,0.0,0
2021-11-29,4,0.0,3.0,1.0,0.0,1.9459516161878128,6.996612682996783e-05,0.006432096757634937,0.02070161617666598,3
2021-11-30,14,1.0,5.0,5.0,3.0,0.004521378414210218,0.9272153452193379,0.9609377562774171,0.9512991341680388,1
2021-12-01,5,0.0,1.0,1.0,3.0,0.9388232787077867,8.299449928017566e-05,1.9515224076658342,0.0005980423429718663,3
2021-12-02,10,1.0,8.0,0.0,1.0,4.815363844893,0.04414489601640525,0.9545282223007233,0.0023767543452776416,8
2021-12-03,2,0.0,1.0,0.0,1.0,0.9993517252078162,3.9711523641017266e-05,0.2445658826309227,3.742578428500565e-05,2
2021-12-04,7,1.0,4.0,0.0,2.0,2.025777181816011,0.5919428719571441,0.7139165157041134,0.00010768554784590378,2
2021-12-05,0,,,,,0.0,0.0,0.0,0.0,0
2021-12-06,2,0.0,2.0,0.0,0.0,1.96832150220871,0.008331138398716513,0.00019220638932886238,3.2029459362092894e-05,2
2021-12-07,3,3.0,0.0,0.0,0.0,0.0019351432583788772,0.9475432418366835,7.877754615037702e-05,3.948906305595301e-05,2
2021-12-08,7,3.0,3.0,0.0,1.0,0.9044386606738041,0.016611576373179535,0.0006207879778229667,0.00011183520837221295,1
2021-12-09,6,1.0,3.0,0.0,2.0,0.16084191194931902,0.03864361291198281,0.1552093689224419,8.576429718232248e-05,6
2021-12-10,1,0.0,0.0,0.0,1.0,0.0014933451311662,2.1496834960998967e-05,0.0040763141587376,1.4069343706069048e-05,1
2021-12-11,2,0.0,1.0,0.0,1.0,0.9927428021037485,4.4945201807422563e-05,7.341741002164781e-05,3.277225187048316e-05,2
2021-12-12,0,,,,,0.0,0.0,0.0,0.0,0
2021-12-13,4,0.0,3.0,0.0,1.0,1.5236401311540249,9.854010568233207e-05,0.00011620169061643537,0.002200394583269285,4
2021-12-14,2,0.0,1.0,1.0,0.0,0.00011899182572960854,3.3361480745952576e-05,5.6342048992519274e-05,0.00030747805703859853,2
2021-12-15,2,0.0,0.0,0.0,2.0,0.03531668104915297,4.003029789600988e-05,0.9708644197344256,2.806869088090025e-05,2
2021-12-16,7,0.0,7.0,0.0,0.0,1.9674744323601772,0.000157111746375449,0.0001558242383907782,0.00011912231821042951,7
2021-12-17,1,0.0,1.0,0.0,0.0,0.9988846778869628,4.019592961412855e-05,2.1093253963044845e-05,1.887282815005165e-05,1
2021-12-18,0,,,,,0.0,0.0,0.0,0.0,0
2021-12-19,0,,,,,0.0,0.0,0.0,0.0,0
2021-12-20,2,0.0,2.0,0.0,0.0,1.9931077361106873,0.016504546098076348,0.0007026238299657932,0.0023643369504497817,2
2021-12-21,3,0.0,2.0,0.0,1.0,0.3184422776103018,7.46003570384346e-05,0.9752743666686,5.30936067661969e-05,3
2021-12-22,7,0.0,5.0,0.0,2.0,2.7067856062531064,0.0001677243844824261,0.9278827579819335,0.0001170396726593026,7
2021-12-23,4,0.0,2.0,0.0,2.0,0.9987708289791044,0.00022041481315678246,0.9770491292219958,6.332989141810685e-05,4
2021-12-24,9,0.0,2.0,6.0,1.0,0.03717755521029156,0.0002187342715842533,0.03841313876364431,1.1639483234930592,3
2021-12-25,1,0.0,0.0,1.0,0.0,1.945138501469046e-05,1.5941683159326203e-05,2.5883571652229875e-05,0.9026174545288086,0
2021-12-26,0,,,,,0.0,0.0,0.0,0.0,0
2021-12-27,11,2.0,6.0,1.0,2.0,1.0324305229514719,1.9291176993301633,0.0011712961986630997,0.0025107641713474444,8
2021-12-28,4,2.0,1.0,1.0,0.0,0.6916697847664182,9.023843995237257e-05,0.0033142386637336953,0.9676850097202986,3
2021-12-29,1,0.0,1.0,0.0,0.0,0.991436004638672,1.914767017296981e-05,0.0069891163147985,1.4064165952731855e-05,1
2021-12-30,3,0.0,2.0,1.0,0.0,1.9397772718803026,8.321056157001294e-05,6.499059963971376e-05,0.020700009996289723,3
2021-12-31,5,0.0,4.0,1.0,0.0,0.33685811707982766,9.165699157165363e-05,0.00010102865417138673,0.020771313604200245,5
2022-01-01,1,0.0,1.0,0.0,0.0,1.7991977074416354e-05,1.76732282852754e-05,1.744033579598181e-05,1.3306718756211922e-05,1
2022-01-02,0,,,,,0.0,0.0,0.0,0.0,0
2022-01-03,27,3.0,7.0,7.0,10.0,0.9323807784458038,0.884933439733686,3.0325892317223406,1.7000350748112394,0
2022-01-04,1,0.0,0.0,1.0,0.0,0.0003188784467056,1.6352609236491844e-05,4.4107495341449976e-05,0.939913809299469,0
2022-01-05,0,,,,,0.0,0.0,0.0,0.0,0
2022-01-06,0,,,,,0.0,0.0,0.0,0.0,0
2022-01-07,3,0.0,2.0,0.0,1.0,1.9995832098647954,6.413411392713897e-05,0.8592242993836408,4.669522604672238e-05,3
2022-01-08,1,0.0,1.0,0.0,0.0,0.9814306497573853,1.893970147648361e-05,0.0041746385395526,1.3859578757546842e-05,1
2022-01-09,0,,,,,0.0,0.0,0.0,0.0,0
2022-01-10,4,0.0,4.0,0.0,0.0,3.052956834435463,0.0004796647954208079,0.038156715278091634,7.077342343109194e-05,4
2022-01-11,3,0.0,2.0,1.0,0.0,1.9599053978199665,0.00016567958482482936,7.907930921646766e-05,0.0003219812151655397,3
2022-01-12,0,,,,,0.0,0.0,0.0,0.0,0
2022-01-13,1,0.0,1.0,0.0,0.0,0.9959999918937684,2.213246261817403e-05,3.483926775516011e-05,1.7027410649461672e-05,1
2022-01-14,11,0.0,0.0,6.0,5.0,0.0024374161157536423,0.00021384888259490253,1.9890302396270267,1.0629365104423412,1
2022-01-15,0,,,,,0.0,0.0,0.0,0.0,0
2022-01-16,0,,,,,0.0,0.0,0.0,0.0,0
2022-01-17,6,0.0,3.0,0.0,3.0,1.0074758345399457,0.00011467441618151497,1.523771549007506,0.0028050928412994233,5
2022-01-18,2,0.0,2.0,0.0,0.0,0.2773397172932163,4.367327346699312e-05,6.736129398632329e-05,2.8933615794812795e-05,1
2022-01-19,0,,,,,0.0,0.0,0.0,0.0,0
2022-01-20,3,0.0,1.0,0.0,2.0,0.9951527029988936,7.093657586665358e-05,0.24755853879469203,4.4933086428500246e-05,3
2022-01-21,2,0.0,1.0,0.0,1.0,0.9959237766306616,4.421011544764042e-05,0.0038401842994062007,3.3392161640222184e-05,2
2022-01-22,3,0.0,2.0,0.0,1.0,0.4947122037410734,7.204251232906245e-05,0.9859010870204657,3.954799558414379e-05,1
2022-01-23,0,,,,,0.0,0.0,0.0,0.0,0
2022-01-24,3,1.0,2.0,0.0,0.0,0.9040067925816401,0.9451103482515463,8.543627700419167e-05,6.63328055452439e-05,3
2022-01-25,5,1.0,1.0,2.0,1.0,0.013902084998335156,0.0001743918064675612,0.9536189231184836,0.06980722654225238,1
2022-01-26,9,0.0,8.0,0.0,1.0,4.214675318013178,0.0005787525478807704,0.0009835387445487642,0.0001176461300929077,9
2022-01-27,6,1.0,4.0,0.0,1.0,0.9330538232006802,0.00011652616194623988,0.24464870731026164,8.531972525815945e-05,4
2022-01-28,10,0.0,0.0,4.0,6.0,0.00017650304744165624,0.0002401355632173363,1.6235620520692462,0.05079330848366212,0
2022-01-29,1,0.0,1.0,0.0,0.0,0.0033655893057584,1.8148291928810067e-05,1.8240602003061213e-05,2.4202514396165498e-05,1
2022-01-30,0,,,,,0.0,0.0,0.0,0.0,0
2022-01-31,7,0.0,4.0,0.0,3.0,2.73333021664439,0.0001336892291874392,2.0816831914798968,8.965530014393153e-05,6
2022-02-01,4,0.0,2.0,1.0,1.0,0.11196150274554374,7.324720172618981e-05,0.9676263242490677,0.00015370641267504435,2
2022-02-02,4,0.0,2.0,1.0,1.0,1.221319730752839,0.00020475327801250387,0.9318942714980949,0.047919074101628135,3
2022-02-03,3,0.0,2.0,1.0,0.0,0.7160178140038624,6.220247996679973e-05,7.564196857856587e-05,0.01119429931077311,3
2022-02-04,7,1.0,3.0,0.0,3.0,1.0331170522294995,0.00014889676185703138,1.965931210082999,9.575764488545246e-05,7
2022-02-05,0,,,,,0.0,0.0,0.0,0.0,0
2022-02-06,0,,,,,0.0,0.0,0.0,0.0,0
2022-02-07,4,1.0,2.0,0.0,1.0,0.9942260035313664,0.9269938193956477,0.24460254240148055,5.457709175971104e-05,3
2022-02-08,5,2.0,3.0,0.0,0.0,0.9374171655035752,8.724610597710125e-05,9.055090413312428e-05,7.028880190773634e-05,5
2022-02-09,6,1.0,3.0,0.0,2.0,0.9987637644826463,0.00011875326345034409,0.48916730062956043,0.00010816300891747233,6
2022-02-10,3,1.0,1.0,1.0,0.0,0.0022798826030338767,0.9346375036593599,5.699374742107466e-05,0.18117821323630778,3
2022-02-11,2,0.0,1.0,0.0,1.0,0.1888887640088796,6.114485950092785e-05,0.9339350052177906,2.959208813990699e-05,2
2022-02-12,1,0.0,0.0,0.0,1.0,0.0095866890624165,1.8314942280994728e-05,0.8591484427452087,1.260975386685459e-05,1
2022-02-13,0,,,,,0.0,0.0,0.0,0.0,0
2022-02-14,3,1.0,2.0,0.0,0.0,1.9081304123392329,0.9450978469540132,8.695463111507706e-05,4.1802779378485866e-05,3
2022-02-15,6,1.0,3.0,2.0,0.0,0.005091681270641818,0.00010072293571283808,0.00015117740986170247,0.021031510664215512,5
2022-02-16,6,1.0,4.0,1.0,0.0,0.9967467285623569,0.9458274030330357,0.0001570371014167904,0.9649466359833241,2
2022-02-17,5,0.0,4.0,0.0,1.0,2.1459255804547865,0.00011404198630771134,0.864437286836619,7.318642383324914e-05,5
2022-02-18,9,1.0,6.0,0.0,2.0,4.008014179746169,0.01618363045963625,1.1038533120772627,0.019050703157517924,9
2022-02-19,0,,,,,0.0,0.0,0.0,0.0,0
2022-02-20,0,,,,,0.0,0.0,0.0,0.0,0
2022-02-21,8,0.0,6.0,0.0,2.0,3.940829703027702,0.0006068448583390969,1.7184227577872662,0.004046126773573621,8
2022-02-22,4,0.0,0.0,1.0,3.0,0.0014391994618563001,6.320068314380478e-05,0.0026398675327071936,0.011195245035196394,4
2022-02-23,2,0.0,1.0,1.0,0.0,0.2743305746917031,4.558955515676644e-05,7.992061728145927e-05,0.0003207127338100127,2
2022-02-24,1,1.0,0.0,0.0,0.0,1.890560452011414e-05,2.0548633983707987e-05,2.010332536883652e-05,1.5067113054101355e-05,1
2022-02-25,4,0.0,2.0,1.0,1.0,1.936241505869475,9.187293107970618e-05,9.977828631235752e-05,0.0007772569006191682,2
2022-02-26,2,0.0,2.0,0.0,0.0,0.9918271913047647,3.978668792115059e-05,0.0001025544734147843,3.023401222890243e-05,2
2022-02-27,0,,,,,0.0,0.0,0.0,0.0,0
2022-02-28,5,0.0,3.0,0.0,2.0,0.99502498275433,9.776329534361139e-05,0.014438809343118827,7.01905955793336e-05,5
2022-03-01,2,0.0,2.0,0.0,0.0,0.00011801235086750239,2.8988166377530433e-05,2.7065911126555875e-05,2.4764477529970463e-05,2
2022-03-02,2,1.0,1.0,0.0,0.0,8.924819485400803e-05,3.862558151013218e-05,3.848035885312129e-05,2.927573677879991e-05,2
2022-03-03,5,0.0,4.0,1.0,0.0,2.9284139601513743,0.005178591036383267,0.006071491974580392,0.011227999908442138,5
2022-03-04,5,1.0,3.0,0.0,1.0,1.9265460689366591,0.00011944836387556279,0.0026322345120205776,0.00048020874692151155,5
2022-03-05,0,,,,,0.0,0.0,0.0,0.0,0
2022-03-06,0,,,,,0.0,0.0,0.0,0.0,0
2022-03-07,3,0.0,2.0,0.0,1.0,0.9058240881277014,6.337159720715135e-05,0.8643947733635287,4.2620141357474495e-05,3
2022-03-08,6,0.0,2.0,0.0,4.0,0.9374145519250304,0.00011986816389253363,0.9484144017042125,8.736171457712771e-05,6
2022-03-09,3,0.0,1.0,0.0,2.0,0.9837066286963817,0.00031636651692670885,0.004111562764592186,4.156609429628588e-05,3
2022-03-10,6,0.0,4.0,0.0,2.0,2.440257578717137,0.017570346083630263,1.1605514679895348,8.041333603614476e-05,6
2022-03-11,5,0.0,2.0,0.0,3.0,1.0050053018403557,0.00010595224739518017,0.009635981545215921,0.008502902184773056,5
2022-03-12,0,,,,,0.0,0.0,0.0,0.0,0
2022-03-13,0,,,,,0.0,0.0,0.0,0.0,0
2022-03-14,7,1.0,3.0,0.0,3.0,0.03050581515162761,0.00013618824596051127,1.9060497777009004,9.582171605870826e-05,7
2022-03-15,5,0.0,3.0,1.0,1.0,0.0186030278418908,8.378618258575443e-05,0.8592312785685863,0.0039712483558104715,5
2022-03-16,6,1.0,4.0,1.0,0.0,0.035995656275190246,0.9270241122521838,0.00011700954382831696,0.043259820155981225,5
2022-03-17,19,0.0,13.0,5.0,1.0,3.578590275719761,0.00035483618557918817,0.014388856001459999,4.69310527273683,5
2022-03-18,2,0.0,2.0,0.0,0.0,1.7886229753494263,7.560947960882913e-05,0.00014860261944702542,3.0234731639211532e-05,2
2022-03-19,2,0.0,0.0,0.0,2.0,5.823200990562327e-05,3.2426232792204246e-05,9.408347614225931e-05,2.82877626887057e-05,2
2022-03-20,0,,,,,0.0,0.0,0.0,0.0,0
2022-03-21,15,0.0,9.0,1.0,5.0,7.0003159087464155,0.01431170169416866,1.9572255922230393,0.0013782953146801087,15
2022-03-22,3,0.0,3.0,0.0,0.0,1.9823190332663216,6.051428499631584e-05,9.069218867807649e-05,4.6351307901204564e-05,3
2022-03-23,5,0.0,3.0,1.0,1.0,0.0011662361939670227,9.163830509351101e-05,0.00011089807412645314,0.023057344096741803,3
2022-03-24,5,0.0,2.0,1.0,2.0,0.9564246966619974,9.910045082506258e-05,0.24466618980841298,0.03430404684877428,4
2022-03-25,3,0.0,3.0,0.0,0.0,1.9971285164356232,0.00011486796756798867,6.524714990518987e-05,4.730355340143433e-05,2
2022-03-26,0,,,,,0.0,0.0,0.0,0.0,0
2022-03-27,0,,,,,0.0,0.0,0.0,0.0,0
2022-03-28,5,1.0,4.0,0.0,0.0,2.012691977986833,0.9478688201998011,0.0010404811691841448,0.0032713356122257495,5
2022-03-29,2,0.0,1.0,0.0,1.0,1.0036380984820426,3.982182533945888e-05,0.8817897989938501,2.9914893275417853e-05,2
2022-03-30,5,0.0,3.0,1.0,1.0,1.6400485039121122,0.00012396265447023325,0.0001897404135888459,0.02754258777895299,2
2022-03-31,2,0.0,2.0,0.0,0.0,0.9906962886452675,5.320596574165393e-05,0.0016454927063022757,0.004500223797549534,2
2022-04-01,3,0.0,2.0,0.0,1.0,0.2053632081951945,6.21637318545254e-05,0.004231055258060209,5.548910121433437e-05,3
2022-04-02,1,0.0,1.0,0.0,0.0,7.81430717324838e-05,1.8573911802377552e-05,6.853744707768783e-05,1.345551663689548e-05,1
2022-04-03,0,,,,,0.0,0.0,0.0,0.0,0
2022-04-04,0,,,,,0.0,0.0,0.0,0.0,0
2022-04-05,4,0.0,1.0,1.0,2.0,0.0013290558927109,8.618919218861265e-05,0.013550401426982633,0.023036593099277462,1
2022-04-06,2,0.0,2.0,0.0,0.0,1.0366090163588524,3.748878589249216e-05,0.004835250487303639,2.7556830900721252e-05,2
2022-04-07,9,1.0,7.0,0.0,1.0,3.095136417297908,0.01610378260920689,0.004282596508346614,0.0001374198491248535,7
2022-04-08,10,1.0,2.0,1.0,6.0,0.661312544928478,0.00019939503818022786,0.010236387792246957,0.05041451200213485,10
2022-04-09,0,,,,,0.0,0.0,0.0,0.0,0
2022-04-10,0,,,,,0.0,0.0,0.0,0.0,0
2022-04-11,5,1.0,3.0,0.0,1.0,1.0419955875040612,0.00011901762081834023,0.9617421675102378,7.0853580837138e-05,5
2022-04-12,7,1.0,0.0,1.0,5.0,0.002094912813845344,0.945168849419133,0.0006145700845081024,0.0012589838152052785,7
2022-04-13,6,1.0,2.0,0.0,3.0,1.0546663386849104,0.00013381206372287124,0.0017875068551802297,8.564571726310533e-05,6
2022-04-14,1,0.0,1.0,0.0,0.0,0.9511814713478088,2.4037808543653227e-05,6.714169285260141e-05,1.6498514014529064e-05,1
2022-04-15,0,,,,,0.0,0.0,0.0,0.0,0
2022-04-16,0,,,,,0.0,0.0,0.0,0.0,0
2022-04-17,0,,,,,0.0,0.0,0.0,0.0,0
2022-04-18,5,0.0,2.0,0.0,3.0,0.15290316818573044,0.00010221829506917857,0.973270680198766,7.26764928913326e-05,5
2022-04-19,2,0.0,2.0,0.0,0.0,0.7298545541416388,4.28141556767514e-05,4.941243241773918e-05,2.820557710947469e-05,2
2022-04-20,1,0.0,1.0,0.0,0.0,7.876803283579648e-05,1.548763975733891e-05,1.5769683159305714e-05,1.2458320270525292e-05,1
2022-04-21,5,0.0,4.0,0.0,1.0,2.9808171778859105,0.00011593817725952249,0.9518498005872971,7.837898465368198e-05,3
2022-04-22,0,,,,,0.0,0.0,0.0,0.0,0
2022-04-23,2,0.0,1.0,0.0,1.0,9.704200419946574e-05,3.374772677489091e-05,5.5053709729691036e-05,2.6329488719056826e-05,2
2022-04-24,0,,,,,0.0,0.0,0.0,0.0,0
2022-04-25,4,0.0,1.0,0.0,3.0,0.8832272409235883,7.407447264995426e-05,1.839093689713991,5.260017678665463e-05,4
2022-04-26,15,0.0,5.0,7.0,3.0,3.330956203815731,0.006720876879626207,1.02494611408656,1.0850288353012727,15
2022-04-27,10,1.0,8.0,0.0,1.0,4.538612773852947,0.00035243682214058936,0.9606118966403296,0.003182992219080862,10
2022-04-28,1,0.0,1.0,0.0,0.0,7.876803283579648e-05,1.548763975733891e-05,1.5769683159305714e-05,1.2458320270525292e-05,1
2022-04-29,2,0.0,2.0,0.0,0.0,1.7686954140663147,6.138387652754318e-05,4.9042300815926865e-05,3.422554254939314e-05,2
2022-04-30,5,0.0,4.0,1.0,0.0,0.9780698202266647,9.153394603345077e-05,0.00010577761349850334,0.045304676218620436,3
2022-05-01,0,,,,,0.0,0.0,0.0,0.0,0
2022-05-02,1,0.0,1.0,0.0,0.0,0.3858541548252105,2.9617236577905715e-05,2.8730641133734025e-05,1.9601473468355834e-05,1
2022-05-03,3,0.0,1.0,1.0,1.0,0.00046543727876261414,4.958360113960225e-05,7.249162263178732e-05,0.0011792106979555106,2
2022-05-04,2,0.0,1.0,1.0,0.0,0.0003807851626333919,3.070720867981436e-05,3.128905882476829e-05,0.004001830860033779,1
2022-05-05,5,1.0,2.0,2.0,0.0,0.0018484933807484322,9.94792535493616e-05,0.00027210180269315605,0.0646331114548956,4
2022-05-06,3,0.0,2.0,0.0,1.0,1.9990544570609927,6.751738692400977e-05,0.8592003360390663,4.511329098022543e-05,3
2022-05-07,3,1.0,0.0,0.0,2.0,0.0001520947553217411,6.000558096275199e-05,0.24830985396147287,4.152926703682169e-05,3
2022-05-08,0,,,,,0.0,0.0,0.0,0.0,0
2022-05-09,5,0.0,5.0,0.0,0.0,1.9904255522942549,0.00010256541099806782,0.00012975537447346142,7.323562658712035e-05,3
2022-05-10,2,0.0,1.0,1.0,0.0,0.00027912982477566544,3.348151039972436e-05,3.604747325880453e-05,0.00012306588450878517,2
2022-05-11,1,0.0,1.0,0.0,0.0,3.968195233028382e-05,1.646926648390945e-05,2.0610583305824548e-05,1.317798887612298e-05,1
2022-05-12,2,0.0,2.0,0.0,0.0,0.017759212201781244,3.5514858609531075e-05,2.960677920782473e-05,2.6024310500361025e-05,2
2022-05-13,11,2.0,8.0,0.0,1.0,1.5133511849171555,0.00022360866933013313,0.00023071427040122217,0.00017111466604546877,8
2022-05-14,0,,,,,0.0,0.0,0.0,0.0,0
2022-05-15,0,,,,,0.0,0.0,0.0,0.0,0
2022-05-16,3,0.0,3.0,0.0,0.0,2.981297731399536,7.38282615202479e-05,0.00015463828094652854,5.0365923016215675e-05,3
2022-05-17,0,,,,,0.0,0.0,0.0,0.0,0
2022-05-18,6,1.0,4.0,1.0,0.0,1.977690327732489,0.00012003607662336435,0.00016466962188133039,0.01123440070114154,6
2022-05-19,7,0.0,5.0,2.0,0.0,0.9790116442491125,0.00012941493696416728,0.00013548144306696486,0.027667886966810256,6
2022-05-20,15,2.0,5.0,1.0,7.0,1.0706175400991924,1.0377196131521487,3.0084601746730186,0.00023055168639984913,3
2022-05-21,2,1.0,0.0,1.0,0.0,0.00038255904291871414,3.451794600550784e-05,3.597782961151097e-05,0.004003774551165401,2
2022-05-22,0,,,,,0.0,0.0,0.0,0.0,0
2022-05-23,2,0.0,1.0,0.0,1.0,9.060514639713801e-05,3.545461004250683e-05,0.0002535247040213911,2.6313219677831512e-05,2
2022-05-24,1,0.0,1.0,0.0,0.0,0.9947770237922668,2.6529603928793225e-05,3.856021430692636e-05,1.5662388250348158e-05,1
2022-05-25,2,0.0,1.0,0.0,1.0,0.0447505172342061,3.627786827564705e-05,0.9050138012480603,3.6937954973836895e-05,2
2022-05-26,3,0.0,1.0,1.0,1.0,0.9813825565615844,5.273620081425179e-05,0.004256693460774825,0.0012034156743537968,3
2022-05-27,1,0.0,1.0,0.0,0.0,0.9599599242210388,1.773290932760574e-05,0.0050395121797919,1.5093769434315618e-05,1
2022-05-28,0,,,,,0.0,0.0,0.0,0.0,0
2022-05-29,0,,,,,0.0,0.0,0.0,0.0,0
2022-05-30,6,1.0,5.0,0.0,0.0,1.0006886262854093,0.9451668238616547,0.0021480844025062312,8.216211608669255e-05,4
2022-05-31,12,0.0,6.0,6.0,0.0,1.2494775886225393,0.000209169467780157,0.004247813814799766,4.592942118533756,2
2022-06-01,2,1.0,1.0,0.0,0.0,0.002237828739453,0.9346221267896909,3.491378993203398e-05,2.4949361431936268e-05,2
2022-06-02,8,0.0,7.0,0.0,1.0,3.940841642302985,0.00017686327009869274,0.2497729245224035,0.002541344762903443,7
2022-06-03,4,0.0,3.0,1.0,0.0,2.9839125677972334,8.710873771633487e-05,0.0032658978689140915,0.007013706239376834,4
2022-06-04,4,0.0,4.0,0.0,0.0,1.9878129481330689,8.199168041755911e-05,0.001296319254833996,5.886904455110198e-05,3
2022-06-05,0,,,,,0.0,0.0,0.0,0.0,0
2022-06-06,7,1.0,4.0,1.0,1.0,2.1654682882763154,0.0001272125264222268,0.9329002022377607,0.04533029469439494,7
2022-06-07,6,1.0,2.0,1.0,2.0,0.0013780769004369273,0.00011677556085487596,0.0002348351708860386,0.023072311747455318,3
2022-06-08,4,0.0,4.0,0.0,0.0,0.9992871707581799,6.475906957348343e-05,0.001319385050010096,5.6353061154368334e-05,3
2022-06-09,7,1.0,4.0,0.0,2.0,1.0393509381174226,0.00012316458014538512,1.774432187259663,9.21399550861679e-05,7
2022-06-10,6,0.0,2.0,3.0,1.0,0.9594388657187662,0.0001084278010239359,0.9183434652059078,0.06686698485918886,3
2022-06-11,2,0.0,2.0,0.0,0.0,1.0122281890362501,0.009492488999967463,0.002875627049434096,2.7189991669729352e-05,1
2022-06-12,0,,,,,0.0,0.0,0.0,0.0,0
2022-06-13,13,1.0,5.0,6.0,1.0,4.818632248633548,0.00029660302152478835,0.0034690162365222667,0.9647316766950098,9
2022-06-14,6,1.0,3.0,0.0,2.0,0.11442746956163298,0.961082597198583,0.8644665822075694,7.636927693965845e-05,6
2022-06-15,2,0.0,1.0,0.0,1.0,0.00013508443953469396,3.5872879379894584e-05,0.00020754395518451357,2.7729303837986663e-05,2
2022-06-16,8,0.0,6.0,0.0,2.0,1.0772068966307415,0.00020518187466223026,1.9070649529603543,0.00010728418692451669,7
2022-06-17,1,0.0,1.0,0.0,0.0,0.956904411315918,2.3029413569020107e-05,2.244068127765786e-05,2.4177083105314523e-05,1
2022-06-18,0,,,,,0.0,0.0,0.0,0.0,0
2022-06-19,0,,,,,0.0,0.0,0.0,0.0,0
2022-06-20,10,0.0,4.0,2.0,4.0,3.0967554980143173,0.00019170956329617184,2.821139952477097,0.06602614220355457,10
2022-06-21,4,0.0,4.0,0.0,0.0,1.990708202622045,7.275176722032484e-05,9.309530832979362e-05,6.063929595256923e-05,4
2022-06-22,5,2.0,1.0,1.0,1.0,1.0681219110483653,1.9263437690970022,0.2446463371034042,0.0003698837890623504,5
2022-06-23,4,0.0,3.0,1.0,0.0,2.962899658305105,9.344307909486815e-05,0.00017484746967966203,0.0012250810523255135,4
2022-06-24,3,0.0,2.0,0.0,1.0,0.6761017126555089,6.490363921329845e-05,0.004982504551662698,0.0004100120713700702,3
2022-06-25,2,0.0,1.0,1.0,0.0,0.0009403791482327195,2.9326233743631747e-05,3.531647143972805e-05,0.045259918388182954,2
2022-06-26,0,,,,,0.0,0.0,0.0,0.0,0
2022-06-27,5,0.0,3.0,1.0,1.0,2.0079165236238623,8.993005121737951e-05,0.009812749818593047,0.064803731322172,4
2022-06-28,1,0.0,1.0,0.0,0.0,0.9937468767166138,1.661779788264539e-05,0.0035448344424366,1.3885356565879192e-05,1
2022-06-29,6,1.0,4.0,0.0,1.0,1.7844267051896165,0.00012204468202980934,0.8644653558212667,8.668376813147916e-05,4
2022-06-30,6,0.0,3.0,1.0,2.0,0.585912466087393,9.718844921735581e-05,0.020017579574414315,0.0456900542321818,6
2022-07-01,5,0.0,3.0,0.0,2.0,0.9958805083761036,8.458534830424469e-05,0.003528017510688977,7.735425697319442e-05,5
2022-07-02,2,2.0,0.0,0.0,0.0,3.781118721235544e-05,4.1097227949649096e-05,4.0206610719906166e-05,3.013424066011794e-05,2
2022-07-03,0,,,,,0.0,0.0,0.0,0.0,0
2022-07-04,6,0.0,3.0,2.0,1.0,0.8618667767404985,0.00011463600094430149,0.9348115592747489,0.16149812340336206,6
2022-07-05,8,1.0,7.0,0.0,0.0,3.7820910347672907,0.9453400239435721,0.008633231575004032,0.00011819742758234497,8
2022-07-06,1,0.0,1.0,0.0,0.0,0.2720775306224823,2.7755606424761936e-05,4.01524048356805e-05,1.6831061657285318e-05,1
2022-07-07,4,1.0,2.0,0.0,1.0,0.8532846888792845,8.263979543698952e-05,0.2446154096160171,6.641464915446704e-05,4
2022-07-08,13,2.0,3.0,1.0,7.0,1.837672534851663,0.0025062554004762192,4.537396615917714,0.03152787727231036,12
2022-07-09,0,,,,,0.0,0.0,0.0,0.0,0
2022-07-10,0,,,,,0.0,0.0,0.0,0.0,0
2022-07-11,6,0.0,6.0,0.0,0.0,2.9736247475048,0.0010907454015977463,0.0013917760716138775,9.075050002138596e-05,6
2022-07-12,0,,,,,0.0,0.0,0.0,0.0,0
2022-07-13,1,0.0,1.0,0.0,0.0,0.9980692863464355,2.740773925324902e-05,2.2526102839037776e-05,0.0069127231836318,1
2022-07-14,7,1.0,5.0,0.0,1.0,3.8567857246907806,0.00018218346303910948,0.00044646089372683996,0.00011885466483363416,7
2022-07-15,6,0.0,6.0,0.0,0.0,2.7381310070777545,0.00028647230737987466,0.00018504711988498457,0.001046214711095574,6
2022-07-16,4,0.0,4.0,0.0,0.0,1.9918180281238163,0.00012567146950459573,0.00010769980690383818,0.00010110518178407801,2
2022-07-17,0,,,,,0.0,0.0,0.0,0.0,0
2022-07-18,6,0.0,5.0,0.0,1.0,0.9925014409491267,0.00011565397835511249,0.00015787660413479898,8.533050549885957e-05,5
2022-07-19,15,3.0,4.0,0.0,8.0,1.993153001662904,0.9800395988177115,2.1083606204101666,0.00022263370465225307,14
2022-07-20,2,0.0,1.0,0.0,1.0,0.9719639029353858,3.8904472603462636e-05,0.9099422412382409,3.5077924621873535e-05,2
2022-07-21,7,1.0,4.0,2.0,0.0,3.85786107291824,0.0035841462777169955,0.00034684436832321553,0.0564907305961241,7
2022-07-22,6,0.0,5.0,1.0,0.0,2.086877436755458,0.0001703362704574829,0.0038647482415398574,0.0018439011009831695,4
2022-07-23,12,0.0,4.0,3.0,5.0,0.9385978744803651,0.05825911924875971,2.5809529365433264,1.8268205223657787,1
2022-07-24,0,,,,,0.0,0.0,0.0,0.0,0
2022-07-25,8,0.0,5.0,0.0,3.0,2.775623860756241,0.0003601671360228515,0.004149935962232017,0.00011605545569182141,3
2022-07-26,8,0.0,4.0,1.0,3.0,3.005649031341818,0.0001857629677033401,1.9475850837134203,0.024396187753154393,8
2022-07-27,1,0.0,1.0,0.0,0.0,0.7360514998435974,3.681262387544848e-05,1.87641526281368e-05,1.8351720427745025e-05,1
2022-07-28,4,0.0,1.0,0.0,3.0,1.0438212674343956,9.101620344154071e-05,0.9124919417445199,5.708262324333191e-05,4
2022-07-29,3,1.0,2.0,0.0,0.0,0.8724580636262543,0.00010181924881180748,6.910384945513215e-05,6.5926207753364e-05,3
2022-07-30,2,0.0,1.0,0.0,1.0,0.045468417469237375,4.484808050619904e-05,7.599378659506328e-05,3.056725563510554e-05,2
2022-07-31,0,,,,,0.0,0.0,0.0,0.0,0
2022-08-01,2,0.0,1.0,0.0,1.0,0.0198387340642511,4.854536382481456e-05,0.9107933767354551,2.947393477370497e-05,1
2022-08-02,5,0.0,3.0,0.0,2.0,1.1273526856093665,0.049095047634182126,1.8781722289131721,7.662645657546818e-05,4
2022-08-03,3,1.0,1.0,0.0,1.0,0.0006873877846372739,0.9477707872410974,0.0007416743574139283,3.858325453620637e-05,3
2022-08-04,1,0.0,1.0,0.0,0.0,0.96349036693573,2.789958853099961e-05,2.0670067897299305e-05,2.214962114521768e-05,1
2022-08-05,2,0.0,2.0,0.0,0.0,1.9956374764442444,5.152769335836638e-05,0.002355814698603262,2.9786780942231417e-05,2
2022-08-06,2,0.0,2.0,0.0,0.0,1.1162856593728065,4.6142517021507956e-05,6.341736298054457e-05,3.2440806535305455e-05,2
2022-08-07,0,,,,,0.0,0.0,0.0,0.0,0
2022-08-08,11,0.0,3.0,1.0,7.0,1.0132309891696423,0.008909529838092413,3.0502299965601196,0.00017212079001183156,5
2022-08-09,1,0.0,1.0,0.0,0.0,7.924844976514578e-05,1.6544703612453304e-05,1.5412268112413585e-05,1.4064104107092136e-05,1
2022-08-10,3,0.0,3.0,0.0,0.0,2.9378347396850586,0.00011702393931045663,6.109634523454588e-05,5.45039692951832e-05,3
2022-08-11,1,0.0,1.0,0.0,0.0,7.262186409207061e-05,2.2353013264364563e-05,2.5409821319044568e-05,5.4389664001064375e-05,1
2022-08-12,5,1.0,1.0,0.0,3.0,8.343982335645705e-05,9.824164317251416e-05,0.9288199610573429,6.706834574288223e-05,4
2022-08-13,25,3.0,3.0,2.0,17.0,0.9531242157172528,0.0016991126722131584,6.101383031176738,2.8281454278794627,25
2022-08-14,0,,,,,0.0,0.0,0.0,0.0,0
2022-08-15,0,,,,,0.0,0.0,0.0,0.0,0
2022-08-16,6,0.0,5.0,1.0,0.0,4.666302042664029,0.0010417583926026406,1.8434366319925175,0.020729724036755142,6
2022-08-17,0,,,,,0.0,0.0,0.0,0.0,0
2022-08-18,1,0.0,1.0,0.0,0.0,0.0007698216941207,1.83456049853703e-05,0.0001471971772843,1.4653196558356283e-05,1
2022-08-19,0,,,,,0.0,0.0,0.0,0.0,0
2022-08-20,0,,,,,0.0,0.0,0.0,0.0,0
2022-08-21,0,,,,,0.0,0.0,0.0,0.0,0
2022-08-22,0,,,,,0.0,0.0,0.0,0.0,0
2022-08-23,1,0.0,1.0,0.0,0.0,0.9923208355903624,2.47659845626913e-05,4.036538666696288e-05,1.6919493646128103e-05,1
2022-08-24,0,,,,,0.0,0.0,0.0,0.0,0
2022-08-25,1,0.0,1.0,0.0,0.0,0.9506521224975586,2.5918076062225737e-05,5.5975244322326034e-05,1.7316369849140756e-05,1
2022-08-26,0,,,,,0.0,0.0,0.0,0.0,0
2022-08-27,0,,,,,0.0,0.0,0.0,0.0,0
2022-08-28,0,,,,,0.0,0.0,0.0,0.0,0
2022-08-29,0,,,,,0.0,0.0,0.0,0.0,0
2022-08-30,0,,,,,0.0,0.0,0.0,0.0,0
2022-08-31,1,0.0,1.0,0.0,0.0,0.9905529618263244,2.198025140387472e-05,3.422038571443409e-05,1.7057844161172397e-05,1
2022-09-01,3,1.0,2.0,0.0,0.0,1.9103613331681117,0.9451236529039305,7.688492587476503e-05,4.49342951469589e-05,3
2022-09-02,0,,,,,0.0,0.0,0.0,0.0,0
2022-09-03,1,0.0,1.0,0.0,0.0,0.9371140599250792,0.000507604854647,7.224790169857442e-05,1.475497174396878e-05,1
2022-09-04,0,,,,,0.0,0.0,0.0,0.0,0
2022-09-05,1,0.0,1.0,0.0,0.0,9.054909605765717e-05,2.24699433601927e-05,2.2151711164042357e-05,1.4693952834932134e-05,1
2022-09-06,1,0.0,0.0,0.0,1.0,0.0003711192985065,1.9159517250955105e-05,0.0006128728855401,1.3425050383375492e-05,1
2022-09-07,0,,,,,0.0,0.0,0.0,0.0,0
2022-09-08,0,,,,,0.0,0.0,0.0,0.0,0
2022-09-09,1,0.0,0.0,0.0,1.0,0.019679557532072,2.0641455193981528e-05,0.9107683897018432,1.3014034266234376e-05,1
2022-09-10,1,0.0,1.0,0.0,0.0,0.2239733785390854,2.7377125661587343e-05,4.35804104199633e-05,1.676692409091629e-05,1
2022-09-11,0,,,,,0.0,0.0,0.0,0.0,0
2022-09-12,4,0.0,3.0,0.0,1.0,0.0001921369203046197,6.607467730646022e-05,0.24459522531287797,5.200485247769393e-05,2
2022-09-13,5,0.0,4.0,1.0,0.0,3.9858881315449253,0.00011166489639435895,0.00011580137652345002,0.011220402677281433,5
2022-09-14,3,0.0,3.0,0.0,0.0,0.6247214620671002,6.055296216800343e-05,0.00013139804104866926,4.2949603994202334e-05,2
2022-09-15,8,0.0,7.0,1.0,0.0,4.922245517060219,0.0012621332516571438,0.032246631377347464,0.9275672755275082,7
2022-09-16,5,1.0,4.0,0.0,0.0,1.9330003065642813,9.350187610834837e-05,0.012099124724045177,7.303637539735064e-05,5
2022-09-17,0,,,,,0.0,0.0,0.0,0.0,0
2022-09-18,0,,,,,0.0,0.0,0.0,0.0,0
2022-09-19,8,1.0,5.0,0.0,2.0,4.548966152111461,0.00018591662228573114,0.87140992834793,0.0030274888513303687,8
2022-09-20,5,0.0,1.0,0.0,4.0,0.04839253230056772,8.581513884564629e-05,1.7887123163363867,6.639744970016181e-05,5
2022-09-21,3,0.0,2.0,0.0,1.0,9.376702837471385e-05,4.870647353527602e-05,7.92987339082174e-05,4.299739248381229e-05,2
2022-09-22,1,0.0,1.0,0.0,0.0,1.7126942111644894e-05,1.673788756306749e-05,1.5414576409966685e-05,1.3175575986679178e-05,0
2022-09-23,3,0.0,3.0,0.0,0.0,1.9862615168094635,0.0005339920480764437,0.005969834437564667,4.172574972471921e-05,2
2022-09-24,8,1.0,3.0,0.0,4.0,0.5540581973637017,0.00017286450110987062,0.9934377769295678,0.00012116056404920528,7
2022-09-25,0,,,,,0.0,0.0,0.0,0.0,0
2022-09-26,8,2.0,2.0,2.0,2.0,0.012671576385400549,0.026922963587821792,0.9790843893424608,0.3647821422327978,6
2022-09-27,2,0.0,1.0,0.0,1.0,0.00036565477057587376,3.206838209734997e-05,0.9685080590097642,2.5780413125175983e-05,1
2022-09-28,5,0.0,3.0,0.0,2.0,1.5432708404514415,0.00010797432696563192,0.9160397582036239,7.499607545469189e-05,5
2022-09-29,4,0.0,2.0,0.0,2.0,0.044365330570144565,6.910127558512613e-05,1.819978340572561,5.154995778866578e-05,4
2022-09-30,2,0.0,2.0,0.0,0.0,0.9756312709068881,5.241500730335247e-05,6.168992149468977e-05,2.852649413398467e-05,1
2022-10-01,1,0.0,1.0,0.0,0.0,1.7126942111644894e-05,1.6737896658014506e-05,1.5414576409966685e-05,1.3175583262636792e-05,0
2022-10-02,0,,,,,0.0,0.0,0.0,0.0,0
2022-10-03,3,0.0,3.0,0.0,0.0,2.9250404238700867,0.0035959587075921847,0.00018242187979914762,5.3938520068186335e-05,3
2022-10-04,3,0.0,2.0,1.0,0.0,0.0001400188593834173,5.1853918193955906e-05,8.244570562965237e-05,0.00033161779629148266,3
2022-10-05,7,1.0,5.0,0.0,1.0,3.9807900952600903,0.00014522968012897763,0.9100935168225986,0.00010488602401892422,7
2022-10-06,3,0.0,1.0,0.0,2.0,0.007572085512947365,5.2787128879572265e-05,0.9553444477896845,3.817101151071256e-05,3
2022-10-07,7,1.0,3.0,0.0,3.0,0.9215065668504393,0.00017216685955645517,1.9522777356105507,0.00010188027226831764,7
2022-10-08,0,,,,,0.0,0.0,0.0,0.0,0
2022-10-09,0,,,,,0.0,0.0,0.0,0.0,0
2022-10-10,14,1.0,3.0,1.0,9.0,1.9959939516684244,0.0003348213922436116,3.8457309138375417,0.00312728600238181,14
2022-10-11,6,1.0,4.0,0.0,1.0,0.9982358089255282,0.9451535147236426,0.975324672028364,8.415072443312965e-05,6
2022-10-12,2,0.0,1.0,0.0,1.0,0.9767212450969962,3.976267635152908e-05,0.008584513747336984,2.9693716896872502e-05,2
2022-10-13,7,0.0,4.0,2.0,1.0,1.0599959464016135,0.00013913460679759737,0.006502368009023405,0.05434721668461856,7
2022-10-14,2,1.0,0.0,0.0,1.0,0.0062925766469560775,4.0315826481673867e-05,0.8643751309809886,2.787564881145954e-05,2
2022-10-15,3,1.0,2.0,0.0,0.0,0.9951348022004822,5.8639576309360564e-05,6.591757664864417e-05,4.8001305003708694e-05,2
2022-10-16,0,,,,,0.0,0.0,0.0,0.0,0
2022-10-17,21,2.0,6.0,1.0,12.0,4.884507424108051,0.0049422634365327055,2.4630077738620453,0.9554599413922914,21
2022-10-18,0,,,,,0.0,0.0,0.0,0.0,0
2022-10-19,2,0.0,1.0,0.0,1.0,0.0419130353257059,4.374682066554669e-05,0.0061931633390485,2.8609512810362503e-05,2
2022-10-20,4,1.0,3.0,0.0,0.0,1.2074722907018438,9.777674495126121e-05,9.616958959668409e-05,7.336458929785294e-05,4
2022-10-21,2,0.0,2.0,0.0,0.0,1.9853045344352722,4.057041587657295e-05,6.785989717172924e-05,3.293494773970451e-05,2
2022-10-22,2,0.0,2.0,0.0,0.0,0.00011801142682088539,2.8988193662371486e-05,2.706591112655587e-05,2.476446024957113e-05,2
2022-10-23,0,,,,,0.0,0.0,0.0,0.0,0
2022-10-24,2,0.0,2.0,0.0,0.0,0.9962548592011444,4.585310034599388e-05,4.493757023737999e-05,0.016749452176554717,2
2022-10-25,5,0.0,2.0,2.0,1.0,0.9854378607997203,9.739700544741936e-05,0.006972784542085691,0.03777972785337618,3
2022-10-26,3,2.0,0.0,1.0,0.0,0.0001239729390363209,5.700358815374784e-05,5.995252286083996e-05,0.00014086688679521795,3
2022-10-27,1,0.0,1.0,0.0,0.0,1.712695120659191e-05,1.6737896658014506e-05,1.5414554582093842e-05,1.3175575986679178e-05,0
2022-10-28,5,0.0,4.0,0.0,1.0,2.9531753272749484,0.00010272174222336616,0.9074869760534058,7.277825898199808e-05,5
2022-10-29,0,,,,,0.0,0.0,0.0,0.0,0
2022-10-30,0,,,,,0.0,0.0,0.0,0.0,0
2022-10-31,25,2.0,13.0,1.0,9.0,5.4018022612126515,0.8884918228995955,2.873104090607739,0.0004738068691949593,8
2022-11-01,0,,,,,0.0,0.0,0.0,0.0,0
2022-11-02,6,0.0,2.0,2.0,2.0,0.08109938316556502,0.00011538536273292266,0.007496590489608821,0.021024371705607246,6
2022-11-03,4,0.0,3.0,0.0,1.0,1.937647839786223,0.00224740447811198,0.0038162533273861147,6.243640018510632e-05,3
2022-11-04,5,0.0,2.0,0.0,3.0,0.9609759207050954,0.00011715751861629542,0.9788247106152992,8.857553621055558e-05,5
2022-11-05,2,0.0,1.0,1.0,0.0,0.9703874780097975,4.536178494163323e-05,5.737823994422797e-05,0.011150765529237059,2
2022-11-06,0,,,,,0.0,0.0,0.0,0.0,0
2022-11-07,7,0.0,4.0,1.0,2.0,3.9410110811040795,0.0006986800035518588,1.0030762278365726,0.02074633274787628,7
2022-11-08,8,2.0,2.0,3.0,1.0,0.9855907327601015,0.9453307439325724,0.0023519457427027433,0.06601674994999479,5
2022-11-09,1,0.0,1.0,0.0,0.0,0.0120088811963796,2.1954430849291384e-05,0.0037506620865315,1.428067571396241e-05,1
2022-11-10,11,0.0,4.0,0.0,7.0,2.9961144279604923,0.018244926694023698,2.9150337055871205,0.00016193017472687643,11
2022-11-11,2,0.0,0.0,0.0,2.0,3.6547975469147786e-05,3.652015584520995e-05,7.856787124183029e-05,2.7742349629988897e-05,2
2022-11-12,6,1.0,4.0,0.0,1.0,2.985759708131809,0.0001336350014753407,0.03453325486043461,8.993786195787834e-05,6
2022-11-13,0,,,,,0.0,0.0,0.0,0.0,0
2022-11-14,5,0.0,5.0,0.0,0.0,0.027298941240587418,0.0027670166782626593,8.836461165628862e-05,8.100463674054481e-05,4
2022-11-15,4,1.0,1.0,1.0,1.0,0.9961614589046802,0.9451200432740733,0.24462774629864723,0.020702172057099233,4
2022-11-16,10,1.0,4.0,0.0,5.0,1.0616915415448602,0.9814266072971805,1.2615480624699558,0.0001410966106050182,10
2022-11-17,6,3.0,3.0,0.0,0.0,0.003957653671022814,0.9347089741459058,0.00011357877519913018,9.691329614724964e-05,6
2022-11-18,5,0.0,1.0,0.0,4.0,0.9965808819197263,8.370278465008596e-05,0.00228296437308,6.917894916114165e-05,5
2022-11-19,8,2.0,1.0,0.0,5.0,0.9547655635778938,1.0150454849126618,0.9005048891340263,0.00010587708402454155,8
2022-11-20,0,,,,,0.0,0.0,0.0,0.0,0
2022-11-21,1,0.0,1.0,0.0,0.0,0.9869898557662964,2.3302327463170517e-05,4.617479135049507e-05,1.7166203178931028e-05,1
2022-11-22,5,1.0,3.0,0.0,1.0,1.979193206830132,0.9451364552614904,0.00178569490799417,6.922698321432108e-05,4
2022-11-23,4,0.0,4.0,0.0,0.0,1.9984304797490042,6.725456023559673e-05,0.0028784053729394316,5.9365355809859466e-05,4
2022-11-24,17,2.0,3.0,2.0,10.0,1.964071423493806,0.044197097773576305,3.7158200025205583,0.05162882502827403,17
2022-11-25,10,0.0,7.0,0.0,3.0,4.260960133786284,0.04355980867148891,0.9475815342339047,0.00016668510579620488,8
2022-11-26,5,0.0,0.0,0.0,5.0,0.02268396879753707,0.00020111182220714137,0.02778556566772738,6.885046241222881e-05,5
2022-11-27,0,,,,,0.0,0.0,0.0,0.0,0
2022-11-28,7,0.0,1.0,1.0,5.0,0.2606364921539352,0.00012944999798492063,0.003574128259060539,0.9014844019284282,7
2022-11-29,1,0.0,1.0,0.0,0.0,0.9747104644775392,3.411341822356917e-05,3.3827818697318435e-05,1.828412496251985e-05,1
2022-11-30,9,0.0,7.0,0.0,2.0,2.804891124073037,0.007265117264978405,0.8822588424700368,0.0001243277829416911,9
2022-12-01,10,0.0,9.0,0.0,1.0,5.045248155365698,0.03474064700822013,0.10564178867207355,0.014283489431363608,8
2022-12-02,5,0.0,4.0,0.0,1.0,3.9720993279624963,0.03872310894075742,0.09450090064638032,0.000601261679548719,5
2022-12-03,1,0.0,0.0,0.0,1.0,0.0032049776054918,2.1003988877055235e-05,0.0040500597096979,1.4115715202933645e-05,1
2022-12-04,0,,,,,0.0,0.0,0.0,0.0,0
2022-12-05,5,0.0,4.0,0.0,1.0,0.9668708949902791,0.00010965718684019521,0.0033284489418291697,8.843241448630579e-05,3
2022-12-06,4,0.0,4.0,0.0,0.0,3.7873443961143494,0.0028185502087580876,0.00018341443683308751,8.294516555906739e-05,4
2022-12-07,7,0.0,5.0,0.0,2.0,0.046576888214985665,0.0005940424434811275,0.9828210044743172,9.428233715880197e-05,6
2022-12-08,1,0.0,1.0,0.0,0.0,0.9955028891563416,2.122575642715674e-05,3.0801787943346426e-05,1.9136463379254565e-05,1
2022-12-09,5,0.0,5.0,0.0,0.0,3.1689465060189828,0.03361748180759596,0.00036429239480634094,8.32591704238439e-05,5
2022-12-10,6,0.0,1.0,3.0,2.0,0.9770756572415847,0.00016855110425240127,0.000259551772614941,0.9478081594661487,6
2022-12-11,0,,,,,0.0,0.0,0.0,0.0,0
2022-12-12,7,0.0,5.0,0.0,2.0,3.994819280476804,0.0001813510880310787,0.906844158354943,0.00011657246704999125,7
2022-12-13,7,0.0,6.0,0.0,1.0,2.1424591250761296,0.002947777461486074,0.02936655334633536,0.00010451243451825576,7
2022-12-14,2,1.0,1.0,0.0,0.0,0.00010945538087980822,4.301853732613381e-05,4.225504017085768e-05,2.9761094083369244e-05,2
2022-12-15,7,0.0,6.0,0.0,1.0,3.909106507922843,0.03175954809557863,0.0005374040283639438,0.00012845506262237905,7
2022-12-16,5,1.0,3.0,0.0,1.0,1.9799372013530954,0.00012800759759556968,0.003001468556249072,9.348395633423934e-05,4
2022-12-17,1,0.0,1.0,0.0,0.0,0.0001293759560212,2.583424975455273e-05,2.0816691176150925e-05,1.3634718015964609e-05,0
2022-12-18,0,,,,,0.0,0.0,0.0,0.0,0
2022-12-19,4,2.0,1.0,0.0,1.0,0.00413061506696975,0.9346635081637942,0.9598217129350813,5.246385444479529e-05,3
2022-12-20,11,2.0,2.0,0.0,7.0,1.023054991939716,0.9286623201769544,3.8013875322358217,0.00016403781683038687,10
2022-12-21,9,2.0,2.0,1.0,4.0,0.07237036466176493,1.9609971044501435,2.9563414020285563,0.00024175308408301102,9
2022-12-22,1,0.0,0.0,0.0,1.0,0.0006860435823909,1.882573087641504e-05,0.8524757027626038,1.3335074072529096e-05,1
2022-12-23,1,0.0,0.0,0.0,1.0,1.8273987734573893e-05,1.8260077922604975e-05,3.9283935620915145e-05,1.3871174814994449e-05,1
2022-12-24,0,,,,,0.0,0.0,0.0,0.0,0
2022-12-25,0,,,,,0.0,0.0,0.0,0.0,0
2022-12-26,5,0.0,5.0,0.0,0.0,4.9118552803993225,0.0402776000119046,0.00021619716062559746,9.416442662768532e-05,5
2022-12-27,7,0.0,6.0,0.0,1.0,4.92811201304994,0.0004566736733977316,0.014627285529058787,0.00010692768682929454,6
2022-12-28,8,1.0,6.0,0.0,1.0,3.969293250454939,0.00016813416914374102,0.9594218626280053,0.00011517678285599686,7
2022-12-29,3,1.0,1.0,0.0,1.0,0.9985195601148007,0.9508337659462995,8.169027023541275e-05,4.1005520870385226e-05,3
2022-12-30,1,1.0,0.0,0.0,0.0,1.890560452011414e-05,2.0548633983707987e-05,2.010332536883652e-05,1.5067113054101355e-05,1
2022-12-31,3,0.0,3.0,0.0,0.0,0.06504998425953079,5.6496455727028654e-05,6.333985766104888e-05,5.0180293328594416e-05,3
2023-01-01,0,,,,,0.0,0.0,0.0,0.0,0
2023-01-02,2,1.0,1.0,0.0,0.0,0.005103805779071977,3.646290861070156e-05,3.663700590550434e-05,2.7861955459229648e-05,2
2023-01-03,2,0.0,2.0,0.0,0.0,0.0101698003709316,3.1828589271754026e-05,3.306740109110251e-05,2.558967025834136e-05,2
2023-01-04,0,,,,,0.0,0.0,0.0,0.0,0
2023-01-05,0,,,,,0.0,0.0,0.0,0.0,0
2023-01-06,0,,,,,0.0,0.0,0.0,0.0,0
2023-01-07,3,0.0,3.0,0.0,0.0,2.9820506572723393,7.610930151713546e-05,0.00012049489669152535,5.150160359335132e-05,3
2023-01-08,0,,,,,0.0,0.0,0.0,0.0,0
2023-01-09,1,0.0,0.0,0.0,1.0,0.0026663038879632,2.6724417693912983e-05,0.9752224087715148,1.5270245057763532e-05,1
2023-01-10,2,0.0,2.0,0.0,0.0,1.0805922225117683,6.730823952239007e-05,5.0363076297799125e-05,3.370637023181189e-05,2
2023-01-11,2,0.0,2.0,0.0,0.0,1.988793969154358,4.020459891762584e-05,6.666554691037163e-05,3.304387064417824e-05,2
2023-01-12,2,1.0,0.0,0.0,1.0,3.266569365223404e-05,4.839950997848064e-05,4.8218567826552317e-05,3.113766888418468e-05,2
2023-01-13,4,1.0,2.0,1.0,0.0,1.908676593697237,0.00010144311454496346,0.00010037273568741512,0.000352816350641569,4
2023-01-14,1,0.0,0.0,0.0,1.0,0.0403197295963764,0.0002250943070976,0.9969257116317748,1.3664078323927242e-05,1
2023-01-15,0,,,,,0.0,0.0,0.0,0.0,0
2023-01-16,6,1.0,4.0,1.0,0.0,2.9964608080372273,0.056269846376380606,0.0016616204702584588,0.0012449929490685413,6
2023-01-17,18,4.0,4.0,6.0,4.0,1.0014567028147212,0.9799842218417325,2.8998772694703803,1.0321945746691197,5
2023-01-18,9,1.0,4.0,3.0,1.0,1.8368571222781611,0.9349774779266227,0.39586908314868197,0.23418944253444346,3
2023-01-19,4,1.0,1.0,1.0,1.0,0.0484202176448887,0.9440241987676926,0.8560653128242848,0.2816454257736041,3
2023-01-20,5,0.0,3.0,1.0,1.0,2.994275478318741,0.00011529819857969414,0.9753403366667043,0.00037409681135608305,5
2023-01-21,6,1.0,0.0,2.0,3.0,0.00016347566088370513,0.00013387884791882243,0.05223100106923073,0.5292503592072535,6
2023-01-22,0,,,,,0.0,0.0,0.0,0.0,0
2023-01-23,9,2.0,4.0,0.0,3.0,2.0036772142138943,0.00040572391844761254,0.6086724712777141,0.005583839636528744,6
2023-01-24,4,0.0,2.0,2.0,0.0,0.0026378469592599598,6.836140528321266e-05,0.00017113936701207422,0.004172047616520879,4
2023-01-25,0,,,,,0.0,0.0,0.0,0.0,0
2023-01-26,7,1.0,4.0,1.0,1.0,1.905384045554456,0.00013651643894263543,0.0002349472815694753,0.029178440147006632,7
2023-01-27,7,0.0,7.0,0.0,0.0,5.981484470597934,0.0005576814846790448,0.009708253647658946,0.00010710127571655903,7
2023-01-28,6,0.0,5.0,0.0,1.0,4.044066757750443,0.00012948848961968906,0.010540387833316248,8.687695026310394e-05,6
2023-01-29,0,,,,,0.0,0.0,0.0,0.0,0
2023-01-30,17,1.0,11.0,2.0,3.0,5.286327426720163,0.9273246554748765,0.9423193487482419,0.0025654832979851486,15
2023-01-31,13,2.0,6.0,0.0,5.0,1.9430903601323735,0.08889033055220345,0.9789517564440754,0.0002005658125199261,13
2023-02-01,2,0.0,2.0,0.0,0.0,0.9918410961690823,3.8942531318753026e-05,7.563087820017245e-05,2.8766477953467984e-05,1
2023-02-02,10,3.0,3.0,0.0,4.0,0.0011917279152839496,0.9907941623578155,2.9019232184964494,0.00014319969886855688,10
2023-02-03,3,0.0,2.0,0.0,1.0,0.24177773665815036,0.00011256228117417777,0.0005359732258510667,3.9970065699890256e-05,2
2023-02-04,3,1.0,2.0,0.0,0.0,0.10632979610818434,0.015990933472494275,5.574687565967906e-05,3.9845413084549364e-05,3
2023-02-05,0,,,,,0.0,0.0,0.0,0.0,0
2023-02-06,11,2.0,5.0,2.0,2.0,1.8964826265637382,0.9912589163168377,0.24481349719644635,0.14946483940002495,5
2023-02-07,4,1.0,2.0,1.0,0.0,0.00863005232167766,0.9339771936065517,7.49458558857441e-05,0.020701263771115905,4
2023-02-08,5,1.0,1.0,2.0,1.0,0.006318477838249133,0.9451307249910313,0.10993275809414627,0.037856012109841596,1
2023-02-09,21,2.0,12.0,4.0,3.0,3.9093479068178567,0.983279043348375,1.8786190782102494,1.0652888369595528,8
2023-02-10,7,0.0,5.0,1.0,1.0,3.9159485685831896,0.000436959714534108,0.006335197047519475,0.9503832595901257,5
2023-02-11,4,0.0,4.0,0.0,0.0,1.9941862185132777,7.61072697059717e-05,0.004037204498672493,5.421502282842994e-05,4
2023-02-12,0,,,,,0.0,0.0,0.0,0.0,0
2023-02-13,7,2.0,4.0,1.0,0.0,2.0659697911323742,1.9263885973577999,0.0001577290786372032,0.020741880589412162,7
2023-02-14,1,0.0,1.0,0.0,0.0,0.0050849565304815,1.591432373970747e-05,1.653370782150887e-05,1.2794841495633593e-05,1
2023-02-15,4,1.0,2.0,1.0,0.0,0.9682159231615514,9.468653479416389e-05,8.54190129757626e-05,0.011210676637347112,4
2023-02-16,8,0.0,4.0,0.0,4.0,0.9825054590492069,0.00016599233640590683,0.8910475976990709,0.00011327276297379285,6
2023-02-17,4,2.0,1.0,1.0,0.0,0.02852417182657505,7.553069190180395e-05,8.00136385805672e-05,0.045293867837244754,4
2023-02-18,3,0.0,3.0,0.0,0.0,1.9991803681477904,9.275603406422306e-05,6.246959492273163e-05,6.0645845223916695e-05,3
2023-02-19,0,,,,,0.0,0.0,0.0,0.0,0
2023-02-20,9,0.0,5.0,1.0,3.0,2.985138706691942,0.00016651309488224797,0.0007149491721065273,0.022925181584469045,9
2023-02-21,4,0.0,4.0,0.0,0.0,0.3052439125567616,7.48422316974029e-05,8.398732097703034e-05,5.799592054245295e-05,4
2023-02-22,6,0.0,6.0,0.0,0.0,3.9585019350997754,0.00010717245095293039,0.016601044228082028,8.118708501569927e-05,6
2023-02-23,7,2.0,3.0,0.0,2.0,2.960972733444578,0.00015898302081041038,0.007388842590444158,0.0001037078800436575,7
2023-02-24,2,1.0,1.0,0.0,0.0,0.0003105934665654777,5.28634300280828e-05,5.90147992625134e-05,3.761126208701171e-05,2
2023-02-25,0,,,,,0.0,0.0,0.0,0.0,0
2023-02-26,0,,,,,0.0,0.0,0.0,0.0,0
2023-02-27,5,0.0,2.0,0.0,3.0,1.0120099051200666,9.399151531397365e-05,0.9321137818969873,0.0005890380507480485,5
2023-02-28,6,0.0,4.0,1.0,1.0,2.101408056083528,0.00010194360129389679,0.00014326373820949811,0.31618739929490397,6
2023-03-01,4,0.0,2.0,0.0,2.0,0.999172493786318,9.484812107984908e-05,0.9728348542430467,6.0070585277571815e-05,3
2023-03-02,2,0.0,1.0,1.0,0.0,0.0009275753291148405,2.9748105589533225e-05,5.649950799124781e-05,0.04526148724016817,2
2023-03-03,3,0.0,0.0,3.0,0.0,0.11256608292751476,4.532054572337074e-05,9.969810344045982e-05,1.462142929434776,2
2023-03-04,1,0.0,0.0,0.0,1.0,1.8273987734573893e-05,1.8260077922604975e-05,3.9283935620915145e-05,1.3871174814994449e-05,1
2023-03-05,0,,,,,0.0,0.0,0.0,0.0,0
2023-03-06,6,2.0,3.0,0.0,1.0,0.9968394413535863,0.9531281060662877,0.012730113285215214,8.211417389247799e-05,6
2023-03-07,5,0.0,2.0,1.0,2.0,0.055631786495723375,9.67671749094734e-05,1.7575330648942327,0.08621903785297029,5
2023-03-08,9,0.0,4.0,0.0,5.0,1.5002010369644265,0.00017726017176755704,2.9341967036561982,0.00012168125704192789,9
2023-03-09,5,0.0,3.0,0.0,2.0,0.9834005549182618,0.000101118566817604,1.8076390572787204,6.83433145240997e-05,4
2023-03-10,2,0.0,0.0,0.0,2.0,0.0232992838136851,4.1727676943992265e-05,1.8290396928787231,2.5969186026486568e-05,2
2023-03-11,2,0.0,1.0,0.0,1.0,0.92316936746829,4.198010174150113e-05,6.944915730855428e-05,2.980635872518178e-05,2
2023-03-12,0,,,,,0.0,0.0,0.0,0.0,0
2023-03-13,5,2.0,2.0,1.0,0.0,0.9972174320701014,0.9478112021679408,0.0007903249097579711,0.2816635453682465,5
2023-03-14,1,0.0,0.0,1.0,0.0,0.0027008051984012,1.6332558516296558e-05,3.135270526399836e-05,0.2816081047058105,1
2023-03-15,5,0.0,5.0,0.0,0.0,3.9841041536092234,0.00010848364217963535,0.00013870876318833325,7.762328823446296e-05,5
2023-03-16,6,0.0,5.0,0.0,1.0,2.982298340462876,0.0001341589777439367,0.9247473542600346,0.005012106672438529,6
2023-03-17,6,0.0,4.0,2.0,0.0,0.9777968302805672,0.00011569494745344855,0.00021008155090385117,0.0029966740366943294,6
2023-03-18,3,0.0,2.0,1.0,0.0,0.9989568828932534,7.016800554993097e-05,0.0001320014962402638,0.0012137670764785942,3
2023-03-19,0,,,,,0.0,0.0,0.0,0.0,0
2023-03-20,1,0.0,1.0,0.0,0.0,0.9790590405464172,2.778289490379393e-05,3.807267057709396e-05,1.5883410014794208e-05,1
2023-03-21,1,0.0,1.0,0.0,0.0,0.0007948332349769,1.4753275536349976e-05,6.581572961295024e-05,1.2732598406728355e-05,0
2023-03-22,3,0.0,2.0,0.0,1.0,1.0380678118090145,5.107685228722403e-05,0.9050338649967672,4.040719340991927e-05,3
2023-03-23,3,1.0,0.0,1.0,1.0,0.0019992458983323857,0.9450912028332822,0.24461143829830684,0.00032843679946375966,3
2023-03-24,4,1.0,2.0,0.0,1.0,0.022293226043984753,7.553996692877263e-05,0.909978300147486,5.6144660447898787e-05,4
2023-03-25,1,1.0,0.0,0.0,0.0,1.890560452011414e-05,2.0548633983707987e-05,2.010332536883652e-05,1.5067113054101355e-05,1
2023-03-26,0,,,,,0.0,0.0,0.0,0.0,0
2023-03-27,4,1.0,2.0,1.0,0.0,0.000978472318820349,6.765707803424448e-05,0.00013455656517180614,0.04323414064674576,3
2023-03-28,7,2.0,5.0,0.0,0.0,2.970381666584217,0.00016282252181554213,0.00020888741892122198,0.00011320615976728732,4
2023-03-29,2,0.0,2.0,0.0,0.0,0.04793989055906413,0.00010219973410130478,0.012869181635323875,2.7466976462164894e-05,2
2023-03-30,4,0.0,3.0,0.0,1.0,1.9892892657080663,7.969592297740746e-05,0.9685483303710499,5.6025317462626845e-05,3
2023-03-31,1,0.0,0.0,1.0,0.0,6.773601489840075e-05,1.5126695871003903e-05,3.3462081773905084e-05,0.0007070592255331,1
2023-04-01,1,0.0,1.0,0.0,0.0,0.9982263445854188,0.0279646702110767,0.0008771054563112,1.394632363371784e-05,1
2023-04-02,0,,,,,0.0,0.0,0.0,0.0,0
2023-04-03,20,1.0,5.0,4.0,10.0,0.9711581274641502,0.0018768793433991478,1.9530429028009166,0.04191945982165622,6
2023-04-04,1,0.0,1.0,0.0,0.0,1.7126942111644894e-05,1.673788756306749e-05,1.5414576409966685e-05,1.3175575986679178e-05,0
2023-04-05,4,2.0,2.0,0.0,0.0,0.0004237516877764495,7.624759018654004e-05,7.280975842149928e-05,5.480073014041409e-05,4
2023-04-06,0,,,,,0.0,0.0,0.0,0.0,0
2023-04-07,0,,,,,0.0,0.0,0.0,0.0,0
2023-04-08,1,0.0,1.0,0.0,0.0,0.0061513474211096,2.140767901437357e-05,0.0026986340526491,1.4080161236051936e-05,1
2023-04-09,0,,,,,0.0,0.0,0.0,0.0,0
2023-04-10,0,,,,,0.0,0.0,0.0,0.0,0
2023-04-11,14,0.0,12.0,2.0,0.0,4.981646595806524,0.0002708313359107706,0.002671371459655293,0.22999980640088316,11
2023-04-12,2,0.0,2.0,0.0,0.0,1.6302831768989563,4.7792933401069604e-05,6.819228110543918e-05,3.391941572772339e-05,2
2023-04-13,7,0.0,4.0,1.0,2.0,2.2550124369663536,0.00017557363389641978,0.011546018100489032,0.1578040874037469,7
2023-04-14,5,0.0,5.0,0.0,0.0,2.9504352231997473,0.0001263139783986844,0.000116708126370213,0.0001252423917321721,5
2023-04-15,2,0.0,2.0,0.0,0.0,0.004346744661233916,3.6895560697303154e-05,8.035965583985671e-05,2.6908155632554553e-05,2
2023-04-16,0,,,,,0.0,0.0,0.0,0.0,0
2023-04-17,2,1.0,0.0,0.0,1.0,0.022123334683783424,3.6525330870063044e-05,0.9099413918156642,2.7386582587496378e-05,2
2023-04-18,6,2.0,2.0,0.0,2.0,1.9442957010105602,0.00011511676166264806,0.012814849495043693,8.782419354247395e-05,6
2023-04-19,2,1.0,0.0,1.0,0.0,0.0006588319538422247,3.516077413223684e-05,4.531602098722942e-05,0.001778640153133859,2
2023-04-20,1,0.0,0.0,1.0,0.0,9.43126215133816e-05,1.5530249584116973e-05,4.158573210588656e-05,0.0003034292603842,1
2023-04-21,6,0.0,3.0,1.0,2.0,0.13704913140645644,9.901215798890917e-05,0.000459947004855993,0.15777842236366268,5
2023-04-22,5,1.0,4.0,0.0,0.0,0.945249330401566,0.9451277272710285,0.0033535039692651094,6.651726016571047e-05,5
2023-04-23,0,,,,,0.0,0.0,0.0,0.0,0
2023-04-24,8,1.0,6.0,0.0,1.0,2.997182223547497,0.0001598495691723656,0.0040389267487625745,0.00597027463572879,8
2023-04-25,6,2.0,3.0,1.0,0.0,0.02220996102278134,0.0036477121047936724,0.00012587329183588736,0.0003724361795320311,3
2023-04-26,0,,,,,0.0,0.0,0.0,0.0,0
2023-04-27,2,0.0,2.0,0.0,0.0,0.9948647822475322,3.363502582942601e-05,3.311199543531984e-05,2.6417113076604437e-05,1
2023-04-28,3,0.0,3.0,0.0,0.0,1.8967259941418888,0.00027757632415149625,0.03828101727958701,4.557984721031971e-05,2
2023-04-29,3,0.0,3.0,0.0,0.0,2.0649461299180984,0.0162496365956029,0.07877250284764156,4.452151279110694e-05,3
2023-04-30,0,,,,,0.0,0.0,0.0,0.0,0
2023-05-01,0,,,,,0.0,0.0,0.0,0.0,0
2023-05-02,0,,,,,0.0,0.0,0.0,0.0,0
2023-05-03,6,0.0,5.0,0.0,1.0,1.943288056212623,0.00012532114305940922,0.014532914798109992,9.334432525065495e-05,5
2023-05-04,0,,,,,0.0,0.0,0.0,0.0,0
2023-05-05,2,0.0,2.0,0.0,0.0,1.693196415901184,4.895325764664449e-05,5.201922613196074e-05,3.6390876630321145e-05,2
2023-05-06,0,,,,,0.0,0.0,0.0,0.0,0
2023-05-07,0,,,,,0.0,0.0,0.0,0.0,0
2023-05-08,3,0.0,2.0,1.0,0.0,0.00017432860113331117,4.567651831166586e-05,8.810860344965477e-05,0.9649012720283281,2
2023-05-09,0,,,,,0.0,0.0,0.0,0.0,0
2023-05-10,6,2.0,1.0,1.0,2.0,0.016520304685400194,1.8824045903202204,0.9327731321736791,0.13215630008380685,5
2023-05-11,5,0.0,4.0,0.0,1.0,2.988291438210581,0.00011717093002516776,0.00013782507994619664,8.71260936037288e-05,5
2023-05-12,5,0.0,4.0,0.0,1.0,3.880605715210549,0.00014362284855451435,0.002786330258459178,0.0001277830224353238,5
2023-05-13,2,1.0,0.0,1.0,0.0,0.05516178507969008,3.528702745825285e-05,4.3419868234195746e-05,0.9565386643607781,2
2023-05-14,0,,,,,0.0,0.0,0.0,0.0,0
2023-05-15,2,0.0,2.0,0.0,0.0,1.990453839302063,4.942821215081494e-05,8.21877947601024e-05,3.4819408028852195e-05,2
2023-05-16,4,0.0,1.0,0.0,3.0,0.0029417935202217214,9.094800589082297e-05,0.9768555090940934,5.6871427659643814e-05,4
2023-05-17,4,0.0,4.0,0.0,0.0,0.017295924604695645,6.682555249426514e-05,0.004642619795049452,5.352989046514267e-05,2
2023-05-18,5,0.0,1.0,0.0,4.0,0.041646470979685435,9.338676682091318e-05,0.9142936266071048,6.866441981401294e-05,5
2023-05-19,16,3.0,5.0,0.0,8.0,0.02888483885271844,0.9668348539862563,2.1524239978007245,0.00022624695066042477,10
2023-05-20,0,,,,,0.0,0.0,0.0,0.0,0
2023-05-21,0,,,,,0.0,0.0,0.0,0.0,0
2023-05-22,5,0.0,3.0,0.0,2.0,0.9967644603020742,9.505637535767165e-05,0.8525813645064773,7.328528863581596e-05,4
2023-05-23,2,0.0,0.0,0.0,2.0,0.04140350366469647,3.6389619708643295e-05,0.9050348445816782,2.660660356923472e-05,2
2023-05-24,0,,,,,0.0,0.0,0.0,0.0,0
2023-05-25,2,1.0,1.0,0.0,0.0,0.00012592911662067773,3.5821261917590164e-05,3.419417225813959e-05,2.8896741241624113e-05,2
2023-05-26,1,0.0,0.0,0.0,1.0,1.8273953173775222e-05,1.8260096112499014e-05,3.928392834495753e-05,1.3871168448531536e-05,1
2023-05-27,1,0.0,1.0,0.0,0.0,0.0032540669199079,2.3351689378614537e-05,2.252603735541925e-05,1.965952651517e-05,1
2023-05-28,0,,,,,0.0,0.0,0.0,0.0,0
2023-05-29,13,2.0,5.0,3.0,3.0,3.875047765141062,0.0004509511245486572,0.0150031451439643,0.3638793799191261,5
2023-05-30,4,1.0,1.0,0.0,2.0,0.047736510288814225,7.29394996596966e-05,1.769384224582609,5.2993319513916504e-05,4
2023-05-31,2,0.0,2.0,0.0,0.0,0.7985126505955122,5.188983050175011e-05,5.1005457862629555e-05,3.563071641110582e-05,2
2023-06-01,6,0.0,2.0,0.0,4.0,0.9571246431742111,0.00014311642553366255,0.005431193099866439,8.021759367693448e-05,6
2023-06-02,5,1.0,2.0,0.0,2.0,0.04674837903439753,0.945142835673323,1.8823220119757027,6.344168559735408e-05,4
2023-06-03,2,1.0,1.0,0.0,0.0,0.9515349974171842,5.5249383876798674e-05,4.088833702553529e-05,3.352764360897709e-05,2
2023-06-04,0,,,,,0.0,0.0,0.0,0.0,0
2023-06-05,1,0.0,0.0,0.0,1.0,0.0017233282560482,2.1692754671676084e-05,0.9838734269142152,1.4086588635109363e-05,1
2023-06-06,8,1.0,6.0,0.0,1.0,2.924316511483994,0.000807704233920802,0.8601927491154128,0.00010764604849100579,8
2023-06-07,5,0.0,3.0,1.0,1.0,1.99723359566633,0.0001007984083116753,0.012307395858442717,0.19527143145751316,5
2023-06-08,3,1.0,1.0,1.0,0.0,0.0024110818194457,0.9477711736381025,0.0007998725668584483,0.0012063916756233034,3
2023-06-09,1,0.0,1.0,0.0,0.0,2.6608666303218342e-05,1.6079995475593023e-05,1.4761052625544837e-05,1.3932737601862756e-05,0
2023-06-10,2,1.0,0.0,1.0,0.0,0.0013004842621739147,0.9269511956954374,5.670843711413909e-05,0.00030596547640008,1
2023-06-11,0,,,,,0.0,0.0,0.0,0.0,0
2023-06-12,4,0.0,3.0,0.0,1.0,0.9750597428064792,7.478402403648943e-05,0.8525385412540345,5.467609389597783e-05,4
2023-06-13,6,1.0,3.0,0.0,2.0,2.7213372341066133,0.947839602462409,1.843266973937716,8.882314159563975e-05,6
2023-06-14,4,0.0,4.0,0.0,0.0,3.9051451683044434,0.00010707994806580245,8.852356768329628e-05,0.003934541127819017,4
2023-06-15,9,0.0,5.0,1.0,3.0,3.9821834321628553,0.00047893490773271287,0.8432827033211651,0.02079079012673901,9
2023-06-16,3,0.0,1.0,1.0,1.0,0.8759343997298855,5.191175660002045e-05,0.9563109170794633,0.020685728682110414,2
2023-06-17,1,0.0,1.0,0.0,0.0,0.0001194539945572,1.5116183931240812e-05,1.3812175893690435e-05,1.4197840755514337e-05,1
2023-06-18,0,,,,,0.0,0.0,0.0,0.0,0
2023-06-19,5,0.0,3.0,1.0,1.0,0.0004737477538582504,9.886666248348774e-05,0.0015793480379215523,0.00035785421732720176,5
2023-06-20,6,0.0,4.0,0.0,2.0,0.9811069188326654,0.0003395293824723408,0.0021121106001372267,8.172183061105898e-05,6
2023-06-21,5,0.0,4.0,1.0,0.0,1.9844590958018669,0.0001168084691016702,0.00011385123980289791,0.03749615536708003,3
2023-06-22,2,1.0,1.0,0.0,0.0,0.0018728063878369837,0.9450757687354779,4.454156442079693e-05,2.5199909941875376e-05,2
2023-06-23,6,1.0,3.0,0.0,2.0,1.8822670653644307,0.9453028107891439,0.012896791313323646,8.735180290386779e-05,4
2023-06-24,4,0.0,3.0,0.0,1.0,2.9870349433367664,8.135626012517605e-05,0.012316176418607857,6.340298659779364e-05,4
2023-06-25,0,,,,,0.0,0.0,0.0,0.0,0
2023-06-26,1,0.0,0.0,1.0,0.0,0.0001678802946116,1.6690912161720917e-05,9.273098839912564e-05,0.0011760685592889,1
2023-06-27,2,0.0,1.0,1.0,0.0,0.9833516716025769,4.5822502215742134e-05,5.712854908779263e-05,0.043055539252236444,1
2023-06-28,0,,,,,0.0,0.0,0.0,0.0,0
2023-06-29,1,1.0,0.0,0.0,0.0,1.890560452011414e-05,2.0548633983707987e-05,2.010332536883652e-05,1.5067113054101355e-05,1
2023-06-30,0,,,,,0.0,0.0,0.0,0.0,0
2023-07-01,0,,,,,0.0,0.0,0.0,0.0,0
2023-07-02,0,,,,,0.0,0.0,0.0,0.0,0
2023-07-03,2,0.0,1.0,0.0,1.0,0.0004791947267221763,3.923161420971155e-05,0.00016874211723907236,2.855182356142905e-05,2
2023-07-04,3,0.0,2.0,0.0,1.0,0.9780544481636753,0.0002709871932893164,0.9326152845551404,4.068480666319374e-05,3
2023-07-05,2,0.0,2.0,0.0,0.0,0.01774554020084897,3.736145299626514e-05,3.300365642644465e-05,2.666292948561022e-05,2
2023-07-06,3,0.0,1.0,1.0,1.0,0.9965892232139595,6.01468582317466e-05,0.00013182560542190913,0.00033591629471624226,3
2023-07-07,1,0.0,1.0,0.0,0.0,2.1553159967879765e-05,1.771208735590335e-05,2.0721719920402396e-05,1.3809601114189718e-05,1
2023-07-08,2,0.0,1.0,0.0,1.0,0.9990214375211507,6.183262121339794e-05,0.9860769701790559,3.0538818464265205e-05,2
2023-07-09,0,,,,,0.0,0.0,0.0,0.0,0
2023-07-10,8,1.0,6.0,1.0,0.0,2.9876461347921577,0.9284906514385511,0.00017153125918412115,0.024460363139041742,7
2023-07-11,4,0.0,4.0,0.0,0.0,1.885463511251146,0.00011679516137519386,0.00012892666200059466,6.839490197307896e-05,3
2023-07-12,0,,,,,0.0,0.0,0.0,0.0,0
2023-07-13,5,0.0,4.0,0.0,1.0,2.919941309497517,0.0001178185957542155,0.8592413017177023,0.00012340399371169042,5
2023-07-14,2,0.0,1.0,0.0,1.0,0.9686680284794419,4.5424689233186655e-05,0.0066354604405204675,3.5502725950209424e-05,2
2023-07-15,1,0.0,0.0,0.0,1.0,0.0034579201601445,2.368816603848245e-05,0.00847979914397,1.4871148778183851e-05,1
2023-07-16,0,,,,,0.0,0.0,0.0,0.0,0
2023-07-17,6,0.0,5.0,0.0,1.0,2.9923771065841716,0.00013368483269005083,0.0358967279535136,0.0019924828275179546,6
2023-07-18,3,0.0,2.0,0.0,1.0,0.00014380926586454734,5.1637123760883696e-05,0.24459879838468618,4.0194518987846095e-05,3
2023-07-19,3,0.0,2.0,0.0,1.0,0.9969741978420642,6.355716504913289e-05,0.004144232845646862,4.257540604157839e-05,2
2023-07-20,5,1.0,4.0,0.0,0.0,1.9500154990691954,0.00010819776434800589,0.00021541371279454324,7.980912960192654e-05,5
2023-07-21,1,0.0,1.0,0.0,0.0,0.5448694825172424,3.738917803275399e-05,2.151087210222613e-05,2.0401010260684416e-05,1
2023-07-22,4,0.0,3.0,0.0,1.0,1.0978533537127078,0.0001213010818901239,0.9091487754431,6.141510129964445e-05,4
2023-07-23,0,,,,,0.0,0.0,0.0,0.0,0
2023-07-24,4,0.0,3.0,0.0,1.0,0.0020753375156345837,7.059719973767642e-05,0.24465243505073883,5.2773109018744435e-05,4
2023-07-25,5,0.0,3.0,0.0,2.0,1.0282522213201446,9.420744027011096e-05,0.9640128936625842,6.886953360663028e-05,4
2023-07-26,4,0.0,3.0,0.0,1.0,1.0102367654035331,8.763003097556066e-05,0.010560035916569017,5.7513655519869644e-05,4
2023-07-27,3,0.0,2.0,0.0,1.0,1.9965089570177952,7.247218309203163e-05,0.010328411959562687,4.419044762471458e-05,3
2023-07-28,1,0.0,1.0,0.0,0.0,0.3962758183479309,2.667228181962855e-05,4.746350532514043e-05,1.7773500076145865e-05,1
2023-07-29,3,0.0,3.0,0.0,0.0,1.105194516479969,0.00010677112368284725,6.430405483115464e-05,6.613369077967945e-05,3
2023-07-30,0,,,,,0.0,0.0,0.0,0.0,0
2023-07-31,4,0.0,4.0,0.0,0.0,0.0009321434572483767,7.782190186844673e-05,0.00010434268915560097,5.828174926136853e-05,4
2023-08-01,2,0.0,2.0,0.0,0.0,0.99926554294143,4.685750900534913e-05,3.5785451473202556e-05,0.006888378859002812,2
2023-08-02,0,,,,,0.0,0.0,0.0,0.0,0
2023-08-03,2,1.0,0.0,0.0,1.0,5.886363214813173e-05,3.47147597494768e-05,7.490275493182708e-05,2.9483714570233133e-05,2
2023-08-04,2,0.0,2.0,0.0,0.0,1.9965022802352905,5.98731294303434e-05,0.002763241032880605,2.8831547751906328e-05,2
2023-08-05,3,0.0,1.0,1.0,1.0,0.2870453492068917,6.719580233038869e-05,0.004967848910382539,0.004585445198244947,3
2023-08-06,0,,,,,0.0,0.0,0.0,0.0,0
2023-08-07,4,1.0,3.0,0.0,0.0,2.011580411344766,0.9347045334998256,0.009234044033291837,5.959526424703654e-05,4
2023-08-08,2,1.0,1.0,0.0,0.0,4.045875357405748e-05,3.82607013307279e-05,4.0825025280355476e-05,2.8876721444248687e-05,2
2023-08-09,3,0.0,3.0,0.0,0.0,0.9763190536614275,6.578074317076243e-05,0.003942611328966357,4.248379991622642e-05,3
2023-08-10,1,0.0,0.0,0.0,1.0,0.0047693387605249,2.208900514233392e-05,0.0111054154112935,1.5227097719616722e-05,1
2023-08-11,1,0.0,1.0,0.0,0.0,0.0177669748663902,1.945007716130931e-05,1.9457758753560483e-05,1.813951166695915e-05,0
2023-08-12,0,,,,,0.0,0.0,0.0,0.0,0
2023-08-13,0,,,,,0.0,0.0,0.0,0.0,0
2023-08-14,1,0.0,1.0,0.0,0.0,7.876803283579648e-05,1.548763975733891e-05,1.5769683159305714e-05,1.2458320270525292e-05,1
2023-08-15,0,,,,,0.0,0.0,0.0,0.0,0
2023-08-16,0,,,,,0.0,0.0,0.0,0.0,0
2023-08-17,0,,,,,0.0,0.0,0.0,0.0,0
2023-08-18,0,,,,,0.0,0.0,0.0,0.0,0
2023-08-19,0,,,,,0.0,0.0,0.0,0.0,0
2023-08-20,0,,,,,0.0,0.0,0.0,0.0,0
2023-08-21,0,,,,,0.0,0.0,0.0,0.0,0
2023-08-22,15,0.0,9.0,5.0,1.0,0.07339809258701212,0.0002511648490326479,0.5274623391796922,3.691946652594197,0
2023-08-23,1,0.0,1.0,0.0,0.0,1.799201163521502e-05,1.7673219190328382e-05,1.7440368537791073e-05,1.3306731489137746e-05,1
2023-08-24,0,,,,,0.0,0.0,0.0,0.0,0
2023-08-25,0,,,,,0.0,0.0,0.0,0.0,0
2023-08-26,0,,,,,0.0,0.0,0.0,0.0,0
2023-08-27,0,,,,,0.0,0.0,0.0,0.0,0
2023-08-28,2,0.0,2.0,0.0,0.0,1.9900238513946533,4.773451291839592e-05,6.638808736170176e-05,0.003158302435622228,2
2023-08-29,1,0.0,1.0,0.0,0.0,3.968195233028382e-05,1.646926648390945e-05,2.0610583305824548e-05,1.317798887612298e-05,1
2023-08-30,0,,,,,0.0,0.0,0.0,0.0,0
2023-08-31,0,,,,,0.0,0.0,0.0,0.0,0
2023-09-01,0,,,,,0.0,0.0,0.0,0.0,0
2023-09-02,0,,,,,0.0,0.0,0.0,0.0,0
2023-09-03,0,,,,,0.0,0.0,0.0,0.0,0
2023-09-04,1,0.0,1.0,0.0,0.0,1.799201163521502e-05,1.7673219190328382e-05,1.7440368537791073e-05,1.3306731489137746e-05,1
2023-09-05,2,0.0,2.0,0.0,0.0,1.9885726571083069,7.603865924465936e-05,5.1149268983863294e-05,3.373677645868156e-05,2
2023-09-06,4,0.0,2.0,2.0,0.0,0.008031592027691485,0.00010964696775772609,0.00012085804883099627,0.7820605908391371,2
2023-09-07,2,0.0,2.0,0.0,0.0,0.9843194799032062,4.362891195341945e-05,4.774688204634004e-05,3.539836143318098e-05,2
2023-09-08,0,,,,,0.0,0.0,0.0,0.0,0
2023-09-09,0,,,,,0.0,0.0,0.0,0.0,0
2023-09-10,0,,,,,0.0,0.0,0.0,0.0,0
2023-09-11,14,0.0,4.0,2.0,8.0,0.11242074568235652,0.00966348363817813,4.825566787895696,0.0013356618947000026,1
2023-09-12,3,2.0,1.0,0.0,0.0,0.0001265857063117437,6.248858153412584e-05,6.24348067503888e-05,4.4557525143318344e-05,3
2023-09-13,3,0.0,2.0,0.0,1.0,1.019968825392425,7.368647675320972e-05,0.8569928090964822,5.963714647805318e-05,3
2023-09-14,3,0.0,2.0,1.0,0.0,0.9786276499435187,5.630926170852035e-05,9.987403427658137e-05,0.2816383014842358,3
2023-09-15,4,0.0,3.0,1.0,0.0,1.999145211681025,7.139639455999713e-05,9.724634946906008e-05,0.027527218750037715,3
2023-09-16,0,,,,,0.0,0.0,0.0,0.0,0
2023-09-17,0,,,,,0.0,0.0,0.0,0.0,0
2023-09-18,1,0.0,1.0,0.0,0.0,0.9969910383224488,1.9848466763505712e-05,2.938954276032746e-05,1.6665655493852682e-05,1
2023-09-19,5,0.0,5.0,0.0,0.0,1.6215538649812515,0.000353034363797633,0.0009658237922847126,6.992109138082014e-05,4
2023-09-20,7,0.0,6.0,0.0,1.0,3.6924911150708795,0.0002695672264962923,0.9487222703064615,0.00010274389296682784,7
2023-09-21,3,1.0,2.0,0.0,0.0,0.9965037056608708,6.627168113482185e-05,0.0019182453797839053,4.198974147584522e-05,2
2023-09-22,4,1.0,1.0,1.0,1.0,0.9859320593004669,7.355989237112226e-05,0.00016249871805484872,0.00019400914789000353,4
2023-09-23,5,0.0,3.0,1.0,1.0,0.9989433370865299,0.00015212259859254118,0.001215706799484814,0.0018203545714640889,5
2023-09-24,0,,,,,0.0,0.0,0.0,0.0,0
2023-09-25,7,0.0,1.0,0.0,6.0,0.051437886851999716,0.00011089709914813284,2.711519169699386,0.0019739024710360422,7
2023-09-26,5,0.0,5.0,0.0,0.0,2.989693215342413,0.026511681049669184,0.0016505355106344838,7.376360463240417e-05,4
2023-09-27,3,0.0,1.0,0.0,2.0,0.0119249945273621,0.0016775348503869887,1.0518051607086818,4.165980499237776e-05,2
2023-09-28,4,0.0,3.0,1.0,0.0,1.0017905341519509,0.00015434674605785403,0.00010687398753361776,0.005009274446820052,3
2023-09-29,1,0.0,0.0,0.0,1.0,2.303385190316476e-05,1.3916954230808187e-05,0.0122260572388768,1.2334457096585538e-05,1
2023-09-30,2,2.0,0.0,0.0,0.0,3.7811205402249464e-05,4.109720975975506e-05,4.020665073767304e-05,3.013424066011794e-05,2
2023-10-01,0,,,,,0.0,0.0,0.0,0.0,0
2023-10-02,0,,,,,0.0,0.0,0.0,0.0,0
2023-10-03,1,0.0,0.0,0.0,1.0,0.0023169838823378,1.8073404135066085e-05,0.9597659707069396,1.2455372598196846e-05,1
2023-10-04,6,0.0,6.0,0.0,0.0,2.986982318547234,0.00012304949086683337,0.00013109296924085356,8.825617169350153e-05,5
2023-10-05,4,0.0,2.0,0.0,2.0,0.9961772124406707,7.800037019478623e-05,1.8189834536606213,5.379528920457233e-05,4
2023-10-06,5,0.0,5.0,0.0,0.0,3.970405933097936,0.00011675995665427763,0.00012902605885756202,8.227783837355673e-05,5
2023-10-07,1,0.0,0.0,1.0,0.0,9.43126215133816e-05,1.5530265955021605e-05,4.158557567279786e-05,0.0003034346736967,1
2023-10-08,0,,,,,0.0,0.0,0.0,0.0,0
2023-10-09,2,0.0,1.0,1.0,0.0,0.0002174141118302504,4.235229243931826e-05,4.0486313082510605e-05,0.0001639649162825017,1
2023-10-10,5,0.0,4.0,1.0,0.0,1.9972521788149606,0.00010595470848784316,0.00010173111149924807,0.054742330146837,5
2023-10-11,1,0.0,1.0,0.0,0.0,0.1107747480273246,1.5725621778983623e-05,1.6582407624810003e-05,1.2490506378526334e-05,1
2023-10-12,0,,,,,0.0,0.0,0.0,0.0,0
2023-10-13,2,0.0,2.0,0.0,0.0,1.9369442462921143,5.935533044976182e-05,5.738169602409471e-05,0.00011978817383351269,2
2023-10-14,2,0.0,0.0,2.0,0.0,3.2157429814105853e-05,3.0356614843185525e-05,0.008457988113150334,0.4031671883822127,0
2023-10-15,0,,,,,0.0,0.0,0.0,0.0,0
2023-10-16,3,1.0,1.0,0.0,1.0,0.9970632655313239,5.577157389780041e-05,0.0037941823029540777,4.96270240546437e-05,3
2023-10-17,1,0.0,1.0,0.0,0.0,0.0018920447910204,0.0001056036926456,1.9014381905435584e-05,1.422536024620058e-05,0
2023-10-18,4,1.0,2.0,0.0,1.0,0.0030854735105093727,0.9269852708748657,0.00010935357477137586,5.897782557440223e-05,2
2023-10-19,4,1.0,2.0,0.0,1.0,0.02155183283321084,7.652941894775722e-05,0.9108275999315083,5.869283450010698e-05,4
2023-10-20,6,0.0,4.0,0.0,2.0,1.9939080183230544,0.00014254219968279358,0.008978275223853232,0.0006052891267245185,5
2023-10-21,2,0.0,1.0,0.0,1.0,0.00036735257890536146,3.600605305109639e-05,0.004027876993859462,0.0005468009740070202,2
2023-10-22,0,,,,,0.0,0.0,0.0,0.0,0
2023-10-23,8,0.0,6.0,0.0,2.0,2.9861268737076894,0.00016128644165291917,0.9582966794314416,0.00011774615632020868,4
2023-10-24,1,0.0,1.0,0.0,0.0,7.87678436608985e-05,1.5487632481381297e-05,1.5769697711220942e-05,1.2458320270525292e-05,1
2023-10-25,3,0.0,2.0,0.0,1.0,0.9663435524889792,5.480992240336491e-05,0.001872465420092279,4.666991844715085e-05,3
2023-10-26,4,1.0,0.0,0.0,3.0,0.0036284688903832196,0.9477848441201786,1.882564239625935,7.743932019366184e-05,4
2023-10-27,3,0.0,2.0,0.0,1.0,0.00023675669217480092,5.4139135500008706e-05,8.76212288858369e-05,4.107118638785323e-05,2
2023-10-28,1,0.0,1.0,0.0,0.0,0.981225848197937,2.7480024073156528e-05,3.3902935683727264e-05,1.5744122720207088e-05,1
2023-10-29,0,,,,,0.0,0.0,0.0,0.0,0
2023-10-30,2,0.0,1.0,0.0,1.0,0.0032551953918299003,9.529240742267575e-05,0.8525806987672695,3.1051341466081794e-05,1
2023-10-31,4,1.0,1.0,0.0,2.0,0.019734729066840307,7.712340448051691e-05,0.9108452173240947,5.525902724912157e-05,4
2023-11-01,0,,,,,0.0,0.0,0.0,0.0,0
2023-11-02,1,0.0,0.0,0.0,1.0,1.8273953173775222e-05,1.8260096112499014e-05,3.928392834495753e-05,1.3871168448531536e-05,1
2023-11-03,2,0.0,1.0,0.0,1.0,0.01983273135920163,4.045826426590793e-05,0.9543685276585167,2.7374237106414512e-05,2
2023-11-04,0,,,,,0.0,0.0,0.0,0.0,0
2023-11-05,0,,,,,0.0,0.0,0.0,0.0,0
2023-11-06,8,0.0,6.0,0.0,2.0,5.940127632567965,0.0004850481345782542,0.9327057803238857,0.00012198370131955016,8
2023-11-07,4,0.0,2.0,0.0,2.0,0.012128375663450958,7.352561078732833e-05,0.8660374837600102,5.193610104470281e-05,4
2023-11-08,4,0.0,4.0,0.0,0.0,3.930543303489685,0.0001347397337667644,7.781333806633484e-05,6.986031257838476e-05,4
2023-11-09,1,0.0,1.0,0.0,0.0,0.9978786706924438,2.019179373746738e-05,1.554775190015789e-05,1.5187159078777768e-05,1
2023-11-10,1,1.0,0.0,0.0,0.0,1.890559360617772e-05,2.0548613974824548e-05,2.0103305359953083e-05,1.506712033005897e-05,1
2023-11-11,2,0.0,2.0,0.0,0.0,5.3217409003991634e-05,3.2160005503101274e-05,2.9522076147259216e-05,2.7865527954418212e-05,0
2023-11-12,0,,,,,0.0,0.0,0.0,0.0,0
2023-11-13,3,1.0,2.0,0.0,0.0,1.9913567512994632,0.9440169620338565,7.278456723724958e-05,0.002769891716525225,2
2023-11-14,1,0.0,1.0,0.0,0.0,5.900644464418292e-05,1.4494083188765217e-05,1.353296192974085e-05,1.2382241948216688e-05,1
2023-11-15,3,0.0,3.0,0.0,0.0,0.04261511283402786,0.00023723238518868578,0.003829395149296032,4.106334381503984e-05,2
2023-11-16,1,0.0,0.0,0.0,1.0,6.0377813497325405e-05,1.9262321075075303e-05,0.0002332014410058,1.3345416846277658e-05,1
2023-11-17,1,1.0,0.0,0.0,0.0,0.0017403207020834,0.934604287147522,1.8498263671062887e-05,1.2216961295052895e-05,1
2023-11-18,1,0.0,0.0,0.0,1.0,0.0221045222133398,1.5976725990185514e-05,0.9099206328392028,1.2319462257437408e-05,1
2023-11-19,0,,,,,0.0,0.0,0.0,0.0,0
2023-11-20,6,0.0,4.0,0.0,2.0,0.06007795345976749,0.00011218720646866132,1.8750804786777735,8.16739302536007e-05,4
2023-11-21,4,0.0,3.0,0.0,1.0,0.010111262550708398,9.417820365342777e-05,0.8592120143875945,6.088090958655812e-05,2
2023-11-22,3,1.0,2.0,0.0,0.0,1.9896576513874606,6.685553307761438e-05,0.0001022985452436842,4.850977893511299e-05,3
2023-11-23,4,0.0,4.0,0.0,0.0,3.8325964212417607,6.966232831473462e-05,0.0180554925464093,6.024106914992444e-05,4
2023-11-24,3,0.0,1.0,0.0,2.0,0.9991264453328769,0.0028244464292583667,0.9682441213954006,4.160898242844269e-05,3
2023-11-25,8,0.0,5.0,2.0,1.0,4.042097005965843,0.035606144463599734,0.005189975778193836,0.04651210993961279,4
2023-11-26,0,,,,,0.0,0.0,0.0,0.0,0
2023-11-27,7,1.0,3.0,1.0,2.0,0.05533925759846161,0.00018693363381316885,1.8565084151923659,0.0002157678827642918,4
2023-11-28,17,1.0,10.0,1.0,5.0,0.8507897105937443,0.0688776667429918,1.862379890117154,0.013294359759129248,8
2023-11-29,6,2.0,1.0,2.0,1.0,0.09973736733081734,0.9451502637093654,0.9051721083415033,0.06866252122199498,4
2023-11-30,5,0.0,1.0,2.0,2.0,0.00017600825776753481,8.657670514367055e-05,0.0011226095903111438,1.1065965708476142,1
2023-12-01,18,0.0,15.0,2.0,1.0,4.718888436017551,0.000341566335009702,0.0008876117890395003,0.0022152938227008624,14
2023-12-02,11,0.0,6.0,0.0,5.0,1.9912394885632239,0.000219681402995775,1.8844007298393985,0.00016156626588781364,8
2023-12-03,0,,,,,0.0,0.0,0.0,0.0,0
2023-12-04,23,8.0,7.0,3.0,5.0,2.048084678679515,1.5849530662026152,1.9548367826182584,0.793986254041556,8
2023-12-05,8,0.0,3.0,4.0,1.0,1.0151655155041224,0.00014043458122614538,0.0004028638268209761,2.816202717755914,3
2023-12-06,1,0.0,1.0,0.0,0.0,0.9941003918647766,1.9096465621259995e-05,2.835662053257693e-05,1.541366509627551e-05,1
2023-12-07,16,0.0,8.0,3.0,5.0,0.582103253111199,0.02349154376497599,2.2256047970313375,0.9178504618066653,6
2023-12-08,0,,,,,0.0,0.0,0.0,0.0,0
2023-12-09,0,,,,,0.0,0.0,0.0,0.0,0
2023-12-10,0,,,,,0.0,0.0,0.0,0.0,0
2023-12-11,6,4.0,2.0,0.0,0.0,0.993547871650662,1.9659872144547987,0.0001431768851034576,8.364436325791758e-05,2
2023-12-12,1,0.0,1.0,0.0,0.0,0.9869898557662964,2.3302327463170517e-05,4.617479135049507e-05,1.7166203178931028e-05,1
2023-12-13,0,,,,,0.0,0.0,0.0,0.0,0
2023-12-14,3,1.0,1.0,0.0,1.0,0.00013089596723148134,5.677888293575961e-05,0.9135341602723202,4.2742433834064286e-05,3
2023-12-15,0,,,,,0.0,0.0,0.0,0.0,0
2023-12-16,3,0.0,3.0,0.0,0.0,0.9800996691410546,5.951082312094513e-05,5.851807873114012e-05,4.156864724791376e-05,2
2023-12-17,0,,,,,0.0,0.0,0.0,0.0,0
2023-12-18,6,0.0,6.0,0.0,0.0,4.972118278885318,0.00013159978880139533,0.00018287961756868754,9.476831928623142e-05,5
2023-12-19,10,0.0,8.0,0.0,2.0,5.1045336251554545,0.00023395589960273355,0.00028372686028887983,0.0001589747671459918,10
2023-12-20,4,0.0,3.0,0.0,1.0,2.9668394823092967,8.390400762436911e-05,0.004718980724646761,6.710081561323022e-05,4
2023-12-21,7,0.0,7.0,0.0,0.0,4.025105253895163,0.0001589555404279963,0.00016973280162346782,0.005141205105246613,7
2023-12-22,5,0.0,3.0,0.0,2.0,0.0499894157619564,8.371689818886807e-05,0.02732797400676634,6.748346459062304e-05,5
2023-12-23,5,0.0,3.0,1.0,1.0,1.996859706203395,8.828639147395734e-05,0.010638767507771213,0.0030983939341239115,4
2023-12-24,0,,,,,0.0,0.0,0.0,0.0,0
2023-12-25,0,,,,,0.0,0.0,0.0,0.0,0
2023-12-26,7,1.0,4.0,1.0,1.0,1.997327583401784,0.9510996557819451,0.9607410539811098,0.0003848229707727633,6
2023-12-27,14,0.0,12.0,1.0,1.0,2.1116175570987252,0.0004589941545417649,0.9643713067325732,0.0019661960386655607,14
2023-12-28,2,0.0,1.0,1.0,0.0,0.9993713715230115,4.2831128666875884e-05,5.816363409394398e-05,0.366023949580267,1
2023-12-29,7,0.0,3.0,0.0,4.0,2.41879521525334,0.00017314093202003278,1.7736938371817814,0.00011050908778997837,7
2023-12-30,3,0.0,2.0,1.0,0.0,1.9550470192334615,6.193544231791748e-05,0.00010633558486006223,0.18118518342453171,3
2023-12-31,0,,,,,0.0,0.0,0.0,0.0,0
2024-01-01,5,1.0,2.0,0.0,2.0,1.8646883095771045,0.0026318647796869537,0.0003124002796539203,9.25893855310278e-05,5
2024-01-02,0,,,,,0.0,0.0,0.0,0.0,0
2024-01-03,0,,,,,0.0,0.0,0.0,0.0,0
2024-01-04,2,0.0,2.0,0.0,0.0,0.00015734591579530177,4.587555304169655e-05,5.980969035590533e-05,2.9387921131274197e-05,1
2024-01-05,0,,,,,0.0,0.0,0.0,0.0,0
2024-01-06,0,,,,,0.0,0.0,0.0,0.0,0
2024-01-07,0,,,,,0.0,0.0,0.0,0.0,0
2024-01-08,0,,,,,0.0,0.0,0.0,0.0,0
2024-01-09,0,,,,,0.0,0.0,0.0,0.0,0
2024-01-10,0,,,,,0.0,0.0,0.0,0.0,0
2024-01-11,2,0.0,0.0,0.0,2.0,0.009626605933590255,3.248109260312049e-05,0.859204017338925,2.702636720641749e-05,2
2024-01-12,1,0.0,0.0,1.0,0.0,0.0012452198425307,1.5685141988797113e-05,1.9211523976991884e-05,0.0111304773017764,1
2024-01-13,1,0.0,0.0,0.0,1.0,1.482404059061082e-05,1.701405199128203e-05,7.006543455645442e-05,1.3729179954680149e-05,1
2024-01-14,0,,,,,0.0,0.0,0.0,0.0,0
2024-01-15,5,1.0,3.0,0.0,1.0,0.0002406611147307386,9.775479884410743e-05,0.012309402765822515,7.097780326148495e-05,4
2024-01-16,1,0.0,0.0,1.0,0.0,0.0008813569438643,1.483215055486653e-05,2.178354225179646e-05,0.0452482849359512,1
2024-01-17,5,0.0,2.0,0.0,3.0,0.9983650901540387,0.00010542040217842441,0.0009982827941712106,7.12818246029201e-05,4
2024-01-18,4,2.0,2.0,0.0,0.0,0.00014548792751156725,8.030505887290929e-05,7.777292194077745e-05,5.800378949061269e-05,3
2024-01-19,5,0.0,3.0,0.0,2.0,1.231245050448706,0.00011809405441454147,0.1572939456800667,0.021257678156871337,3
2024-01-20,2,0.0,2.0,0.0,0.0,0.9866661452688278,5.913617496844381e-05,4.664852713176515e-05,4.542218812275678e-05,2
2024-01-21,0,,,,,0.0,0.0,0.0,0.0,0
2024-01-22,6,0.0,6.0,0.0,0.0,1.10877324260764,0.00012158682329754811,0.00019183385484211612,8.133308710966958e-05,5
2024-01-23,1,0.0,1.0,0.0,0.0,3.932097752112895e-05,1.9007969967788085e-05,1.932614213728812e-05,1.4771021596970968e-05,0
2024-01-24,6,0.0,5.0,0.0,1.0,2.935017377789336,0.0001861184173321817,0.00012582604176714085,9.333442085335264e-05,5
2024-01-25,6,0.0,4.0,1.0,1.0,1.7505963485746177,0.00014625532458012458,0.028035024115524627,0.045325577149014855,5
2024-01-26,5,0.0,3.0,0.0,2.0,0.9862866900984953,0.00014520513468596619,0.003314180197776256,7.229315087897703e-05,1
2024-01-27,8,1.0,4.0,2.0,1.0,1.0400781333601117,0.06401983898467725,0.003194060433997905,0.0050700741858236064,3
2024-01-28,0,,,,,0.0,0.0,0.0,0.0,0
2024-01-29,6,1.0,3.0,0.0,2.0,1.0103970295076576,0.8267170290082504,1.9028729703913994,0.00010910753189818934,2
2024-01-30,5,2.0,0.0,0.0,3.0,0.03996697332149776,0.06968670656169706,0.038781232025939937,7.130124231480295e-05,0
